anio;mes;id_local;dia_semana;hora;cantidad
2026;1;L003;1;8;8
2026;1;L003;1;9;33
2026;1;L003;1;10;17
2026;1;L003;1;11;24
2026;1;L003;1;12;26
2026;1;L003;1;13;24
2026;1;L003;1;14;12
2026;1;L003;1;15;17
2026;1;L003;1;16;20
2026;1;L003;1;17;22
2026;1;L003;1;18;18
2026;1;L003;1;19;21
2026;1;L003;1;20;11
2026;1;L003;1;21;3
2026;1;L003;2;8;7
2026;1;L003;2;9;13
2026;1;L003;2;10;23
2026;1;L003;2;11;24
2026;1;L003;2;12;36
2026;1;L003;2;13;32
2026;1;L003;2;14;9
2026;1;L003;2;15;18
2026;1;L003;2;16;34
2026;1;L003;2;17;30
2026;1;L003;2;18;24
2026;1;L003;2;19;20
2026;1;L003;2;20;9
2026;1;L003;2;21;4
2026;1;L003;3;8;6
2026;1;L003;3;9;19
2026;1;L003;3;10;17
2026;1;L003;3;11;30
2026;1;L003;3;12;21
2026;1;L003;3;13;27
2026;1;L003;3;14;13
2026;1;L003;3;15;13
2026;1;L003;3;16;29
2026;1;L003;3;17;28
2026;1;L003;3;18;37
2026;1;L003;3;19;15
2026;1;L003;3;20;7
2026;1;L003;3;21;4
2026;1;L003;4;8;7
2026;1;L003;4;9;12
2026;1;L003;4;10;25
2026;1;L003;4;11;22
2026;1;L003;4;12;30
2026;1;L003;4;13;23
2026;1;L003;4;14;7
2026;1;L003;4;15;16
2026;1;L003;4;16;24
2026;1;L003;4;17;29
2026;1;L003;4;18;28
2026;1;L003;4;19;20
2026;1;L003;4;20;10
2026;1;L003;4;21;4
2026;1;L003;5;8;11
2026;1;L003;5;9;25
2026;1;L003;5;10;27
2026;1;L003;5;11;19
2026;1;L003;5;12;34
2026;1;L003;5;13;22
2026;1;L003;5;14;12
2026;1;L003;5;15;15
2026;1;L003;5;16;15
2026;1;L003;5;17;30
2026;1;L003;5;18;28
2026;1;L003;5;19;19
2026;1;L003;5;20;12
2026;1;L003;5;21;3
2026;1;L003;6;8;3
2026;1;L003;6;9;7
2026;1;L003;6;10;10
2026;1;L003;6;11;10
2026;1;L003;6;12;8
2026;1;L003;6;13;8
2026;1;L003;6;14;4
2026;1;L003;6;15;6
2026;1;L003;6;16;8
2026;1;L003;6;17;9
2026;1;L003;6;18;11
2026;1;L003;6;19;13
2026;1;L003;6;20;3
2026;1;L003;6;21;1
2026;1;L003;7;8;1
2026;1;L003;7;9;1
2026;1;L003;7;10;1
2026;1;L003;7;11;1
2026;1;L003;7;12;1
2026;1;L003;7;13;1
2026;1;L003;7;14;1
2026;1;L003;7;15;1
2026;1;L003;7;16;1
2026;1;L003;7;17;1
2026;1;L003;7;18;1
2026;1;L003;7;19;1
2026;1;L003;7;20;1
2026;2;L003;1;8;9
2026;2;L003;1;9;23
2026;2;L003;1;10;23
2026;2;L003;1;11;23
2026;2;L003;1;12;34
2026;2;L003;1;13;18
2026;2;L003;1;14;10
2026;2;L003;1;15;18
2026;2;L003;1;16;18
2026;2;L003;1;17;29
2026;2;L003;1;18;22
2026;2;L003;1;19;19
2026;2;L003;1;20;10
2026;2;L003;1;21;3
2026;2;L003;2;8;8
2026;2;L003;2;9;19
2026;2;L003;2;10;39
2026;2;L003;2;11;23
2026;2;L003;2;12;20
2026;2;L003;2;13;15
2026;2;L003;2;14;9
2026;2;L003;2;15;11
2026;2;L003;2;16;21
2026;2;L003;2;17;24
2026;2;L003;2;18;23
2026;2;L003;2;19;13
2026;2;L003;2;20;9
2026;2;L003;2;21;3
2026;2;L003;3;8;9
2026;2;L003;3;9;10
2026;2;L003;3;10;21
2026;2;L003;3;11;19
2026;2;L003;3;12;23
2026;2;L003;3;13;17
2026;2;L003;3;14;13
2026;2;L003;3;15;14
2026;2;L003;3;16;33
2026;2;L003;3;17;13
2026;2;L003;3;18;26
2026;2;L003;3;19;21
2026;2;L003;3;20;10
2026;2;L003;3;21;4
2026;2;L003;4;8;8
2026;2;L003;4;9;25
2026;2;L003;4;10;29
2026;2;L003;4;11;29
2026;2;L003;4;12;20
2026;2;L003;4;13;24
2026;2;L003;4;14;11
2026;2;L003;4;15;13
2026;2;L003;4;16;24
2026;2;L003;4;17;27
2026;2;L003;4;18;17
2026;2;L003;4;19;17
2026;2;L003;4;20;8
2026;2;L003;4;21;4
2026;2;L003;5;8;11
2026;2;L003;5;9;16
2026;2;L003;5;10;22
2026;2;L003;5;11;30
2026;2;L003;5;12;37
2026;2;L003;5;13;49
2026;2;L003;5;14;15
2026;2;L003;5;15;13
2026;2;L003;5;16;30
2026;2;L003;5;17;37
2026;2;L003;5;18;26
2026;2;L003;5;19;24
2026;2;L003;5;20;6
2026;2;L003;5;21;3
2026;2;L003;6;8;4
2026;2;L003;6;9;9
2026;2;L003;6;10;14
2026;2;L003;6;11;10
2026;2;L003;6;12;7
2026;2;L003;6;13;6
2026;2;L003;6;14;4
2026;2;L003;6;15;4
2026;2;L003;6;16;10
2026;2;L003;6;17;8
2026;2;L003;6;18;8
2026;2;L003;6;19;7
2026;2;L003;6;20;3
2026;2;L003;6;21;2
2026;2;L003;7;9;1
2026;2;L003;7;10;1
2026;2;L003;7;11;1
2026;2;L003;7;12;1
2026;2;L003;7;13;1
2026;2;L003;7;14;1
2026;2;L003;7;15;1
2026;2;L003;7;16;1
2026;2;L003;7;17;1
2026;2;L003;7;18;1
2026;2;L003;7;19;1
2026;3;L003;1;8;15
2026;3;L003;1;9;15
2026;3;L003;1;10;35
2026;3;L003;1;11;34
2026;3;L003;1;12;37
2026;3;L003;1;13;24
2026;3;L003;1;14;8
2026;3;L003;1;15;17
2026;3;L003;1;16;25
2026;3;L003;1;17;25
2026;3;L003;1;18;42
2026;3;L003;1;19;18
2026;3;L003;1;20;10
2026;3;L003;1;21;4
2026;3;L003;2;8;13
2026;3;L003;2;9;15
2026;3;L003;2;10;32
2026;3;L003;2;11;42
2026;3;L003;2;12;16
2026;3;L003;2;13;25
2026;3;L003;2;14;14
2026;3;L003;2;15;22
2026;3;L003;2;16;26
2026;3;L003;2;17;34
2026;3;L003;2;18;34
2026;3;L003;2;19;13
2026;3;L003;2;20;6
2026;3;L003;2;21;3
2026;3;L003;3;8;10
2026;3;L003;3;9;20
2026;3;L003;3;10;28
2026;3;L003;3;11;34
2026;3;L003;3;12;18
2026;3;L003;3;13;16
2026;3;L003;3;14;13
2026;3;L003;3;15;17
2026;3;L003;3;16;17
2026;3;L003;3;17;43
2026;3;L003;3;18;31
2026;3;L003;3;19;25
2026;3;L003;3;20;10
2026;3;L003;3;21;4
2026;3;L003;4;8;13
2026;3;L003;4;9;16
2026;3;L003;4;10;36
2026;3;L003;4;11;22
2026;3;L003;4;12;29
2026;3;L003;4;13;15
2026;3;L003;4;14;12
2026;3;L003;4;15;18
2026;3;L003;4;16;19
2026;3;L003;4;17;26
2026;3;L003;4;18;28
2026;3;L003;4;19;19
2026;3;L003;4;20;12
2026;3;L003;4;21;5
2026;3;L003;5;8;10
2026;3;L003;5;9;20
2026;3;L003;5;10;36
2026;3;L003;5;11;35
2026;3;L003;5;12;26
2026;3;L003;5;13;14
2026;3;L003;5;14;22
2026;3;L003;5;15;19
2026;3;L003;5;16;24
2026;3;L003;5;17;42
2026;3;L003;5;18;27
2026;3;L003;5;19;24
2026;3;L003;5;20;8
2026;3;L003;5;21;3
2026;3;L003;6;8;5
2026;3;L003;6;9;9
2026;3;L003;6;10;14
2026;3;L003;6;11;13
2026;3;L003;6;12;16
2026;3;L003;6;13;8
2026;3;L003;6;14;6
2026;3;L003;6;15;10
2026;3;L003;6;16;10
2026;3;L003;6;17;15
2026;3;L003;6;18;10
2026;3;L003;6;19;13
2026;3;L003;6;20;5
2026;3;L003;6;21;2
2026;3;L003;7;8;1
2026;3;L003;7;9;1
2026;3;L003;7;10;1
2026;3;L003;7;11;2
2026;3;L003;7;12;2
2026;3;L003;7;13;1
2026;3;L003;7;14;1
2026;3;L003;7;15;1
2026;3;L003;7;16;1
2026;3;L003;7;17;1
2026;3;L003;7;18;2
2026;3;L003;7;19;1
2026;3;L003;7;20;1
2026;4;L003;1;8;6
2026;4;L003;1;9;27
2026;4;L003;1;10;30
2026;4;L003;1;11;31
2026;4;L003;1;12;30
2026;4;L003;1;13;29
2026;4;L003;1;14;18
2026;4;L003;1;15;20
2026;4;L003;1;16;41
2026;4;L003;1;17;18
2026;4;L003;1;18;30
2026;4;L003;1;19;22
2026;4;L003;1;20;5
2026;4;L003;1;21;4
2026;4;L003;2;8;7
2026;4;L003;2;9;19
2026;4;L003;2;10;29
2026;4;L003;2;11;19
2026;4;L003;2;12;42
2026;4;L003;2;13;27
2026;4;L003;2;14;12
2026;4;L003;2;15;16
2026;4;L003;2;16;23
2026;4;L003;2;17;22
2026;4;L003;2;18;39
2026;4;L003;2;19;23
2026;4;L003;2;20;15
2026;4;L003;2;21;3
2026;4;L003;3;8;15
2026;4;L003;3;9;26
2026;4;L003;3;10;24
2026;4;L003;3;11;32
2026;4;L003;3;12;33
2026;4;L003;3;13;16
2026;4;L003;3;14;12
2026;4;L003;3;15;20
2026;4;L003;3;16;39
2026;4;L003;3;17;30
2026;4;L003;3;18;29
2026;4;L003;3;19;17
2026;4;L003;3;20;7
2026;4;L003;3;21;4
2026;4;L003;4;8;6
2026;4;L003;4;9;30
2026;4;L003;4;10;22
2026;4;L003;4;11;33
2026;4;L003;4;12;22
2026;4;L003;4;13;14
2026;4;L003;4;14;16
2026;4;L003;4;15;11
2026;4;L003;4;16;20
2026;4;L003;4;17;45
2026;4;L003;4;18;40
2026;4;L003;4;19;13
2026;4;L003;4;20;10
2026;4;L003;4;21;3
2026;4;L003;5;8;15
2026;4;L003;5;9;21
2026;4;L003;5;10;31
2026;4;L003;5;11;39
2026;4;L003;5;12;15
2026;4;L003;5;13;23
2026;4;L003;5;14;11
2026;4;L003;5;15;21
2026;4;L003;5;16;25
2026;4;L003;5;17;17
2026;4;L003;5;18;29
2026;4;L003;5;19;33
2026;4;L003;5;20;15
2026;4;L003;5;21;3
2026;4;L003;6;8;3
2026;4;L003;6;9;5
2026;4;L003;6;10;13
2026;4;L003;6;11;14
2026;4;L003;6;12;11
2026;4;L003;6;13;11
2026;4;L003;6;14;5
2026;4;L003;6;15;7
2026;4;L003;6;16;10
2026;4;L003;6;17;12
2026;4;L003;6;18;10
2026;4;L003;6;19;7
2026;4;L003;6;20;3
2026;4;L003;6;21;2
2026;4;L003;7;8;1
2026;4;L003;7;9;1
2026;4;L003;7;10;1
2026;4;L003;7;11;1
2026;4;L003;7;12;1
2026;4;L003;7;13;1
2026;4;L003;7;14;1
2026;4;L003;7;15;1
2026;4;L003;7;16;1
2026;4;L003;7;17;1
2026;4;L003;7;18;1
2026;4;L003;7;19;1
2026;5;L003;1;8;10
2026;5;L003;1;9;19
2026;5;L003;1;10;37
2026;5;L003;1;11;26
2026;5;L003;1;12;41
2026;5;L003;1;13;28
2026;5;L003;1;14;12
2026;5;L003;1;15;28
2026;5;L003;1;16;30
2026;5;L003;1;17;27
2026;5;L003;1;18;25
2026;5;L003;1;19;29
2026;5;L003;1;20;10
2026;5;L003;1;21;3
2026;5;L003;2;8;9
2026;5;L003;2;9;23
2026;5;L003;2;10;34
2026;5;L003;2;11;29
2026;5;L003;2;12;16
2026;5;L003;2;13;22
2026;5;L003;2;14;21
2026;5;L003;2;15;23
2026;5;L003;2;16;37
2026;5;L003;2;17;34
2026;5;L003;2;18;25
2026;5;L003;2;19;25
2026;5;L003;2;20;11
2026;5;L003;2;21;5
2026;5;L003;3;8;12
2026;5;L003;3;9;29
2026;5;L003;3;10;31
2026;5;L003;3;11;38
2026;5;L003;3;12;31
2026;5;L003;3;13;17
2026;5;L003;3;14;16
2026;5;L003;3;15;16
2026;5;L003;3;16;48
2026;5;L003;3;17;24
2026;5;L003;3;18;35
2026;5;L003;3;19;16
2026;5;L003;3;20;7
2026;5;L003;3;21;5
2026;5;L003;4;8;11
2026;5;L003;4;9;30
2026;5;L003;4;10;31
2026;5;L003;4;11;20
2026;5;L003;4;12;19
2026;5;L003;4;13;18
2026;5;L003;4;14;20
2026;5;L003;4;15;15
2026;5;L003;4;16;34
2026;5;L003;4;17;17
2026;5;L003;4;18;15
2026;5;L003;4;19;33
2026;5;L003;4;20;15
2026;5;L003;4;21;5
2026;5;L003;5;8;13
2026;5;L003;5;9;26
2026;5;L003;5;10;36
2026;5;L003;5;11;40
2026;5;L003;5;12;42
2026;5;L003;5;13;32
2026;5;L003;5;14;13
2026;5;L003;5;15;20
2026;5;L003;5;16;36
2026;5;L003;5;17;38
2026;5;L003;5;18;38
2026;5;L003;5;19;24
2026;5;L003;5;20;12
2026;5;L003;5;21;3
2026;5;L003;6;8;5
2026;5;L003;6;9;9
2026;5;L003;6;10;13
2026;5;L003;6;11;11
2026;5;L003;6;12;12
2026;5;L003;6;13;7
2026;5;L003;6;14;6
2026;5;L003;6;15;10
2026;5;L003;6;16;16
2026;5;L003;6;17;13
2026;5;L003;6;18;14
2026;5;L003;6;19;8
2026;5;L003;6;20;5
2026;5;L003;6;21;1
2026;5;L003;7;8;1
2026;5;L003;7;9;1
2026;5;L003;7;10;1
2026;5;L003;7;11;1
2026;5;L003;7;12;1
2026;5;L003;7;13;1
2026;5;L003;7;14;1
2026;5;L003;7;15;1
2026;5;L003;7;16;1
2026;5;L003;7;17;1
2026;5;L003;7;18;2
2026;5;L003;7;19;1
2026;6;L003;1;8;13
2026;6;L003;1;9;21
2026;6;L003;1;10;27
2026;6;L003;1;11;22
2026;6;L003;1;12;29
2026;6;L003;1;13;21
2026;6;L003;1;14;10
2026;6;L003;1;15;20
2026;6;L003;1;16;47
2026;6;L003;1;17;32
2026;6;L003;1;18;29
2026;6;L003;1;19;21
2026;6;L003;1;20;10
2026;6;L003;1;21;4
2026;6;L003;2;8;9
2026;6;L003;2;9;17
2026;6;L003;2;10;50
2026;6;L003;2;11;38
2026;6;L003;2;12;25
2026;6;L003;2;13;19
2026;6;L003;2;14;10
2026;6;L003;2;15;16
2026;6;L003;2;16;23
2026;6;L003;2;17;23
2026;6;L003;2;18;26
2026;6;L003;2;19;23
2026;6;L003;2;20;13
2026;6;L003;2;21;6
2026;6;L003;3;8;12
2026;6;L003;3;9;19
2026;6;L003;3;10;25
2026;6;L003;3;11;32
2026;6;L003;3;12;30
2026;6;L003;3;13;21
2026;6;L003;3;14;26
2026;6;L003;3;15;15
2026;6;L003;3;16;30
2026;6;L003;3;17;29
2026;6;L003;3;18;17
2026;6;L003;3;19;28
2026;6;L003;3;20;8
2026;6;L003;3;21;3
2026;6;L003;4;8;8
2026;6;L003;4;9;17
2026;6;L003;4;10;21
2026;6;L003;4;11;18
2026;6;L003;4;12;29
2026;6;L003;4;13;25
2026;6;L003;4;14;20
2026;6;L003;4;15;23
2026;6;L003;4;16;20
2026;6;L003;4;17;20
2026;6;L003;4;18;22
2026;6;L003;4;19;23
2026;6;L003;4;20;10
2026;6;L003;4;21;5
2026;6;L003;5;8;13
2026;6;L003;5;9;23
2026;6;L003;5;10;27
2026;6;L003;5;11;35
2026;6;L003;5;12;31
2026;6;L003;5;13;20
2026;6;L003;5;14;14
2026;6;L003;5;15;17
2026;6;L003;5;16;30
2026;6;L003;5;17;40
2026;6;L003;5;18;49
2026;6;L003;5;19;18
2026;6;L003;5;20;8
2026;6;L003;5;21;4
2026;6;L003;6;8;6
2026;6;L003;6;9;8
2026;6;L003;6;10;15
2026;6;L003;6;11;10
2026;6;L003;6;12;15
2026;6;L003;6;13;9
2026;6;L003;6;14;9
2026;6;L003;6;15;7
2026;6;L003;6;16;11
2026;6;L003;6;17;13
2026;6;L003;6;18;12
2026;6;L003;6;19;5
2026;6;L003;6;20;3
2026;6;L003;6;21;2
2026;6;L003;7;8;1
2026;6;L003;7;9;2
2026;6;L003;7;10;2
2026;6;L003;7;11;2
2026;6;L003;7;12;2
2026;6;L003;7;13;1
2026;6;L003;7;14;1
2026;6;L003;7;15;1
2026;6;L003;7;16;1
2026;6;L003;7;17;1
2026;6;L003;7;18;1
2026;6;L003;7;19;1
2026;7;L003;1;8;8
2026;7;L003;1;9;23
2026;7;L003;1;10;28
2026;7;L003;1;11;20
2026;7;L003;1;12;38
2026;7;L003;1;13;24
2026;7;L003;1;14;16
2026;7;L003;1;15;29
2026;7;L003;1;16;20
2026;7;L003;1;17;27
2026;7;L003;1;18;25
2026;7;L003;1;19;34
2026;7;L003;1;20;12
2026;7;L003;1;21;4
2026;7;L003;2;8;13
2026;7;L003;2;9;18
2026;7;L003;2;10;21
2026;7;L003;2;11;29
2026;7;L003;2;12;32
2026;7;L003;2;13;29
2026;7;L003;2;14;12
2026;7;L003;2;15;24
2026;7;L003;2;16;29
2026;7;L003;2;17;26
2026;7;L003;2;18;27
2026;7;L003;2;19;18
2026;7;L003;2;20;9
2026;7;L003;2;21;4
2026;7;L003;3;8;16
2026;7;L003;3;9;16
2026;7;L003;3;10;26
2026;7;L003;3;11;31
2026;7;L003;3;12;34
2026;7;L003;3;13;22
2026;7;L003;3;14;10
2026;7;L003;3;15;18
2026;7;L003;3;16;38
2026;7;L003;3;17;28
2026;7;L003;3;18;46
2026;7;L003;3;19;13
2026;7;L003;3;20;11
2026;7;L003;3;21;5
2026;7;L003;4;8;11
2026;7;L003;4;9;22
2026;7;L003;4;10;35
2026;7;L003;4;11;29
2026;7;L003;4;12;38
2026;7;L003;4;13;25
2026;7;L003;4;14;14
2026;7;L003;4;15;13
2026;7;L003;4;16;33
2026;7;L003;4;17;31
2026;7;L003;4;18;49
2026;7;L003;4;19;37
2026;7;L003;4;20;9
2026;7;L003;4;21;3
2026;7;L003;5;8;14
2026;7;L003;5;9;24
2026;7;L003;5;10;30
2026;7;L003;5;11;28
2026;7;L003;5;12;46
2026;7;L003;5;13;38
2026;7;L003;5;14;14
2026;7;L003;5;15;29
2026;7;L003;5;16;23
2026;7;L003;5;17;34
2026;7;L003;5;18;28
2026;7;L003;5;19;32
2026;7;L003;5;20;11
2026;7;L003;5;21;4
2026;7;L003;6;8;5
2026;7;L003;6;9;10
2026;7;L003;6;10;16
2026;7;L003;6;11;21
2026;7;L003;6;12;17
2026;7;L003;6;13;9
2026;7;L003;6;14;10
2026;7;L003;6;15;7
2026;7;L003;6;16;11
2026;7;L003;6;17;14
2026;7;L003;6;18;9
2026;7;L003;6;19;11
2026;7;L003;6;20;3
2026;7;L003;6;21;1
2026;7;L003;7;8;1
2026;7;L003;7;9;2
2026;7;L003;7;10;1
2026;7;L003;7;11;2
2026;7;L003;7;12;2
2026;7;L003;7;13;1
2026;7;L003;7;14;1
2026;7;L003;7;15;1
2026;7;L003;7;16;2
2026;7;L003;7;17;2
2026;7;L003;7;18;1
2026;7;L003;7;19;1
2026;7;L003;7;20;1
2026;8;L003;1;8;10
2026;8;L003;1;9;26
2026;8;L003;1;10;25
2026;8;L003;1;11;24
2026;8;L003;1;12;30
2026;8;L003;1;13;26
2026;8;L003;1;14;11
2026;8;L003;1;15;21
2026;8;L003;1;16;27
2026;8;L003;1;17;29
2026;8;L003;1;18;36
2026;8;L003;1;19;23
2026;8;L003;1;20;11
2026;8;L003;1;21;3
2026;8;L003;2;8;8
2026;8;L003;2;9;20
2026;8;L003;2;10;32
2026;8;L003;2;11;34
2026;8;L003;2;12;34
2026;8;L003;2;13;19
2026;8;L003;2;14;13
2026;8;L003;2;15;11
2026;8;L003;2;16;26
2026;8;L003;2;17;20
2026;8;L003;2;18;27
2026;8;L003;2;19;19
2026;8;L003;2;20;11
2026;8;L003;2;21;4
2026;8;L003;3;8;10
2026;8;L003;3;9;17
2026;8;L003;3;10;27
2026;8;L003;3;11;24
2026;8;L003;3;12;35
2026;8;L003;3;13;41
2026;8;L003;3;14;11
2026;8;L003;3;15;14
2026;8;L003;3;16;36
2026;8;L003;3;17;30
2026;8;L003;3;18;38
2026;8;L003;3;19;22
2026;8;L003;3;20;12
2026;8;L003;3;21;4
2026;8;L003;4;8;15
2026;8;L003;4;9;13
2026;8;L003;4;10;24
2026;8;L003;4;11;40
2026;8;L003;4;12;20
2026;8;L003;4;13;25
2026;8;L003;4;14;14
2026;8;L003;4;15;18
2026;8;L003;4;16;28
2026;8;L003;4;17;28
2026;8;L003;4;18;30
2026;8;L003;4;19;21
2026;8;L003;4;20;13
2026;8;L003;4;21;3
2026;8;L003;5;8;12
2026;8;L003;5;9;24
2026;8;L003;5;10;43
2026;8;L003;5;11;37
2026;8;L003;5;12;19
2026;8;L003;5;13;19
2026;8;L003;5;14;20
2026;8;L003;5;15;27
2026;8;L003;5;16;33
2026;8;L003;5;17;24
2026;8;L003;5;18;34
2026;8;L003;5;19;23
2026;8;L003;5;20;7
2026;8;L003;5;21;2
2026;8;L003;6;8;6
2026;8;L003;6;9;15
2026;8;L003;6;10;15
2026;8;L003;6;11;9
2026;8;L003;6;12;14
2026;8;L003;6;13;12
2026;8;L003;6;14;5
2026;8;L003;6;15;8
2026;8;L003;6;16;13
2026;8;L003;6;17;8
2026;8;L003;6;18;12
2026;8;L003;6;19;9
2026;8;L003;6;20;4
2026;8;L003;6;21;1
2026;8;L003;7;8;1
2026;8;L003;7;9;1
2026;8;L003;7;10;2
2026;8;L003;7;11;1
2026;8;L003;7;12;2
2026;8;L003;7;13;1
2026;8;L003;7;14;1
2026;8;L003;7;15;1
2026;8;L003;7;16;2
2026;8;L003;7;17;2
2026;8;L003;7;18;1
2026;8;L003;7;19;1
2026;1;L007;1;8;3
2026;1;L007;1;9;10
2026;1;L007;1;10;11
2026;1;L007;1;11;10
2026;1;L007;1;12;9
2026;1;L007;1;13;11
2026;1;L007;1;14;7
2026;1;L007;1;15;6
2026;1;L007;1;16;15
2026;1;L007;1;17;12
2026;1;L007;1;18;15
2026;1;L007;1;19;15
2026;1;L007;1;20;3
2026;1;L007;1;21;1
2026;1;L007;2;8;4
2026;1;L007;2;9;5
2026;1;L007;2;10;8
2026;1;L007;2;11;16
2026;1;L007;2;12;9
2026;1;L007;2;13;7
2026;1;L007;2;14;4
2026;1;L007;2;15;8
2026;1;L007;2;16;12
2026;1;L007;2;17;14
2026;1;L007;2;18;11
2026;1;L007;2;19;8
2026;1;L007;2;20;5
2026;1;L007;2;21;1
2026;1;L007;3;8;6
2026;1;L007;3;9;7
2026;1;L007;3;10;15
2026;1;L007;3;11;9
2026;1;L007;3;12;9
2026;1;L007;3;13;7
2026;1;L007;3;14;5
2026;1;L007;3;15;8
2026;1;L007;3;16;13
2026;1;L007;3;17;7
2026;1;L007;3;18;12
2026;1;L007;3;19;8
2026;1;L007;3;20;7
2026;1;L007;3;21;1
2026;1;L007;4;8;3
2026;1;L007;4;9;8
2026;1;L007;4;10;13
2026;1;L007;4;11;13
2026;1;L007;4;12;8
2026;1;L007;4;13;10
2026;1;L007;4;14;4
2026;1;L007;4;15;5
2026;1;L007;4;16;11
2026;1;L007;4;17;11
2026;1;L007;4;18;11
2026;1;L007;4;19;9
2026;1;L007;4;20;4
2026;1;L007;4;21;2
2026;1;L007;5;8;3
2026;1;L007;5;9;9
2026;1;L007;5;10;10
2026;1;L007;5;11;9
2026;1;L007;5;12;13
2026;1;L007;5;13;12
2026;1;L007;5;14;8
2026;1;L007;5;15;8
2026;1;L007;5;16;12
2026;1;L007;5;17;12
2026;1;L007;5;18;15
2026;1;L007;5;19;7
2026;1;L007;5;20;4
2026;1;L007;5;21;1
2026;1;L007;6;8;1
2026;1;L007;6;9;4
2026;1;L007;6;10;4
2026;1;L007;6;11;5
2026;1;L007;6;12;5
2026;1;L007;6;13;4
2026;1;L007;6;14;3
2026;1;L007;6;15;2
2026;1;L007;6;16;6
2026;1;L007;6;17;5
2026;1;L007;6;18;4
2026;1;L007;6;19;2
2026;1;L007;6;20;2
2026;1;L007;6;21;1
2026;1;L007;7;10;1
2026;1;L007;7;12;1
2026;1;L007;7;16;1
2026;1;L007;7;17;1
2026;1;L007;7;19;1
2026;2;L007;1;8;3
2026;2;L007;1;9;10
2026;2;L007;1;10;8
2026;2;L007;1;11;11
2026;2;L007;1;12;16
2026;2;L007;1;13;10
2026;2;L007;1;14;4
2026;2;L007;1;15;8
2026;2;L007;1;16;10
2026;2;L007;1;17;14
2026;2;L007;1;18;12
2026;2;L007;1;19;10
2026;2;L007;1;20;5
2026;2;L007;1;21;1
2026;2;L007;2;8;3
2026;2;L007;2;9;14
2026;2;L007;2;10;12
2026;2;L007;2;11;12
2026;2;L007;2;12;6
2026;2;L007;2;13;8
2026;2;L007;2;14;6
2026;2;L007;2;15;4
2026;2;L007;2;16;13
2026;2;L007;2;17;20
2026;2;L007;2;18;11
2026;2;L007;2;19;12
2026;2;L007;2;20;5
2026;2;L007;2;21;1
2026;2;L007;3;8;4
2026;2;L007;3;9;7
2026;2;L007;3;10;6
2026;2;L007;3;11;16
2026;2;L007;3;12;10
2026;2;L007;3;13;12
2026;2;L007;3;14;6
2026;2;L007;3;15;5
2026;2;L007;3;16;8
2026;2;L007;3;17;12
2026;2;L007;3;18;11
2026;2;L007;3;19;9
2026;2;L007;3;20;5
2026;2;L007;3;21;2
2026;2;L007;4;8;4
2026;2;L007;4;9;6
2026;2;L007;4;10;11
2026;2;L007;4;11;10
2026;2;L007;4;12;12
2026;2;L007;4;13;7
2026;2;L007;4;14;3
2026;2;L007;4;15;5
2026;2;L007;4;16;16
2026;2;L007;4;17;11
2026;2;L007;4;18;9
2026;2;L007;4;19;12
2026;2;L007;4;20;6
2026;2;L007;4;21;1
2026;2;L007;5;8;3
2026;2;L007;5;9;9
2026;2;L007;5;10;14
2026;2;L007;5;11;11
2026;2;L007;5;12;12
2026;2;L007;5;13;9
2026;2;L007;5;14;5
2026;2;L007;5;15;6
2026;2;L007;5;16;10
2026;2;L007;5;17;12
2026;2;L007;5;18;10
2026;2;L007;5;19;19
2026;2;L007;5;20;4
2026;2;L007;5;21;1
2026;2;L007;6;8;1
2026;2;L007;6;9;4
2026;2;L007;6;10;5
2026;2;L007;6;11;6
2026;2;L007;6;12;4
2026;2;L007;6;13;3
2026;2;L007;6;14;2
2026;2;L007;6;15;3
2026;2;L007;6;16;6
2026;2;L007;6;17;5
2026;2;L007;6;18;3
2026;2;L007;6;19;3
2026;2;L007;6;20;1
2026;2;L007;6;21;1
2026;2;L007;7;10;1
2026;2;L007;7;11;1
2026;2;L007;7;17;1
2026;3;L007;1;8;5
2026;3;L007;1;9;10
2026;3;L007;1;10;16
2026;3;L007;1;11;7
2026;3;L007;1;12;11
2026;3;L007;1;13;13
2026;3;L007;1;14;3
2026;3;L007;1;15;8
2026;3;L007;1;16;9
2026;3;L007;1;17;8
2026;3;L007;1;18;14
2026;3;L007;1;19;17
2026;3;L007;1;20;5
2026;3;L007;1;21;2
2026;3;L007;2;8;7
2026;3;L007;2;9;13
2026;3;L007;2;10;11
2026;3;L007;2;11;18
2026;3;L007;2;12;17
2026;3;L007;2;13;8
2026;3;L007;2;14;6
2026;3;L007;2;15;8
2026;3;L007;2;16;10
2026;3;L007;2;17;9
2026;3;L007;2;18;8
2026;3;L007;2;19;8
2026;3;L007;2;20;3
2026;3;L007;2;21;2
2026;3;L007;3;8;4
2026;3;L007;3;9;9
2026;3;L007;3;10;11
2026;3;L007;3;11;11
2026;3;L007;3;12;12
2026;3;L007;3;13;11
2026;3;L007;3;14;6
2026;3;L007;3;15;8
2026;3;L007;3;16;12
2026;3;L007;3;17;15
2026;3;L007;3;18;14
2026;3;L007;3;19;8
2026;3;L007;3;20;4
2026;3;L007;3;21;1
2026;3;L007;4;8;3
2026;3;L007;4;9;7
2026;3;L007;4;10;23
2026;3;L007;4;11;15
2026;3;L007;4;12;12
2026;3;L007;4;13;12
2026;3;L007;4;14;9
2026;3;L007;4;15;5
2026;3;L007;4;16;15
2026;3;L007;4;17;14
2026;3;L007;4;18;15
2026;3;L007;4;19;8
2026;3;L007;4;20;4
2026;3;L007;4;21;2
2026;3;L007;5;8;4
2026;3;L007;5;9;12
2026;3;L007;5;10;17
2026;3;L007;5;11;19
2026;3;L007;5;12;9
2026;3;L007;5;13;10
2026;3;L007;5;14;4
2026;3;L007;5;15;8
2026;3;L007;5;16;12
2026;3;L007;5;17;18
2026;3;L007;5;18;13
2026;3;L007;5;19;10
2026;3;L007;5;20;4
2026;3;L007;5;21;2
2026;3;L007;6;8;1
2026;3;L007;6;9;4
2026;3;L007;6;10;4
2026;3;L007;6;11;5
2026;3;L007;6;12;5
2026;3;L007;6;13;3
2026;3;L007;6;14;2
2026;3;L007;6;15;2
2026;3;L007;6;16;4
2026;3;L007;6;17;5
2026;3;L007;6;18;7
2026;3;L007;6;19;5
2026;3;L007;6;20;3
2026;3;L007;6;21;1
2026;3;L007;7;10;1
2026;3;L007;7;11;1
2026;3;L007;7;12;1
2026;3;L007;7;17;1
2026;3;L007;7;18;1
2026;3;L007;7;19;1
2026;4;L007;1;8;5
2026;4;L007;1;9;5
2026;4;L007;1;10;13
2026;4;L007;1;11;13
2026;4;L007;1;12;8
2026;4;L007;1;13;16
2026;4;L007;1;14;7
2026;4;L007;1;15;7
2026;4;L007;1;16;12
2026;4;L007;1;17;14
2026;4;L007;1;18;15
2026;4;L007;1;19;8
2026;4;L007;1;20;4
2026;4;L007;1;21;2
2026;4;L007;2;8;4
2026;4;L007;2;9;7
2026;4;L007;2;10;11
2026;4;L007;2;11;6
2026;4;L007;2;12;13
2026;4;L007;2;13;14
2026;4;L007;2;14;7
2026;4;L007;2;15;7
2026;4;L007;2;16;18
2026;4;L007;2;17;12
2026;4;L007;2;18;11
2026;4;L007;2;19;11
2026;4;L007;2;20;9
2026;4;L007;2;21;2
2026;4;L007;3;8;4
2026;4;L007;3;9;12
2026;4;L007;3;10;10
2026;4;L007;3;11;11
2026;4;L007;3;12;10
2026;4;L007;3;13;15
2026;4;L007;3;14;6
2026;4;L007;3;15;10
2026;4;L007;3;16;9
2026;4;L007;3;17;11
2026;4;L007;3;18;14
2026;4;L007;3;19;5
2026;4;L007;3;20;5
2026;4;L007;3;21;1
2026;4;L007;4;8;6
2026;4;L007;4;9;5
2026;4;L007;4;10;12
2026;4;L007;4;11;14
2026;4;L007;4;12;15
2026;4;L007;4;13;8
2026;4;L007;4;14;7
2026;4;L007;4;15;7
2026;4;L007;4;16;11
2026;4;L007;4;17;11
2026;4;L007;4;18;11
2026;4;L007;4;19;8
2026;4;L007;4;20;4
2026;4;L007;4;21;1
2026;4;L007;5;8;5
2026;4;L007;5;9;10
2026;4;L007;5;10;12
2026;4;L007;5;11;10
2026;4;L007;5;12;10
2026;4;L007;5;13;13
2026;4;L007;5;14;5
2026;4;L007;5;15;9
2026;4;L007;5;16;12
2026;4;L007;5;17;9
2026;4;L007;5;18;11
2026;4;L007;5;19;14
2026;4;L007;5;20;4
2026;4;L007;5;21;2
2026;4;L007;6;8;2
2026;4;L007;6;9;5
2026;4;L007;6;10;4
2026;4;L007;6;11;5
2026;4;L007;6;12;3
2026;4;L007;6;13;3
2026;4;L007;6;14;4
2026;4;L007;6;15;3
2026;4;L007;6;16;6
2026;4;L007;6;17;7
2026;4;L007;6;18;3
2026;4;L007;6;19;5
2026;4;L007;6;20;2
2026;4;L007;7;10;1
2026;4;L007;7;11;1
2026;4;L007;7;12;1
2026;4;L007;7;16;1
2026;4;L007;7;18;1
2026;5;L007;1;8;6
2026;5;L007;1;9;9
2026;5;L007;1;10;12
2026;5;L007;1;11;9
2026;5;L007;1;12;17
2026;5;L007;1;13;8
2026;5;L007;1;14;7
2026;5;L007;1;15;5
2026;5;L007;1;16;24
2026;5;L007;1;17;13
2026;5;L007;1;18;14
2026;5;L007;1;19;10
2026;5;L007;1;20;7
2026;5;L007;1;21;2
2026;5;L007;2;8;7
2026;5;L007;2;9;5
2026;5;L007;2;10;12
2026;5;L007;2;11;10
2026;5;L007;2;12;13
2026;5;L007;2;13;14
2026;5;L007;2;14;6
2026;5;L007;2;15;8
2026;5;L007;2;16;10
2026;5;L007;2;17;20
2026;5;L007;2;18;17
2026;5;L007;2;19;7
2026;5;L007;2;20;5
2026;5;L007;2;21;2
2026;5;L007;3;8;5
2026;5;L007;3;9;10
2026;5;L007;3;10;15
2026;5;L007;3;11;12
2026;5;L007;3;12;16
2026;5;L007;3;13;10
2026;5;L007;3;14;5
2026;5;L007;3;15;9
2026;5;L007;3;16;18
2026;5;L007;3;17;12
2026;5;L007;3;18;13
2026;5;L007;3;19;10
2026;5;L007;3;20;4
2026;5;L007;3;21;2
2026;5;L007;4;8;7
2026;5;L007;4;9;9
2026;5;L007;4;10;15
2026;5;L007;4;11;14
2026;5;L007;4;12;10
2026;5;L007;4;13;13
2026;5;L007;4;14;7
2026;5;L007;4;15;11
2026;5;L007;4;16;7
2026;5;L007;4;17;18
2026;5;L007;4;18;11
2026;5;L007;4;19;13
2026;5;L007;4;20;3
2026;5;L007;4;21;3
2026;5;L007;5;8;7
2026;5;L007;5;9;13
2026;5;L007;5;10;16
2026;5;L007;5;11;18
2026;5;L007;5;12;19
2026;5;L007;5;13;8
2026;5;L007;5;14;8
2026;5;L007;5;15;8
2026;5;L007;5;16;11
2026;5;L007;5;17;13
2026;5;L007;5;18;25
2026;5;L007;5;19;16
2026;5;L007;5;20;6
2026;5;L007;5;21;2
2026;5;L007;6;8;1
2026;5;L007;6;9;3
2026;5;L007;6;10;6
2026;5;L007;6;11;4
2026;5;L007;6;12;5
2026;5;L007;6;13;4
2026;5;L007;6;14;3
2026;5;L007;6;15;2
2026;5;L007;6;16;5
2026;5;L007;6;17;6
2026;5;L007;6;18;6
2026;5;L007;6;19;4
2026;5;L007;6;20;2
2026;5;L007;6;21;1
2026;5;L007;7;10;1
2026;5;L007;7;11;1
2026;5;L007;7;12;1
2026;5;L007;7;13;1
2026;5;L007;7;17;1
2026;5;L007;7;18;1
2026;6;L007;1;8;5
2026;6;L007;1;9;10
2026;6;L007;1;10;19
2026;6;L007;1;11;14
2026;6;L007;1;12;10
2026;6;L007;1;13;12
2026;6;L007;1;14;8
2026;6;L007;1;15;6
2026;6;L007;1;16;7
2026;6;L007;1;17;10
2026;6;L007;1;18;18
2026;6;L007;1;19;13
2026;6;L007;1;20;3
2026;6;L007;1;21;3
2026;6;L007;2;8;3
2026;6;L007;2;9;11
2026;6;L007;2;10;12
2026;6;L007;2;11;22
2026;6;L007;2;12;15
2026;6;L007;2;13;7
2026;6;L007;2;14;6
2026;6;L007;2;15;10
2026;6;L007;2;16;12
2026;6;L007;2;17;12
2026;6;L007;2;18;17
2026;6;L007;2;19;8
2026;6;L007;2;20;4
2026;6;L007;2;21;1
2026;6;L007;3;8;11
2026;6;L007;3;9;9
2026;6;L007;3;10;10
2026;6;L007;3;11;11
2026;6;L007;3;12;11
2026;6;L007;3;13;12
2026;6;L007;3;14;5
2026;6;L007;3;15;6
2026;6;L007;3;16;10
2026;6;L007;3;17;13
2026;6;L007;3;18;14
2026;6;L007;3;19;15
2026;6;L007;3;20;4
2026;6;L007;3;21;2
2026;6;L007;4;8;6
2026;6;L007;4;9;9
2026;6;L007;4;10;15
2026;6;L007;4;11;23
2026;6;L007;4;12;11
2026;6;L007;4;13;12
2026;6;L007;4;14;5
2026;6;L007;4;15;8
2026;6;L007;4;16;11
2026;6;L007;4;17;16
2026;6;L007;4;18;10
2026;6;L007;4;19;11
2026;6;L007;4;20;4
2026;6;L007;4;21;2
2026;6;L007;5;8;8
2026;6;L007;5;9;9
2026;6;L007;5;10;15
2026;6;L007;5;11;22
2026;6;L007;5;12;14
2026;6;L007;5;13;14
2026;6;L007;5;14;8
2026;6;L007;5;15;8
2026;6;L007;5;16;10
2026;6;L007;5;17;10
2026;6;L007;5;18;20
2026;6;L007;5;19;13
2026;6;L007;5;20;5
2026;6;L007;5;21;2
2026;6;L007;6;8;1
2026;6;L007;6;9;6
2026;6;L007;6;10;4
2026;6;L007;6;11;4
2026;6;L007;6;12;7
2026;6;L007;6;13;3
2026;6;L007;6;14;2
2026;6;L007;6;15;3
2026;6;L007;6;16;3
2026;6;L007;6;17;6
2026;6;L007;6;18;6
2026;6;L007;6;19;5
2026;6;L007;6;20;2
2026;6;L007;6;21;1
2026;6;L007;7;10;1
2026;6;L007;7;11;1
2026;6;L007;7;13;1
2026;6;L007;7;17;1
2026;7;L007;1;8;9
2026;7;L007;1;9;17
2026;7;L007;1;10;17
2026;7;L007;1;11;15
2026;7;L007;1;12;20
2026;7;L007;1;13;11
2026;7;L007;1;14;7
2026;7;L007;1;15;7
2026;7;L007;1;16;14
2026;7;L007;1;17;11
2026;7;L007;1;18;13
2026;7;L007;1;19;7
2026;7;L007;1;20;4
2026;7;L007;1;21;2
2026;7;L007;2;8;6
2026;7;L007;2;9;9
2026;7;L007;2;10;13
2026;7;L007;2;11;18
2026;7;L007;2;12;15
2026;7;L007;2;13;8
2026;7;L007;2;14;5
2026;7;L007;2;15;6
2026;7;L007;2;16;13
2026;7;L007;2;17;11
2026;7;L007;2;18;18
2026;7;L007;2;19;12
2026;7;L007;2;20;4
2026;7;L007;2;21;2
2026;7;L007;3;8;5
2026;7;L007;3;9;8
2026;7;L007;3;10;14
2026;7;L007;3;11;15
2026;7;L007;3;12;17
2026;7;L007;3;13;14
2026;7;L007;3;14;6
2026;7;L007;3;15;7
2026;7;L007;3;16;8
2026;7;L007;3;17;10
2026;7;L007;3;18;16
2026;7;L007;3;19;9
2026;7;L007;3;20;5
2026;7;L007;3;21;2
2026;7;L007;4;8;5
2026;7;L007;4;9;8
2026;7;L007;4;10;16
2026;7;L007;4;11;9
2026;7;L007;4;12;16
2026;7;L007;4;13;15
2026;7;L007;4;14;5
2026;7;L007;4;15;10
2026;7;L007;4;16;14
2026;7;L007;4;17;23
2026;7;L007;4;18;12
2026;7;L007;4;19;14
2026;7;L007;4;20;5
2026;7;L007;4;21;1
2026;7;L007;5;8;7
2026;7;L007;5;9;6
2026;7;L007;5;10;22
2026;7;L007;5;11;11
2026;7;L007;5;12;12
2026;7;L007;5;13;11
2026;7;L007;5;14;5
2026;7;L007;5;15;6
2026;7;L007;5;16;14
2026;7;L007;5;17;23
2026;7;L007;5;18;15
2026;7;L007;5;19;9
2026;7;L007;5;20;6
2026;7;L007;5;21;1
2026;7;L007;6;8;2
2026;7;L007;6;9;3
2026;7;L007;6;10;6
2026;7;L007;6;11;8
2026;7;L007;6;12;7
2026;7;L007;6;13;4
2026;7;L007;6;14;3
2026;7;L007;6;15;3
2026;7;L007;6;16;5
2026;7;L007;6;17;7
2026;7;L007;6;18;5
2026;7;L007;6;19;4
2026;7;L007;6;20;2
2026;7;L007;6;21;1
2026;7;L007;7;10;1
2026;7;L007;7;11;1
2026;7;L007;7;12;1
2026;7;L007;7;17;1
2026;7;L007;7;18;1
2026;8;L007;1;8;4
2026;8;L007;1;9;10
2026;8;L007;1;10;12
2026;8;L007;1;11;14
2026;8;L007;1;12;13
2026;8;L007;1;13;11
2026;8;L007;1;14;8
2026;8;L007;1;15;10
2026;8;L007;1;16;9
2026;8;L007;1;17;12
2026;8;L007;1;18;13
2026;8;L007;1;19;13
2026;8;L007;1;20;4
2026;8;L007;1;21;2
2026;8;L007;2;8;4
2026;8;L007;2;9;9
2026;8;L007;2;10;14
2026;8;L007;2;11;13
2026;8;L007;2;12;16
2026;8;L007;2;13;9
2026;8;L007;2;14;6
2026;8;L007;2;15;11
2026;8;L007;2;16;16
2026;8;L007;2;17;23
2026;8;L007;2;18;11
2026;8;L007;2;19;13
2026;8;L007;2;20;4
2026;8;L007;2;21;1
2026;8;L007;3;8;5
2026;8;L007;3;9;6
2026;8;L007;3;10;8
2026;8;L007;3;11;17
2026;8;L007;3;12;8
2026;8;L007;3;13;13
2026;8;L007;3;14;4
2026;8;L007;3;15;7
2026;8;L007;3;16;11
2026;8;L007;3;17;12
2026;8;L007;3;18;16
2026;8;L007;3;19;13
2026;8;L007;3;20;6
2026;8;L007;3;21;1
2026;8;L007;4;8;4
2026;8;L007;4;9;8
2026;8;L007;4;10;12
2026;8;L007;4;11;15
2026;8;L007;4;12;19
2026;8;L007;4;13;21
2026;8;L007;4;14;6
2026;8;L007;4;15;10
2026;8;L007;4;16;13
2026;8;L007;4;17;14
2026;8;L007;4;18;16
2026;8;L007;4;19;11
2026;8;L007;4;20;4
2026;8;L007;4;21;1
2026;8;L007;5;8;5
2026;8;L007;5;9;13
2026;8;L007;5;10;12
2026;8;L007;5;11;13
2026;8;L007;5;12;13
2026;8;L007;5;13;9
2026;8;L007;5;14;7
2026;8;L007;5;15;9
2026;8;L007;5;16;19
2026;8;L007;5;17;14
2026;8;L007;5;18;12
2026;8;L007;5;19;22
2026;8;L007;5;20;6
2026;8;L007;5;21;1
2026;8;L007;6;8;3
2026;8;L007;6;9;3
2026;8;L007;6;10;6
2026;8;L007;6;11;5
2026;8;L007;6;12;6
2026;8;L007;6;13;4
2026;8;L007;6;14;2
2026;8;L007;6;15;3
2026;8;L007;6;16;6
2026;8;L007;6;17;7
2026;8;L007;6;18;4
2026;8;L007;6;19;3
2026;8;L007;6;20;1
2026;8;L007;6;21;1
2026;8;L007;7;10;1
2026;8;L007;7;11;1
2026;8;L007;7;12;1
2026;8;L007;7;14;1
2026;8;L007;7;17;1
2026;8;L007;7;18;1
2026;1;L011;1;8;4
2026;1;L011;1;9;8
2026;1;L011;1;10;14
2026;1;L011;1;11;14
2026;1;L011;1;12;13
2026;1;L011;1;13;15
2026;1;L011;1;14;5
2026;1;L011;1;15;6
2026;1;L011;1;16;13
2026;1;L011;1;17;21
2026;1;L011;1;18;12
2026;1;L011;1;19;9
2026;1;L011;1;20;7
2026;1;L011;1;21;3
2026;1;L011;2;8;5
2026;1;L011;2;9;12
2026;1;L011;2;10;16
2026;1;L011;2;11;14
2026;1;L011;2;12;17
2026;1;L011;2;13;14
2026;1;L011;2;14;9
2026;1;L011;2;15;8
2026;1;L011;2;16;9
2026;1;L011;2;17;14
2026;1;L011;2;18;14
2026;1;L011;2;19;11
2026;1;L011;2;20;5
2026;1;L011;2;21;2
2026;1;L011;3;8;4
2026;1;L011;3;9;6
2026;1;L011;3;10;16
2026;1;L011;3;11;20
2026;1;L011;3;12;17
2026;1;L011;3;13;18
2026;1;L011;3;14;7
2026;1;L011;3;15;9
2026;1;L011;3;16;10
2026;1;L011;3;17;17
2026;1;L011;3;18;15
2026;1;L011;3;19;13
2026;1;L011;3;20;5
2026;1;L011;3;21;1
2026;1;L011;4;8;7
2026;1;L011;4;9;13
2026;1;L011;4;10;11
2026;1;L011;4;11;37
2026;1;L011;4;12;17
2026;1;L011;4;13;12
2026;1;L011;4;14;9
2026;1;L011;4;15;6
2026;1;L011;4;16;13
2026;1;L011;4;17;12
2026;1;L011;4;18;11
2026;1;L011;4;19;10
2026;1;L011;4;20;6
2026;1;L011;4;21;2
2026;1;L011;5;8;7
2026;1;L011;5;9;15
2026;1;L011;5;10;11
2026;1;L011;5;11;14
2026;1;L011;5;12;12
2026;1;L011;5;13;16
2026;1;L011;5;14;7
2026;1;L011;5;15;11
2026;1;L011;5;16;18
2026;1;L011;5;17;22
2026;1;L011;5;18;15
2026;1;L011;5;19;11
2026;1;L011;5;20;6
2026;1;L011;5;21;2
2026;1;L011;6;8;2
2026;1;L011;6;9;4
2026;1;L011;6;10;9
2026;1;L011;6;11;6
2026;1;L011;6;12;3
2026;1;L011;6;13;6
2026;1;L011;6;14;2
2026;1;L011;6;15;4
2026;1;L011;6;16;5
2026;1;L011;6;17;9
2026;1;L011;6;18;9
2026;1;L011;6;19;7
2026;1;L011;6;20;2
2026;1;L011;6;21;1
2026;1;L011;7;9;1
2026;1;L011;7;10;1
2026;1;L011;7;11;1
2026;1;L011;7;12;1
2026;1;L011;7;15;1
2026;1;L011;7;16;1
2026;1;L011;7;17;1
2026;1;L011;7;18;1
2026;1;L011;7;19;1
2026;2;L011;1;8;5
2026;2;L011;1;9;11
2026;2;L011;1;10;12
2026;2;L011;1;11;19
2026;2;L011;1;12;14
2026;2;L011;1;13;9
2026;2;L011;1;14;7
2026;2;L011;1;15;12
2026;2;L011;1;16;11
2026;2;L011;1;17;12
2026;2;L011;1;18;10
2026;2;L011;1;19;14
2026;2;L011;1;20;6
2026;2;L011;1;21;1
2026;2;L011;2;8;4
2026;2;L011;2;9;5
2026;2;L011;2;10;22
2026;2;L011;2;11;12
2026;2;L011;2;12;15
2026;2;L011;2;13;11
2026;2;L011;2;14;10
2026;2;L011;2;15;9
2026;2;L011;2;16;12
2026;2;L011;2;17;13
2026;2;L011;2;18;11
2026;2;L011;2;19;8
2026;2;L011;2;20;5
2026;2;L011;2;21;2
2026;2;L011;3;8;5
2026;2;L011;3;9;11
2026;2;L011;3;10;15
2026;2;L011;3;11;20
2026;2;L011;3;12;13
2026;2;L011;3;13;7
2026;2;L011;3;14;4
2026;2;L011;3;15;6
2026;2;L011;3;16;14
2026;2;L011;3;17;10
2026;2;L011;3;18;13
2026;2;L011;3;19;16
2026;2;L011;3;20;6
2026;2;L011;3;21;1
2026;2;L011;4;8;6
2026;2;L011;4;9;15
2026;2;L011;4;10;18
2026;2;L011;4;11;18
2026;2;L011;4;12;9
2026;2;L011;4;13;7
2026;2;L011;4;14;8
2026;2;L011;4;15;8
2026;2;L011;4;16;13
2026;2;L011;4;17;13
2026;2;L011;4;18;7
2026;2;L011;4;19;8
2026;2;L011;4;20;5
2026;2;L011;4;21;2
2026;2;L011;5;8;5
2026;2;L011;5;9;7
2026;2;L011;5;10;11
2026;2;L011;5;11;13
2026;2;L011;5;12;14
2026;2;L011;5;13;12
2026;2;L011;5;14;9
2026;2;L011;5;15;7
2026;2;L011;5;16;18
2026;2;L011;5;17;18
2026;2;L011;5;18;16
2026;2;L011;5;19;13
2026;2;L011;5;20;8
2026;2;L011;5;21;2
2026;2;L011;6;8;2
2026;2;L011;6;9;3
2026;2;L011;6;10;5
2026;2;L011;6;11;5
2026;2;L011;6;12;4
2026;2;L011;6;13;4
2026;2;L011;6;14;2
2026;2;L011;6;15;3
2026;2;L011;6;16;6
2026;2;L011;6;17;6
2026;2;L011;6;18;8
2026;2;L011;6;19;5
2026;2;L011;6;20;3
2026;2;L011;6;21;1
2026;2;L011;7;10;1
2026;2;L011;7;11;1
2026;2;L011;7;12;1
2026;2;L011;7;13;1
2026;2;L011;7;16;1
2026;2;L011;7;17;1
2026;2;L011;7;18;1
2026;3;L011;1;8;7
2026;3;L011;1;9;15
2026;3;L011;1;10;18
2026;3;L011;1;11;18
2026;3;L011;1;12;13
2026;3;L011;1;13;10
2026;3;L011;1;14;7
2026;3;L011;1;15;12
2026;3;L011;1;16;20
2026;3;L011;1;17;23
2026;3;L011;1;18;11
2026;3;L011;1;19;15
2026;3;L011;1;20;5
2026;3;L011;1;21;3
2026;3;L011;2;8;6
2026;3;L011;2;9;8
2026;3;L011;2;10;17
2026;3;L011;2;11;11
2026;3;L011;2;12;19
2026;3;L011;2;13;17
2026;3;L011;2;14;8
2026;3;L011;2;15;8
2026;3;L011;2;16;18
2026;3;L011;2;17;23
2026;3;L011;2;18;14
2026;3;L011;2;19;12
2026;3;L011;2;20;13
2026;3;L011;2;21;2
2026;3;L011;3;8;3
2026;3;L011;3;9;14
2026;3;L011;3;10;25
2026;3;L011;3;11;15
2026;3;L011;3;12;14
2026;3;L011;3;13;12
2026;3;L011;3;14;6
2026;3;L011;3;15;10
2026;3;L011;3;16;22
2026;3;L011;3;17;13
2026;3;L011;3;18;12
2026;3;L011;3;19;12
2026;3;L011;3;20;4
2026;3;L011;3;21;2
2026;3;L011;4;8;5
2026;3;L011;4;9;16
2026;3;L011;4;10;15
2026;3;L011;4;11;13
2026;3;L011;4;12;21
2026;3;L011;4;13;14
2026;3;L011;4;14;7
2026;3;L011;4;15;8
2026;3;L011;4;16;18
2026;3;L011;4;17;15
2026;3;L011;4;18;22
2026;3;L011;4;19;9
2026;3;L011;4;20;9
2026;3;L011;4;21;2
2026;3;L011;5;8;6
2026;3;L011;5;9;15
2026;3;L011;5;10;19
2026;3;L011;5;11;24
2026;3;L011;5;12;20
2026;3;L011;5;13;11
2026;3;L011;5;14;5
2026;3;L011;5;15;8
2026;3;L011;5;16;14
2026;3;L011;5;17;13
2026;3;L011;5;18;16
2026;3;L011;5;19;15
2026;3;L011;5;20;4
2026;3;L011;5;21;3
2026;3;L011;6;8;3
2026;3;L011;6;9;5
2026;3;L011;6;10;6
2026;3;L011;6;11;10
2026;3;L011;6;12;4
2026;3;L011;6;13;5
2026;3;L011;6;14;3
2026;3;L011;6;15;4
2026;3;L011;6;16;8
2026;3;L011;6;17;5
2026;3;L011;6;18;8
2026;3;L011;6;19;6
2026;3;L011;6;20;2
2026;3;L011;6;21;1
2026;3;L011;7;9;1
2026;3;L011;7;10;1
2026;3;L011;7;11;1
2026;3;L011;7;12;1
2026;3;L011;7;13;1
2026;3;L011;7;15;1
2026;3;L011;7;16;1
2026;3;L011;7;17;1
2026;3;L011;7;18;1
2026;4;L011;1;8;7
2026;4;L011;1;9;10
2026;4;L011;1;10;15
2026;4;L011;1;11;14
2026;4;L011;1;12;18
2026;4;L011;1;13;12
2026;4;L011;1;14;8
2026;4;L011;1;15;10
2026;4;L011;1;16;26
2026;4;L011;1;17;17
2026;4;L011;1;18;12
2026;4;L011;1;19;12
2026;4;L011;1;20;6
2026;4;L011;1;21;3
2026;4;L011;2;8;7
2026;4;L011;2;9;12
2026;4;L011;2;10;17
2026;4;L011;2;11;24
2026;4;L011;2;12;13
2026;4;L011;2;13;9
2026;4;L011;2;14;10
2026;4;L011;2;15;12
2026;4;L011;2;16;14
2026;4;L011;2;17;17
2026;4;L011;2;18;9
2026;4;L011;2;19;23
2026;4;L011;2;20;6
2026;4;L011;2;21;2
2026;4;L011;3;8;3
2026;4;L011;3;9;11
2026;4;L011;3;10;16
2026;4;L011;3;11;21
2026;4;L011;3;12;15
2026;4;L011;3;13;18
2026;4;L011;3;14;8
2026;4;L011;3;15;12
2026;4;L011;3;16;15
2026;4;L011;3;17;18
2026;4;L011;3;18;12
2026;4;L011;3;19;14
2026;4;L011;3;20;7
2026;4;L011;3;21;3
2026;4;L011;4;8;6
2026;4;L011;4;9;8
2026;4;L011;4;10;18
2026;4;L011;4;11;19
2026;4;L011;4;12;20
2026;4;L011;4;13;15
2026;4;L011;4;14;7
2026;4;L011;4;15;7
2026;4;L011;4;16;17
2026;4;L011;4;17;24
2026;4;L011;4;18;11
2026;4;L011;4;19;12
2026;4;L011;4;20;3
2026;4;L011;4;21;2
2026;4;L011;5;8;4
2026;4;L011;5;9;20
2026;4;L011;5;10;13
2026;4;L011;5;11;16
2026;4;L011;5;12;20
2026;4;L011;5;13;11
2026;4;L011;5;14;8
2026;4;L011;5;15;8
2026;4;L011;5;16;18
2026;4;L011;5;17;20
2026;4;L011;5;18;27
2026;4;L011;5;19;13
2026;4;L011;5;20;4
2026;4;L011;5;21;2
2026;4;L011;6;8;2
2026;4;L011;6;9;4
2026;4;L011;6;10;5
2026;4;L011;6;11;5
2026;4;L011;6;12;8
2026;4;L011;6;13;5
2026;4;L011;6;14;3
2026;4;L011;6;15;5
2026;4;L011;6;16;5
2026;4;L011;6;17;8
2026;4;L011;6;18;5
2026;4;L011;6;19;3
2026;4;L011;6;20;1
2026;4;L011;6;21;1
2026;4;L011;7;10;1
2026;4;L011;7;11;1
2026;4;L011;7;12;1
2026;4;L011;7;13;1
2026;4;L011;7;16;1
2026;4;L011;7;17;1
2026;4;L011;7;18;1
2026;4;L011;7;19;1
2026;5;L011;1;8;6
2026;5;L011;1;9;9
2026;5;L011;1;10;21
2026;5;L011;1;11;17
2026;5;L011;1;12;10
2026;5;L011;1;13;17
2026;5;L011;1;14;8
2026;5;L011;1;15;9
2026;5;L011;1;16;24
2026;5;L011;1;17;20
2026;5;L011;1;18;13
2026;5;L011;1;19;10
2026;5;L011;1;20;8
2026;5;L011;1;21;2
2026;5;L011;2;8;7
2026;5;L011;2;9;10
2026;5;L011;2;10;21
2026;5;L011;2;11;18
2026;5;L011;2;12;15
2026;5;L011;2;13;17
2026;5;L011;2;14;7
2026;5;L011;2;15;11
2026;5;L011;2;16;16
2026;5;L011;2;17;13
2026;5;L011;2;18;10
2026;5;L011;2;19;16
2026;5;L011;2;20;5
2026;5;L011;2;21;2
2026;5;L011;3;8;6
2026;5;L011;3;9;11
2026;5;L011;3;10;16
2026;5;L011;3;11;18
2026;5;L011;3;12;14
2026;5;L011;3;13;13
2026;5;L011;3;14;6
2026;5;L011;3;15;7
2026;5;L011;3;16;22
2026;5;L011;3;17;17
2026;5;L011;3;18;16
2026;5;L011;3;19;15
2026;5;L011;3;20;6
2026;5;L011;3;21;2
2026;5;L011;4;8;7
2026;5;L011;4;9;11
2026;5;L011;4;10;20
2026;5;L011;4;11;16
2026;5;L011;4;12;18
2026;5;L011;4;13;11
2026;5;L011;4;14;5
2026;5;L011;4;15;15
2026;5;L011;4;16;13
2026;5;L011;4;17;25
2026;5;L011;4;18;23
2026;5;L011;4;19;15
2026;5;L011;4;20;6
2026;5;L011;4;21;2
2026;5;L011;5;8;5
2026;5;L011;5;9;15
2026;5;L011;5;10;18
2026;5;L011;5;11;22
2026;5;L011;5;12;18
2026;5;L011;5;13;21
2026;5;L011;5;14;7
2026;5;L011;5;15;10
2026;5;L011;5;16;13
2026;5;L011;5;17;20
2026;5;L011;5;18;15
2026;5;L011;5;19;12
2026;5;L011;5;20;10
2026;5;L011;5;21;3
2026;5;L011;6;8;2
2026;5;L011;6;9;6
2026;5;L011;6;10;5
2026;5;L011;6;11;6
2026;5;L011;6;12;9
2026;5;L011;6;13;6
2026;5;L011;6;14;3
2026;5;L011;6;15;6
2026;5;L011;6;16;5
2026;5;L011;6;17;4
2026;5;L011;6;18;5
2026;5;L011;6;19;4
2026;5;L011;6;20;2
2026;5;L011;6;21;1
2026;5;L011;7;9;1
2026;5;L011;7;10;1
2026;5;L011;7;11;1
2026;5;L011;7;12;1
2026;5;L011;7;13;1
2026;5;L011;7;16;1
2026;5;L011;7;17;1
2026;5;L011;7;18;1
2026;5;L011;7;19;1
2026;6;L011;1;8;4
2026;6;L011;1;9;19
2026;6;L011;1;10;15
2026;6;L011;1;11;17
2026;6;L011;1;12;20
2026;6;L011;1;13;14
2026;6;L011;1;14;13
2026;6;L011;1;15;12
2026;6;L011;1;16;12
2026;6;L011;1;17;12
2026;6;L011;1;18;15
2026;6;L011;1;19;12
2026;6;L011;1;20;7
2026;6;L011;1;21;2
2026;6;L011;2;8;8
2026;6;L011;2;9;10
2026;6;L011;2;10;20
2026;6;L011;2;11;15
2026;6;L011;2;12;29
2026;6;L011;2;13;13
2026;6;L011;2;14;7
2026;6;L011;2;15;15
2026;6;L011;2;16;11
2026;6;L011;2;17;17
2026;6;L011;2;18;22
2026;6;L011;2;19;18
2026;6;L011;2;20;5
2026;6;L011;2;21;3
2026;6;L011;3;8;7
2026;6;L011;3;9;15
2026;6;L011;3;10;19
2026;6;L011;3;11;14
2026;6;L011;3;12;15
2026;6;L011;3;13;16
2026;6;L011;3;14;11
2026;6;L011;3;15;10
2026;6;L011;3;16;17
2026;6;L011;3;17;13
2026;6;L011;3;18;23
2026;6;L011;3;19;10
2026;6;L011;3;20;7
2026;6;L011;3;21;3
2026;6;L011;4;8;4
2026;6;L011;4;9;12
2026;6;L011;4;10;20
2026;6;L011;4;11;19
2026;6;L011;4;12;18
2026;6;L011;4;13;11
2026;6;L011;4;14;8
2026;6;L011;4;15;14
2026;6;L011;4;16;15
2026;6;L011;4;17;17
2026;6;L011;4;18;23
2026;6;L011;4;19;12
2026;6;L011;4;20;5
2026;6;L011;4;21;2
2026;6;L011;5;8;5
2026;6;L011;5;9;10
2026;6;L011;5;10;17
2026;6;L011;5;11;14
2026;6;L011;5;12;12
2026;6;L011;5;13;17
2026;6;L011;5;14;10
2026;6;L011;5;15;14
2026;6;L011;5;16;23
2026;6;L011;5;17;22
2026;6;L011;5;18;31
2026;6;L011;5;19;16
2026;6;L011;5;20;6
2026;6;L011;5;21;2
2026;6;L011;6;8;3
2026;6;L011;6;9;8
2026;6;L011;6;10;7
2026;6;L011;6;11;7
2026;6;L011;6;12;9
2026;6;L011;6;13;5
2026;6;L011;6;14;3
2026;6;L011;6;15;5
2026;6;L011;6;16;7
2026;6;L011;6;17;6
2026;6;L011;6;18;6
2026;6;L011;6;19;6
2026;6;L011;6;20;2
2026;6;L011;6;21;1
2026;6;L011;7;10;1
2026;6;L011;7;11;1
2026;6;L011;7;12;1
2026;6;L011;7;13;1
2026;6;L011;7;16;1
2026;6;L011;7;17;1
2026;6;L011;7;18;1
2026;6;L011;7;19;1
2026;7;L011;1;8;6
2026;7;L011;1;9;15
2026;7;L011;1;10;19
2026;7;L011;1;11;10
2026;7;L011;1;12;11
2026;7;L011;1;13;16
2026;7;L011;1;14;9
2026;7;L011;1;15;12
2026;7;L011;1;16;16
2026;7;L011;1;17;16
2026;7;L011;1;18;22
2026;7;L011;1;19;15
2026;7;L011;1;20;7
2026;7;L011;1;21;2
2026;7;L011;2;8;7
2026;7;L011;2;9;12
2026;7;L011;2;10;25
2026;7;L011;2;11;24
2026;7;L011;2;12;16
2026;7;L011;2;13;17
2026;7;L011;2;14;8
2026;7;L011;2;15;7
2026;7;L011;2;16;17
2026;7;L011;2;17;21
2026;7;L011;2;18;17
2026;7;L011;2;19;15
2026;7;L011;2;20;6
2026;7;L011;2;21;2
2026;7;L011;3;8;7
2026;7;L011;3;9;12
2026;7;L011;3;10;17
2026;7;L011;3;11;15
2026;7;L011;3;12;18
2026;7;L011;3;13;19
2026;7;L011;3;14;6
2026;7;L011;3;15;13
2026;7;L011;3;16;14
2026;7;L011;3;17;17
2026;7;L011;3;18;19
2026;7;L011;3;19;10
2026;7;L011;3;20;8
2026;7;L011;3;21;2
2026;7;L011;4;8;6
2026;7;L011;4;9;13
2026;7;L011;4;10;17
2026;7;L011;4;11;17
2026;7;L011;4;12;16
2026;7;L011;4;13;17
2026;7;L011;4;14;10
2026;7;L011;4;15;10
2026;7;L011;4;16;17
2026;7;L011;4;17;11
2026;7;L011;4;18;26
2026;7;L011;4;19;22
2026;7;L011;4;20;6
2026;7;L011;4;21;2
2026;7;L011;5;8;5
2026;7;L011;5;9;13
2026;7;L011;5;10;16
2026;7;L011;5;11;12
2026;7;L011;5;12;15
2026;7;L011;5;13;14
2026;7;L011;5;14;12
2026;7;L011;5;15;10
2026;7;L011;5;16;12
2026;7;L011;5;17;16
2026;7;L011;5;18;22
2026;7;L011;5;19;11
2026;7;L011;5;20;7
2026;7;L011;5;21;2
2026;7;L011;6;8;3
2026;7;L011;6;9;4
2026;7;L011;6;10;13
2026;7;L011;6;11;9
2026;7;L011;6;12;4
2026;7;L011;6;13;3
2026;7;L011;6;14;3
2026;7;L011;6;15;5
2026;7;L011;6;16;6
2026;7;L011;6;17;6
2026;7;L011;6;18;12
2026;7;L011;6;19;6
2026;7;L011;6;20;2
2026;7;L011;6;21;2
2026;7;L011;7;9;1
2026;7;L011;7;10;1
2026;7;L011;7;11;1
2026;7;L011;7;12;1
2026;7;L011;7;13;1
2026;7;L011;7;16;1
2026;7;L011;7;17;1
2026;7;L011;7;18;1
2026;7;L011;7;19;1
2026;8;L011;1;8;6
2026;8;L011;1;9;15
2026;8;L011;1;10;11
2026;8;L011;1;11;32
2026;8;L011;1;12;13
2026;8;L011;1;13;13
2026;8;L011;1;14;10
2026;8;L011;1;15;8
2026;8;L011;1;16;9
2026;8;L011;1;17;18
2026;8;L011;1;18;24
2026;8;L011;1;19;15
2026;8;L011;1;20;6
2026;8;L011;1;21;2
2026;8;L011;2;8;4
2026;8;L011;2;9;7
2026;8;L011;2;10;20
2026;8;L011;2;11;17
2026;8;L011;2;12;22
2026;8;L011;2;13;9
2026;8;L011;2;14;10
2026;8;L011;2;15;15
2026;8;L011;2;16;10
2026;8;L011;2;17;21
2026;8;L011;2;18;20
2026;8;L011;2;19;13
2026;8;L011;2;20;8
2026;8;L011;2;21;2
2026;8;L011;3;8;6
2026;8;L011;3;9;9
2026;8;L011;3;10;11
2026;8;L011;3;11;18
2026;8;L011;3;12;18
2026;8;L011;3;13;13
2026;8;L011;3;14;7
2026;8;L011;3;15;11
2026;8;L011;3;16;18
2026;8;L011;3;17;15
2026;8;L011;3;18;11
2026;8;L011;3;19;10
2026;8;L011;3;20;4
2026;8;L011;3;21;2
2026;8;L011;4;8;7
2026;8;L011;4;9;11
2026;8;L011;4;10;15
2026;8;L011;4;11;18
2026;8;L011;4;12;15
2026;8;L011;4;13;13
2026;8;L011;4;14;10
2026;8;L011;4;15;7
2026;8;L011;4;16;14
2026;8;L011;4;17;19
2026;8;L011;4;18;17
2026;8;L011;4;19;15
2026;8;L011;4;20;6
2026;8;L011;4;21;2
2026;8;L011;5;8;7
2026;8;L011;5;9;13
2026;8;L011;5;10;23
2026;8;L011;5;11;27
2026;8;L011;5;12;16
2026;8;L011;5;13;21
2026;8;L011;5;14;8
2026;8;L011;5;15;9
2026;8;L011;5;16;13
2026;8;L011;5;17;17
2026;8;L011;5;18;12
2026;8;L011;5;19;18
2026;8;L011;5;20;5
2026;8;L011;5;21;2
2026;8;L011;6;8;2
2026;8;L011;6;9;5
2026;8;L011;6;10;7
2026;8;L011;6;11;9
2026;8;L011;6;12;5
2026;8;L011;6;13;5
2026;8;L011;6;14;4
2026;8;L011;6;15;6
2026;8;L011;6;16;10
2026;8;L011;6;17;7
2026;8;L011;6;18;10
2026;8;L011;6;19;5
2026;8;L011;6;20;3
2026;8;L011;6;21;1
2026;8;L011;7;10;1
2026;8;L011;7;11;1
2026;8;L011;7;12;1
2026;8;L011;7;13;1
2026;8;L011;7;15;1
2026;8;L011;7;16;1
2026;8;L011;7;17;1
2026;8;L011;7;18;1
2026;8;L011;7;19;1
2026;1;L012;1;8;2
2026;1;L012;1;9;7
2026;1;L012;1;10;12
2026;1;L012;1;11;8
2026;1;L012;1;12;11
2026;1;L012;1;13;7
2026;1;L012;1;14;4
2026;1;L012;1;15;5
2026;1;L012;1;16;8
2026;1;L012;1;17;10
2026;1;L012;1;18;10
2026;1;L012;1;19;5
2026;1;L012;1;20;3
2026;1;L012;1;21;2
2026;1;L012;2;8;4
2026;1;L012;2;9;4
2026;1;L012;2;10;7
2026;1;L012;2;11;19
2026;1;L012;2;12;8
2026;1;L012;2;13;9
2026;1;L012;2;14;4
2026;1;L012;2;15;5
2026;1;L012;2;16;10
2026;1;L012;2;17;9
2026;1;L012;2;18;9
2026;1;L012;2;19;7
2026;1;L012;2;20;5
2026;1;L012;2;21;1
2026;1;L012;3;8;3
2026;1;L012;3;9;7
2026;1;L012;3;10;10
2026;1;L012;3;11;17
2026;1;L012;3;12;13
2026;1;L012;3;13;7
2026;1;L012;3;14;4
2026;1;L012;3;15;4
2026;1;L012;3;16;15
2026;1;L012;3;17;9
2026;1;L012;3;18;13
2026;1;L012;3;19;7
2026;1;L012;3;20;4
2026;1;L012;3;21;1
2026;1;L012;4;8;3
2026;1;L012;4;9;8
2026;1;L012;4;10;12
2026;1;L012;4;11;10
2026;1;L012;4;12;13
2026;1;L012;4;13;7
2026;1;L012;4;14;5
2026;1;L012;4;15;5
2026;1;L012;4;16;13
2026;1;L012;4;17;11
2026;1;L012;4;18;11
2026;1;L012;4;19;8
2026;1;L012;4;20;4
2026;1;L012;4;21;1
2026;1;L012;5;8;3
2026;1;L012;5;9;12
2026;1;L012;5;10;11
2026;1;L012;5;11;11
2026;1;L012;5;12;13
2026;1;L012;5;13;8
2026;1;L012;5;14;5
2026;1;L012;5;15;6
2026;1;L012;5;16;9
2026;1;L012;5;17;12
2026;1;L012;5;18;14
2026;1;L012;5;19;9
2026;1;L012;5;20;4
2026;1;L012;5;21;1
2026;1;L012;6;8;1
2026;1;L012;6;9;2
2026;1;L012;6;10;5
2026;1;L012;6;11;4
2026;1;L012;6;12;4
2026;1;L012;6;13;4
2026;1;L012;6;14;1
2026;1;L012;6;15;1
2026;1;L012;6;16;4
2026;1;L012;6;17;3
2026;1;L012;6;18;4
2026;1;L012;6;19;4
2026;1;L012;6;20;2
2026;1;L012;6;21;1
2026;1;L012;7;10;1
2026;1;L012;7;11;1
2026;1;L012;7;16;1
2026;1;L012;7;18;1
2026;2;L012;1;8;5
2026;2;L012;1;9;7
2026;2;L012;1;10;13
2026;2;L012;1;11;9
2026;2;L012;1;12;9
2026;2;L012;1;13;11
2026;2;L012;1;14;6
2026;2;L012;1;15;6
2026;2;L012;1;16;11
2026;2;L012;1;17;9
2026;2;L012;1;18;10
2026;2;L012;1;19;8
2026;2;L012;1;20;3
2026;2;L012;1;21;2
2026;2;L012;2;8;5
2026;2;L012;2;9;7
2026;2;L012;2;10;8
2026;2;L012;2;11;12
2026;2;L012;2;12;18
2026;2;L012;2;13;6
2026;2;L012;2;14;4
2026;2;L012;2;15;7
2026;2;L012;2;16;6
2026;2;L012;2;17;9
2026;2;L012;2;18;10
2026;2;L012;2;19;7
2026;2;L012;2;20;3
2026;2;L012;2;21;1
2026;2;L012;3;8;3
2026;2;L012;3;9;6
2026;2;L012;3;10;12
2026;2;L012;3;11;7
2026;2;L012;3;12;7
2026;2;L012;3;13;9
2026;2;L012;3;14;4
2026;2;L012;3;15;5
2026;2;L012;3;16;9
2026;2;L012;3;17;8
2026;2;L012;3;18;10
2026;2;L012;3;19;6
2026;2;L012;3;20;2
2026;2;L012;3;21;1
2026;2;L012;4;8;3
2026;2;L012;4;9;6
2026;2;L012;4;10;9
2026;2;L012;4;11;9
2026;2;L012;4;12;10
2026;2;L012;4;13;7
2026;2;L012;4;14;5
2026;2;L012;4;15;7
2026;2;L012;4;16;8
2026;2;L012;4;17;5
2026;2;L012;4;18;10
2026;2;L012;4;19;9
2026;2;L012;4;20;3
2026;2;L012;4;21;1
2026;2;L012;5;8;3
2026;2;L012;5;9;5
2026;2;L012;5;10;6
2026;2;L012;5;11;12
2026;2;L012;5;12;17
2026;2;L012;5;13;8
2026;2;L012;5;14;5
2026;2;L012;5;15;7
2026;2;L012;5;16;10
2026;2;L012;5;17;8
2026;2;L012;5;18;11
2026;2;L012;5;19;10
2026;2;L012;5;20;4
2026;2;L012;5;21;1
2026;2;L012;6;8;1
2026;2;L012;6;9;3
2026;2;L012;6;10;4
2026;2;L012;6;11;4
2026;2;L012;6;12;4
2026;2;L012;6;13;3
2026;2;L012;6;14;2
2026;2;L012;6;15;3
2026;2;L012;6;16;3
2026;2;L012;6;17;4
2026;2;L012;6;18;5
2026;2;L012;6;19;4
2026;2;L012;6;20;1
2026;2;L012;6;21;1
2026;2;L012;7;9;1
2026;2;L012;7;10;1
2026;2;L012;7;11;1
2026;2;L012;7;12;1
2026;3;L012;1;8;4
2026;3;L012;1;9;7
2026;3;L012;1;10;13
2026;3;L012;1;11;13
2026;3;L012;1;12;12
2026;3;L012;1;13;8
2026;3;L012;1;14;3
2026;3;L012;1;15;6
2026;3;L012;1;16;9
2026;3;L012;1;17;9
2026;3;L012;1;18;9
2026;3;L012;1;19;10
2026;3;L012;1;20;4
2026;3;L012;1;21;2
2026;3;L012;2;8;4
2026;3;L012;2;9;8
2026;3;L012;2;10;13
2026;3;L012;2;11;11
2026;3;L012;2;12;13
2026;3;L012;2;13;8
2026;3;L012;2;14;4
2026;3;L012;2;15;9
2026;3;L012;2;16;7
2026;3;L012;2;17;8
2026;3;L012;2;18;10
2026;3;L012;2;19;10
2026;3;L012;2;20;4
2026;3;L012;2;21;1
2026;3;L012;3;8;3
2026;3;L012;3;9;4
2026;3;L012;3;10;18
2026;3;L012;3;11;14
2026;3;L012;3;12;13
2026;3;L012;3;13;9
2026;3;L012;3;14;6
2026;3;L012;3;15;8
2026;3;L012;3;16;9
2026;3;L012;3;17;12
2026;3;L012;3;18;14
2026;3;L012;3;19;9
2026;3;L012;3;20;4
2026;3;L012;3;21;1
2026;3;L012;4;8;4
2026;3;L012;4;9;7
2026;3;L012;4;10;13
2026;3;L012;4;11;13
2026;3;L012;4;12;8
2026;3;L012;4;13;11
2026;3;L012;4;14;4
2026;3;L012;4;15;6
2026;3;L012;4;16;13
2026;3;L012;4;17;20
2026;3;L012;4;18;11
2026;3;L012;4;19;7
2026;3;L012;4;20;8
2026;3;L012;4;21;1
2026;3;L012;5;8;3
2026;3;L012;5;9;6
2026;3;L012;5;10;13
2026;3;L012;5;11;13
2026;3;L012;5;12;11
2026;3;L012;5;13;10
2026;3;L012;5;14;4
2026;3;L012;5;15;12
2026;3;L012;5;16;14
2026;3;L012;5;17;8
2026;3;L012;5;18;11
2026;3;L012;5;19;8
2026;3;L012;5;20;3
2026;3;L012;5;21;1
2026;3;L012;6;8;2
2026;3;L012;6;9;2
2026;3;L012;6;10;4
2026;3;L012;6;11;4
2026;3;L012;6;12;5
2026;3;L012;6;13;2
2026;3;L012;6;14;2
2026;3;L012;6;15;3
2026;3;L012;6;16;3
2026;3;L012;6;17;7
2026;3;L012;6;18;4
2026;3;L012;6;19;4
2026;3;L012;6;20;2
2026;3;L012;6;21;1
2026;3;L012;7;11;1
2026;3;L012;7;12;1
2026;3;L012;7;16;1
2026;4;L012;1;8;5
2026;4;L012;1;9;13
2026;4;L012;1;10;16
2026;4;L012;1;11;13
2026;4;L012;1;12;11
2026;4;L012;1;13;12
2026;4;L012;1;14;3
2026;4;L012;1;15;7
2026;4;L012;1;16;8
2026;4;L012;1;17;12
2026;4;L012;1;18;11
2026;4;L012;1;19;5
2026;4;L012;1;20;4
2026;4;L012;1;21;1
2026;4;L012;2;8;4
2026;4;L012;2;9;6
2026;4;L012;2;10;10
2026;4;L012;2;11;10
2026;4;L012;2;12;7
2026;4;L012;2;13;11
2026;4;L012;2;14;6
2026;4;L012;2;15;8
2026;4;L012;2;16;7
2026;4;L012;2;17;9
2026;4;L012;2;18;10
2026;4;L012;2;19;12
2026;4;L012;2;20;4
2026;4;L012;2;21;1
2026;4;L012;3;8;4
2026;4;L012;3;9;9
2026;4;L012;3;10;11
2026;4;L012;3;11;10
2026;4;L012;3;12;10
2026;4;L012;3;13;10
2026;4;L012;3;14;6
2026;4;L012;3;15;5
2026;4;L012;3;16;11
2026;4;L012;3;17;8
2026;4;L012;3;18;12
2026;4;L012;3;19;5
2026;4;L012;3;20;4
2026;4;L012;3;21;1
2026;4;L012;4;8;3
2026;4;L012;4;9;8
2026;4;L012;4;10;10
2026;4;L012;4;11;9
2026;4;L012;4;12;12
2026;4;L012;4;13;6
2026;4;L012;4;14;4
2026;4;L012;4;15;8
2026;4;L012;4;16;11
2026;4;L012;4;17;8
2026;4;L012;4;18;6
2026;4;L012;4;19;6
2026;4;L012;4;20;4
2026;4;L012;4;21;2
2026;4;L012;5;8;4
2026;4;L012;5;9;7
2026;4;L012;5;10;9
2026;4;L012;5;11;10
2026;4;L012;5;12;13
2026;4;L012;5;13;11
2026;4;L012;5;14;6
2026;4;L012;5;15;7
2026;4;L012;5;16;11
2026;4;L012;5;17;14
2026;4;L012;5;18;14
2026;4;L012;5;19;8
2026;4;L012;5;20;4
2026;4;L012;5;21;2
2026;4;L012;6;8;2
2026;4;L012;6;9;2
2026;4;L012;6;10;4
2026;4;L012;6;11;4
2026;4;L012;6;12;3
2026;4;L012;6;13;3
2026;4;L012;6;14;2
2026;4;L012;6;15;2
2026;4;L012;6;16;5
2026;4;L012;6;17;3
2026;4;L012;6;18;7
2026;4;L012;6;19;3
2026;4;L012;6;20;1
2026;4;L012;7;10;1
2026;4;L012;7;11;1
2026;5;L012;1;8;7
2026;5;L012;1;9;6
2026;5;L012;1;10;13
2026;5;L012;1;11;20
2026;5;L012;1;12;8
2026;5;L012;1;13;11
2026;5;L012;1;14;6
2026;5;L012;1;15;7
2026;5;L012;1;16;9
2026;5;L012;1;17;8
2026;5;L012;1;18;17
2026;5;L012;1;19;9
2026;5;L012;1;20;6
2026;5;L012;1;21;1
2026;5;L012;2;8;3
2026;5;L012;2;9;7
2026;5;L012;2;10;15
2026;5;L012;2;11;10
2026;5;L012;2;12;12
2026;5;L012;2;13;8
2026;5;L012;2;14;6
2026;5;L012;2;15;7
2026;5;L012;2;16;8
2026;5;L012;2;17;9
2026;5;L012;2;18;9
2026;5;L012;2;19;8
2026;5;L012;2;20;3
2026;5;L012;2;21;1
2026;5;L012;3;8;4
2026;5;L012;3;9;10
2026;5;L012;3;10;11
2026;5;L012;3;11;13
2026;5;L012;3;12;7
2026;5;L012;3;13;8
2026;5;L012;3;14;7
2026;5;L012;3;15;6
2026;5;L012;3;16;16
2026;5;L012;3;17;13
2026;5;L012;3;18;11
2026;5;L012;3;19;14
2026;5;L012;3;20;4
2026;5;L012;3;21;2
2026;5;L012;4;8;8
2026;5;L012;4;9;9
2026;5;L012;4;10;6
2026;5;L012;4;11;19
2026;5;L012;4;12;8
2026;5;L012;4;13;12
2026;5;L012;4;14;5
2026;5;L012;4;15;7
2026;5;L012;4;16;20
2026;5;L012;4;17;14
2026;5;L012;4;18;11
2026;5;L012;4;19;7
2026;5;L012;4;20;7
2026;5;L012;4;21;1
2026;5;L012;5;8;4
2026;5;L012;5;9;6
2026;5;L012;5;10;15
2026;5;L012;5;11;12
2026;5;L012;5;12;11
2026;5;L012;5;13;9
2026;5;L012;5;14;5
2026;5;L012;5;15;6
2026;5;L012;5;16;15
2026;5;L012;5;17;12
2026;5;L012;5;18;15
2026;5;L012;5;19;5
2026;5;L012;5;20;5
2026;5;L012;5;21;1
2026;5;L012;6;8;1
2026;5;L012;6;9;3
2026;5;L012;6;10;4
2026;5;L012;6;11;6
2026;5;L012;6;12;4
2026;5;L012;6;13;3
2026;5;L012;6;14;2
2026;5;L012;6;15;2
2026;5;L012;6;16;5
2026;5;L012;6;17;4
2026;5;L012;6;18;4
2026;5;L012;6;19;4
2026;5;L012;6;20;1
2026;5;L012;7;11;1
2026;5;L012;7;12;1
2026;5;L012;7;17;1
2026;6;L012;1;8;4
2026;6;L012;1;9;11
2026;6;L012;1;10;15
2026;6;L012;1;11;10
2026;6;L012;1;12;13
2026;6;L012;1;13;7
2026;6;L012;1;14;5
2026;6;L012;1;15;7
2026;6;L012;1;16;15
2026;6;L012;1;17;12
2026;6;L012;1;18;11
2026;6;L012;1;19;13
2026;6;L012;1;20;4
2026;6;L012;1;21;1
2026;6;L012;2;8;5
2026;6;L012;2;9;8
2026;6;L012;2;10;20
2026;6;L012;2;11;8
2026;6;L012;2;12;9
2026;6;L012;2;13;6
2026;6;L012;2;14;3
2026;6;L012;2;15;8
2026;6;L012;2;16;13
2026;6;L012;2;17;8
2026;6;L012;2;18;9
2026;6;L012;2;19;6
2026;6;L012;2;20;5
2026;6;L012;2;21;1
2026;6;L012;3;8;4
2026;6;L012;3;9;10
2026;6;L012;3;10;9
2026;6;L012;3;11;15
2026;6;L012;3;12;9
2026;6;L012;3;13;8
2026;6;L012;3;14;5
2026;6;L012;3;15;6
2026;6;L012;3;16;8
2026;6;L012;3;17;9
2026;6;L012;3;18;9
2026;6;L012;3;19;7
2026;6;L012;3;20;3
2026;6;L012;3;21;2
2026;6;L012;4;8;4
2026;6;L012;4;9;6
2026;6;L012;4;10;14
2026;6;L012;4;11;10
2026;6;L012;4;12;12
2026;6;L012;4;13;10
2026;6;L012;4;14;6
2026;6;L012;4;15;5
2026;6;L012;4;16;10
2026;6;L012;4;17;11
2026;6;L012;4;18;6
2026;6;L012;4;19;9
2026;6;L012;4;20;4
2026;6;L012;4;21;2
2026;6;L012;5;8;4
2026;6;L012;5;9;12
2026;6;L012;5;10;10
2026;6;L012;5;11;10
2026;6;L012;5;12;9
2026;6;L012;5;13;10
2026;6;L012;5;14;8
2026;6;L012;5;15;8
2026;6;L012;5;16;12
2026;6;L012;5;17;12
2026;6;L012;5;18;7
2026;6;L012;5;19;9
2026;6;L012;5;20;6
2026;6;L012;5;21;2
2026;6;L012;6;8;2
2026;6;L012;6;9;4
2026;6;L012;6;10;3
2026;6;L012;6;11;4
2026;6;L012;6;12;5
2026;6;L012;6;13;4
2026;6;L012;6;14;2
2026;6;L012;6;15;3
2026;6;L012;6;16;7
2026;6;L012;6;17;6
2026;6;L012;6;18;3
2026;6;L012;6;19;3
2026;6;L012;6;20;2
2026;6;L012;7;10;1
2026;6;L012;7;11;1
2026;6;L012;7;12;1
2026;6;L012;7;13;1
2026;6;L012;7;17;1
2026;6;L012;7;18;1
2026;7;L012;1;8;4
2026;7;L012;1;9;9
2026;7;L012;1;10;12
2026;7;L012;1;11;22
2026;7;L012;1;12;8
2026;7;L012;1;13;9
2026;7;L012;1;14;8
2026;7;L012;1;15;6
2026;7;L012;1;16;14
2026;7;L012;1;17;12
2026;7;L012;1;18;9
2026;7;L012;1;19;7
2026;7;L012;1;20;6
2026;7;L012;1;21;1
2026;7;L012;2;8;9
2026;7;L012;2;9;6
2026;7;L012;2;10;15
2026;7;L012;2;11;17
2026;7;L012;2;12;12
2026;7;L012;2;13;8
2026;7;L012;2;14;5
2026;7;L012;2;15;7
2026;7;L012;2;16;11
2026;7;L012;2;17;14
2026;7;L012;2;18;9
2026;7;L012;2;19;6
2026;7;L012;2;20;5
2026;7;L012;2;21;2
2026;7;L012;3;8;3
2026;7;L012;3;9;9
2026;7;L012;3;10;14
2026;7;L012;3;11;11
2026;7;L012;3;12;14
2026;7;L012;3;13;6
2026;7;L012;3;14;3
2026;7;L012;3;15;8
2026;7;L012;3;16;10
2026;7;L012;3;17;11
2026;7;L012;3;18;14
2026;7;L012;3;19;11
2026;7;L012;3;20;4
2026;7;L012;3;21;1
2026;7;L012;4;8;5
2026;7;L012;4;9;9
2026;7;L012;4;10;11
2026;7;L012;4;11;16
2026;7;L012;4;12;14
2026;7;L012;4;13;5
2026;7;L012;4;14;8
2026;7;L012;4;15;10
2026;7;L012;4;16;11
2026;7;L012;4;17;11
2026;7;L012;4;18;10
2026;7;L012;4;19;8
2026;7;L012;4;20;4
2026;7;L012;4;21;2
2026;7;L012;5;8;2
2026;7;L012;5;9;8
2026;7;L012;5;10;15
2026;7;L012;5;11;10
2026;7;L012;5;12;12
2026;7;L012;5;13;10
2026;7;L012;5;14;7
2026;7;L012;5;15;10
2026;7;L012;5;16;16
2026;7;L012;5;17;22
2026;7;L012;5;18;15
2026;7;L012;5;19;8
2026;7;L012;5;20;3
2026;7;L012;5;21;1
2026;7;L012;6;8;2
2026;7;L012;6;9;4
2026;7;L012;6;10;6
2026;7;L012;6;11;6
2026;7;L012;6;12;5
2026;7;L012;6;13;4
2026;7;L012;6;14;2
2026;7;L012;6;15;3
2026;7;L012;6;16;4
2026;7;L012;6;17;5
2026;7;L012;6;18;5
2026;7;L012;6;19;3
2026;7;L012;6;20;2
2026;7;L012;6;21;1
2026;7;L012;7;10;1
2026;7;L012;7;11;1
2026;7;L012;7;12;1
2026;7;L012;7;16;1
2026;7;L012;7;17;1
2026;8;L012;1;8;5
2026;8;L012;1;9;10
2026;8;L012;1;10;18
2026;8;L012;1;11;12
2026;8;L012;1;12;11
2026;8;L012;1;13;10
2026;8;L012;1;14;5
2026;8;L012;1;15;6
2026;8;L012;1;16;11
2026;8;L012;1;17;12
2026;8;L012;1;18;11
2026;8;L012;1;19;6
2026;8;L012;1;20;4
2026;8;L012;1;21;1
2026;8;L012;2;8;5
2026;8;L012;2;9;10
2026;8;L012;2;10;11
2026;8;L012;2;11;11
2026;8;L012;2;12;12
2026;8;L012;2;13;7
2026;8;L012;2;14;5
2026;8;L012;2;15;6
2026;8;L012;2;16;6
2026;8;L012;2;17;8
2026;8;L012;2;18;12
2026;8;L012;2;19;10
2026;8;L012;2;20;3
2026;8;L012;2;21;1
2026;8;L012;3;8;3
2026;8;L012;3;9;7
2026;8;L012;3;10;10
2026;8;L012;3;11;15
2026;8;L012;3;12;9
2026;8;L012;3;13;12
2026;8;L012;3;14;8
2026;8;L012;3;15;9
2026;8;L012;3;16;14
2026;8;L012;3;17;8
2026;8;L012;3;18;14
2026;8;L012;3;19;6
2026;8;L012;3;20;3
2026;8;L012;3;21;2
2026;8;L012;4;8;4
2026;8;L012;4;9;9
2026;8;L012;4;10;13
2026;8;L012;4;11;16
2026;8;L012;4;12;20
2026;8;L012;4;13;7
2026;8;L012;4;14;6
2026;8;L012;4;15;6
2026;8;L012;4;16;13
2026;8;L012;4;17;13
2026;8;L012;4;18;15
2026;8;L012;4;19;8
2026;8;L012;4;20;7
2026;8;L012;4;21;1
2026;8;L012;5;8;4
2026;8;L012;5;9;9
2026;8;L012;5;10;8
2026;8;L012;5;11;15
2026;8;L012;5;12;12
2026;8;L012;5;13;8
2026;8;L012;5;14;7
2026;8;L012;5;15;11
2026;8;L012;5;16;12
2026;8;L012;5;17;9
2026;8;L012;5;18;9
2026;8;L012;5;19;10
2026;8;L012;5;20;5
2026;8;L012;5;21;1
2026;8;L012;6;8;1
2026;8;L012;6;9;3
2026;8;L012;6;10;4
2026;8;L012;6;11;5
2026;8;L012;6;12;2
2026;8;L012;6;13;3
2026;8;L012;6;14;2
2026;8;L012;6;15;3
2026;8;L012;6;16;4
2026;8;L012;6;17;5
2026;8;L012;6;18;5
2026;8;L012;6;19;3
2026;8;L012;6;20;2
2026;8;L012;7;10;1
2026;8;L012;7;17;1
2026;1;L013;1;8;8
2026;1;L013;1;9;21
2026;1;L013;1;10;35
2026;1;L013;1;11;33
2026;1;L013;1;12;34
2026;1;L013;1;13;15
2026;1;L013;1;14;8
2026;1;L013;1;15;12
2026;1;L013;1;16;25
2026;1;L013;1;17;28
2026;1;L013;1;18;20
2026;1;L013;1;19;16
2026;1;L013;1;20;9
2026;1;L013;1;21;4
2026;1;L013;2;8;7
2026;1;L013;2;9;16
2026;1;L013;2;10;33
2026;1;L013;2;11;31
2026;1;L013;2;12;28
2026;1;L013;2;13;11
2026;1;L013;2;14;11
2026;1;L013;2;15;8
2026;1;L013;2;16;22
2026;1;L013;2;17;19
2026;1;L013;2;18;32
2026;1;L013;2;19;17
2026;1;L013;2;20;11
2026;1;L013;2;21;4
2026;1;L013;3;8;8
2026;1;L013;3;9;24
2026;1;L013;3;10;26
2026;1;L013;3;11;26
2026;1;L013;3;12;18
2026;1;L013;3;13;11
2026;1;L013;3;14;10
2026;1;L013;3;15;17
2026;1;L013;3;16;21
2026;1;L013;3;17;18
2026;1;L013;3;18;18
2026;1;L013;3;19;12
2026;1;L013;3;20;8
2026;1;L013;3;21;2
2026;1;L013;4;8;9
2026;1;L013;4;9;21
2026;1;L013;4;10;20
2026;1;L013;4;11;26
2026;1;L013;4;12;27
2026;1;L013;4;13;18
2026;1;L013;4;14;16
2026;1;L013;4;15;13
2026;1;L013;4;16;22
2026;1;L013;4;17;26
2026;1;L013;4;18;37
2026;1;L013;4;19;13
2026;1;L013;4;20;11
2026;1;L013;4;21;3
2026;1;L013;5;8;8
2026;1;L013;5;9;19
2026;1;L013;5;10;34
2026;1;L013;5;11;29
2026;1;L013;5;12;41
2026;1;L013;5;13;26
2026;1;L013;5;14;13
2026;1;L013;5;15;15
2026;1;L013;5;16;22
2026;1;L013;5;17;22
2026;1;L013;5;18;26
2026;1;L013;5;19;13
2026;1;L013;5;20;6
2026;1;L013;5;21;4
2026;1;L013;6;8;4
2026;1;L013;6;9;8
2026;1;L013;6;10;10
2026;1;L013;6;11;13
2026;1;L013;6;12;10
2026;1;L013;6;13;7
2026;1;L013;6;14;3
2026;1;L013;6;15;5
2026;1;L013;6;16;11
2026;1;L013;6;17;10
2026;1;L013;6;18;9
2026;1;L013;6;19;10
2026;1;L013;6;20;4
2026;1;L013;6;21;1
2026;1;L013;7;9;1
2026;1;L013;7;10;1
2026;1;L013;7;11;1
2026;1;L013;7;12;1
2026;1;L013;7;13;1
2026;1;L013;7;15;1
2026;1;L013;7;16;1
2026;1;L013;7;17;2
2026;1;L013;7;18;1
2026;1;L013;7;19;1
2026;2;L013;1;8;9
2026;2;L013;1;9;19
2026;2;L013;1;10;20
2026;2;L013;1;11;25
2026;2;L013;1;12;15
2026;2;L013;1;13;20
2026;2;L013;1;14;11
2026;2;L013;1;15;16
2026;2;L013;1;16;21
2026;2;L013;1;17;30
2026;2;L013;1;18;16
2026;2;L013;1;19;15
2026;2;L013;1;20;8
2026;2;L013;1;21;3
2026;2;L013;2;8;10
2026;2;L013;2;9;14
2026;2;L013;2;10;14
2026;2;L013;2;11;16
2026;2;L013;2;12;23
2026;2;L013;2;13;14
2026;2;L013;2;14;11
2026;2;L013;2;15;21
2026;2;L013;2;16;28
2026;2;L013;2;17;32
2026;2;L013;2;18;24
2026;2;L013;2;19;17
2026;2;L013;2;20;8
2026;2;L013;2;21;2
2026;2;L013;3;8;11
2026;2;L013;3;9;16
2026;2;L013;3;10;23
2026;2;L013;3;11;33
2026;2;L013;3;12;26
2026;2;L013;3;13;10
2026;2;L013;3;14;12
2026;2;L013;3;15;12
2026;2;L013;3;16;21
2026;2;L013;3;17;18
2026;2;L013;3;18;25
2026;2;L013;3;19;17
2026;2;L013;3;20;8
2026;2;L013;3;21;3
2026;2;L013;4;8;7
2026;2;L013;4;9;17
2026;2;L013;4;10;27
2026;2;L013;4;11;16
2026;2;L013;4;12;29
2026;2;L013;4;13;18
2026;2;L013;4;14;22
2026;2;L013;4;15;10
2026;2;L013;4;16;14
2026;2;L013;4;17;30
2026;2;L013;4;18;19
2026;2;L013;4;19;14
2026;2;L013;4;20;12
2026;2;L013;4;21;4
2026;2;L013;5;8;10
2026;2;L013;5;9;14
2026;2;L013;5;10;37
2026;2;L013;5;11;29
2026;2;L013;5;12;19
2026;2;L013;5;13;15
2026;2;L013;5;14;12
2026;2;L013;5;15;11
2026;2;L013;5;16;25
2026;2;L013;5;17;26
2026;2;L013;5;18;26
2026;2;L013;5;19;19
2026;2;L013;5;20;10
2026;2;L013;5;21;3
2026;2;L013;6;8;2
2026;2;L013;6;9;7
2026;2;L013;6;10;7
2026;2;L013;6;11;9
2026;2;L013;6;12;8
2026;2;L013;6;13;8
2026;2;L013;6;14;4
2026;2;L013;6;15;7
2026;2;L013;6;16;6
2026;2;L013;6;17;7
2026;2;L013;6;18;11
2026;2;L013;6;19;9
2026;2;L013;6;20;2
2026;2;L013;6;21;1
2026;2;L013;7;9;1
2026;2;L013;7;10;1
2026;2;L013;7;11;2
2026;2;L013;7;12;1
2026;2;L013;7;13;1
2026;2;L013;7;14;1
2026;2;L013;7;15;1
2026;2;L013;7;16;1
2026;2;L013;7;17;1
2026;2;L013;7;18;1
2026;2;L013;7;19;1
2026;3;L013;1;8;10
2026;3;L013;1;9;19
2026;3;L013;1;10;26
2026;3;L013;1;11;36
2026;3;L013;1;12;30
2026;3;L013;1;13;34
2026;3;L013;1;14;14
2026;3;L013;1;15;18
2026;3;L013;1;16;32
2026;3;L013;1;17;26
2026;3;L013;1;18;46
2026;3;L013;1;19;24
2026;3;L013;1;20;7
2026;3;L013;1;21;4
2026;3;L013;2;8;9
2026;3;L013;2;9;15
2026;3;L013;2;10;18
2026;3;L013;2;11;14
2026;3;L013;2;12;24
2026;3;L013;2;13;19
2026;3;L013;2;14;10
2026;3;L013;2;15;17
2026;3;L013;2;16;24
2026;3;L013;2;17;20
2026;3;L013;2;18;30
2026;3;L013;2;19;25
2026;3;L013;2;20;10
2026;3;L013;2;21;3
2026;3;L013;3;8;8
2026;3;L013;3;9;21
2026;3;L013;3;10;34
2026;3;L013;3;11;29
2026;3;L013;3;12;33
2026;3;L013;3;13;21
2026;3;L013;3;14;9
2026;3;L013;3;15;18
2026;3;L013;3;16;24
2026;3;L013;3;17;28
2026;3;L013;3;18;27
2026;3;L013;3;19;16
2026;3;L013;3;20;9
2026;3;L013;3;21;3
2026;3;L013;4;8;12
2026;3;L013;4;9;17
2026;3;L013;4;10;22
2026;3;L013;4;11;43
2026;3;L013;4;12;15
2026;3;L013;4;13;21
2026;3;L013;4;14;6
2026;3;L013;4;15;17
2026;3;L013;4;16;24
2026;3;L013;4;17;27
2026;3;L013;4;18;29
2026;3;L013;4;19;16
2026;3;L013;4;20;12
2026;3;L013;4;21;3
2026;3;L013;5;8;10
2026;3;L013;5;9;19
2026;3;L013;5;10;29
2026;3;L013;5;11;26
2026;3;L013;5;12;40
2026;3;L013;5;13;25
2026;3;L013;5;14;17
2026;3;L013;5;15;24
2026;3;L013;5;16;35
2026;3;L013;5;17;20
2026;3;L013;5;18;20
2026;3;L013;5;19;19
2026;3;L013;5;20;14
2026;3;L013;5;21;3
2026;3;L013;6;8;4
2026;3;L013;6;9;7
2026;3;L013;6;10;13
2026;3;L013;6;11;10
2026;3;L013;6;12;12
2026;3;L013;6;13;7
2026;3;L013;6;14;4
2026;3;L013;6;15;4
2026;3;L013;6;16;10
2026;3;L013;6;17;17
2026;3;L013;6;18;11
2026;3;L013;6;19;10
2026;3;L013;6;20;2
2026;3;L013;6;21;1
2026;3;L013;7;9;1
2026;3;L013;7;10;1
2026;3;L013;7;11;2
2026;3;L013;7;12;1
2026;3;L013;7;13;1
2026;3;L013;7;14;1
2026;3;L013;7;15;1
2026;3;L013;7;16;1
2026;3;L013;7;17;1
2026;3;L013;7;18;1
2026;3;L013;7;19;1
2026;4;L013;1;8;8
2026;4;L013;1;9;15
2026;4;L013;1;10;29
2026;4;L013;1;11;26
2026;4;L013;1;12;29
2026;4;L013;1;13;22
2026;4;L013;1;14;16
2026;4;L013;1;15;11
2026;4;L013;1;16;39
2026;4;L013;1;17;23
2026;4;L013;1;18;25
2026;4;L013;1;19;20
2026;4;L013;1;20;8
2026;4;L013;1;21;3
2026;4;L013;2;8;7
2026;4;L013;2;9;13
2026;4;L013;2;10;25
2026;4;L013;2;11;21
2026;4;L013;2;12;28
2026;4;L013;2;13;26
2026;4;L013;2;14;13
2026;4;L013;2;15;14
2026;4;L013;2;16;35
2026;4;L013;2;17;18
2026;4;L013;2;18;24
2026;4;L013;2;19;15
2026;4;L013;2;20;9
2026;4;L013;2;21;2
2026;4;L013;3;8;9
2026;4;L013;3;9;16
2026;4;L013;3;10;40
2026;4;L013;3;11;19
2026;4;L013;3;12;14
2026;4;L013;3;13;17
2026;4;L013;3;14;12
2026;4;L013;3;15;14
2026;4;L013;3;16;23
2026;4;L013;3;17;34
2026;4;L013;3;18;32
2026;4;L013;3;19;20
2026;4;L013;3;20;10
2026;4;L013;3;21;2
2026;4;L013;4;8;14
2026;4;L013;4;9;15
2026;4;L013;4;10;34
2026;4;L013;4;11;24
2026;4;L013;4;12;21
2026;4;L013;4;13;24
2026;4;L013;4;14;17
2026;4;L013;4;15;14
2026;4;L013;4;16;23
2026;4;L013;4;17;21
2026;4;L013;4;18;23
2026;4;L013;4;19;16
2026;4;L013;4;20;7
2026;4;L013;4;21;4
2026;4;L013;5;8;9
2026;4;L013;5;9;17
2026;4;L013;5;10;39
2026;4;L013;5;11;40
2026;4;L013;5;12;24
2026;4;L013;5;13;20
2026;4;L013;5;14;11
2026;4;L013;5;15;19
2026;4;L013;5;16;32
2026;4;L013;5;17;23
2026;4;L013;5;18;20
2026;4;L013;5;19;23
2026;4;L013;5;20;16
2026;4;L013;5;21;4
2026;4;L013;6;8;2
2026;4;L013;6;9;8
2026;4;L013;6;10;10
2026;4;L013;6;11;11
2026;4;L013;6;12;7
2026;4;L013;6;13;7
2026;4;L013;6;14;5
2026;4;L013;6;15;5
2026;4;L013;6;16;10
2026;4;L013;6;17;8
2026;4;L013;6;18;12
2026;4;L013;6;19;8
2026;4;L013;6;20;6
2026;4;L013;6;21;2
2026;4;L013;7;9;1
2026;4;L013;7;10;2
2026;4;L013;7;11;1
2026;4;L013;7;12;1
2026;4;L013;7;13;1
2026;4;L013;7;15;1
2026;4;L013;7;16;1
2026;4;L013;7;17;1
2026;4;L013;7;18;1
2026;4;L013;7;19;1
2026;5;L013;1;8;10
2026;5;L013;1;9;18
2026;5;L013;1;10;22
2026;5;L013;1;11;33
2026;5;L013;1;12;35
2026;5;L013;1;13;33
2026;5;L013;1;14;12
2026;5;L013;1;15;16
2026;5;L013;1;16;19
2026;5;L013;1;17;19
2026;5;L013;1;18;33
2026;5;L013;1;19;20
2026;5;L013;1;20;12
2026;5;L013;1;21;3
2026;5;L013;2;8;8
2026;5;L013;2;9;20
2026;5;L013;2;10;27
2026;5;L013;2;11;25
2026;5;L013;2;12;18
2026;5;L013;2;13;20
2026;5;L013;2;14;16
2026;5;L013;2;15;21
2026;5;L013;2;16;24
2026;5;L013;2;17;37
2026;5;L013;2;18;21
2026;5;L013;2;19;16
2026;5;L013;2;20;11
2026;5;L013;2;21;3
2026;5;L013;3;8;14
2026;5;L013;3;9;18
2026;5;L013;3;10;23
2026;5;L013;3;11;27
2026;5;L013;3;12;23
2026;5;L013;3;13;21
2026;5;L013;3;14;13
2026;5;L013;3;15;18
2026;5;L013;3;16;19
2026;5;L013;3;17;23
2026;5;L013;3;18;23
2026;5;L013;3;19;19
2026;5;L013;3;20;9
2026;5;L013;3;21;3
2026;5;L013;4;8;13
2026;5;L013;4;9;16
2026;5;L013;4;10;34
2026;5;L013;4;11;29
2026;5;L013;4;12;24
2026;5;L013;4;13;34
2026;5;L013;4;14;9
2026;5;L013;4;15;16
2026;5;L013;4;16;25
2026;5;L013;4;17;18
2026;5;L013;4;18;29
2026;5;L013;4;19;15
2026;5;L013;4;20;6
2026;5;L013;4;21;2
2026;5;L013;5;8;10
2026;5;L013;5;9;15
2026;5;L013;5;10;22
2026;5;L013;5;11;27
2026;5;L013;5;12;30
2026;5;L013;5;13;17
2026;5;L013;5;14;11
2026;5;L013;5;15;14
2026;5;L013;5;16;26
2026;5;L013;5;17;33
2026;5;L013;5;18;49
2026;5;L013;5;19;30
2026;5;L013;5;20;7
2026;5;L013;5;21;5
2026;5;L013;6;8;3
2026;5;L013;6;9;5
2026;5;L013;6;10;11
2026;5;L013;6;11;13
2026;5;L013;6;12;6
2026;5;L013;6;13;10
2026;5;L013;6;14;3
2026;5;L013;6;15;7
2026;5;L013;6;16;10
2026;5;L013;6;17;12
2026;5;L013;6;18;7
2026;5;L013;6;19;8
2026;5;L013;6;20;5
2026;5;L013;6;21;1
2026;5;L013;7;9;1
2026;5;L013;7;10;1
2026;5;L013;7;11;1
2026;5;L013;7;12;1
2026;5;L013;7;13;1
2026;5;L013;7;15;1
2026;5;L013;7;16;1
2026;5;L013;7;17;2
2026;5;L013;7;18;1
2026;5;L013;7;19;1
2026;6;L013;1;8;12
2026;6;L013;1;9;26
2026;6;L013;1;10;26
2026;6;L013;1;11;22
2026;6;L013;1;12;33
2026;6;L013;1;13;31
2026;6;L013;1;14;12
2026;6;L013;1;15;12
2026;6;L013;1;16;26
2026;6;L013;1;17;34
2026;6;L013;1;18;25
2026;6;L013;1;19;24
2026;6;L013;1;20;5
2026;6;L013;1;21;6
2026;6;L013;2;8;7
2026;6;L013;2;9;16
2026;6;L013;2;10;41
2026;6;L013;2;11;41
2026;6;L013;2;12;28
2026;6;L013;2;13;31
2026;6;L013;2;14;16
2026;6;L013;2;15;11
2026;6;L013;2;16;26
2026;6;L013;2;17;35
2026;6;L013;2;18;22
2026;6;L013;2;19;18
2026;6;L013;2;20;10
2026;6;L013;2;21;3
2026;6;L013;3;8;6
2026;6;L013;3;9;20
2026;6;L013;3;10;18
2026;6;L013;3;11;24
2026;6;L013;3;12;20
2026;6;L013;3;13;19
2026;6;L013;3;14;13
2026;6;L013;3;15;13
2026;6;L013;3;16;29
2026;6;L013;3;17;22
2026;6;L013;3;18;31
2026;6;L013;3;19;22
2026;6;L013;3;20;8
2026;6;L013;3;21;6
2026;6;L013;4;8;8
2026;6;L013;4;9;12
2026;6;L013;4;10;26
2026;6;L013;4;11;33
2026;6;L013;4;12;34
2026;6;L013;4;13;21
2026;6;L013;4;14;11
2026;6;L013;4;15;12
2026;6;L013;4;16;30
2026;6;L013;4;17;22
2026;6;L013;4;18;23
2026;6;L013;4;19;25
2026;6;L013;4;20;8
2026;6;L013;4;21;4
2026;6;L013;5;8;11
2026;6;L013;5;9;27
2026;6;L013;5;10;40
2026;6;L013;5;11;23
2026;6;L013;5;12;43
2026;6;L013;5;13;26
2026;6;L013;5;14;14
2026;6;L013;5;15;14
2026;6;L013;5;16;35
2026;6;L013;5;17;29
2026;6;L013;5;18;22
2026;6;L013;5;19;19
2026;6;L013;5;20;11
2026;6;L013;5;21;5
2026;6;L013;6;8;3
2026;6;L013;6;9;7
2026;6;L013;6;10;11
2026;6;L013;6;11;13
2026;6;L013;6;12;11
2026;6;L013;6;13;10
2026;6;L013;6;14;6
2026;6;L013;6;15;6
2026;6;L013;6;16;9
2026;6;L013;6;17;8
2026;6;L013;6;18;8
2026;6;L013;6;19;9
2026;6;L013;6;20;3
2026;6;L013;6;21;2
2026;6;L013;7;8;1
2026;6;L013;7;9;1
2026;6;L013;7;10;2
2026;6;L013;7;11;1
2026;6;L013;7;12;1
2026;6;L013;7;13;1
2026;6;L013;7;14;1
2026;6;L013;7;15;1
2026;6;L013;7;16;2
2026;6;L013;7;17;2
2026;6;L013;7;18;1
2026;6;L013;7;19;1
2026;7;L013;1;8;12
2026;7;L013;1;9;25
2026;7;L013;1;10;26
2026;7;L013;1;11;28
2026;7;L013;1;12;21
2026;7;L013;1;13;23
2026;7;L013;1;14;25
2026;7;L013;1;15;14
2026;7;L013;1;16;23
2026;7;L013;1;17;30
2026;7;L013;1;18;20
2026;7;L013;1;19;22
2026;7;L013;1;20;8
2026;7;L013;1;21;6
2026;7;L013;2;8;8
2026;7;L013;2;9;18
2026;7;L013;2;10;25
2026;7;L013;2;11;16
2026;7;L013;2;12;27
2026;7;L013;2;13;29
2026;7;L013;2;14;22
2026;7;L013;2;15;15
2026;7;L013;2;16;29
2026;7;L013;2;17;24
2026;7;L013;2;18;23
2026;7;L013;2;19;19
2026;7;L013;2;20;7
2026;7;L013;2;21;3
2026;7;L013;3;8;12
2026;7;L013;3;9;10
2026;7;L013;3;10;20
2026;7;L013;3;11;34
2026;7;L013;3;12;40
2026;7;L013;3;13;25
2026;7;L013;3;14;12
2026;7;L013;3;15;15
2026;7;L013;3;16;25
2026;7;L013;3;17;19
2026;7;L013;3;18;28
2026;7;L013;3;19;17
2026;7;L013;3;20;11
2026;7;L013;3;21;3
2026;7;L013;4;8;7
2026;7;L013;4;9;25
2026;7;L013;4;10;40
2026;7;L013;4;11;25
2026;7;L013;4;12;27
2026;7;L013;4;13;25
2026;7;L013;4;14;14
2026;7;L013;4;15;13
2026;7;L013;4;16;21
2026;7;L013;4;17;26
2026;7;L013;4;18;25
2026;7;L013;4;19;29
2026;7;L013;4;20;7
2026;7;L013;4;21;5
2026;7;L013;5;8;12
2026;7;L013;5;9;19
2026;7;L013;5;10;47
2026;7;L013;5;11;38
2026;7;L013;5;12;21
2026;7;L013;5;13;28
2026;7;L013;5;14;12
2026;7;L013;5;15;18
2026;7;L013;5;16;25
2026;7;L013;5;17;36
2026;7;L013;5;18;41
2026;7;L013;5;19;27
2026;7;L013;5;20;8
2026;7;L013;5;21;3
2026;7;L013;6;8;3
2026;7;L013;6;9;8
2026;7;L013;6;10;12
2026;7;L013;6;11;10
2026;7;L013;6;12;13
2026;7;L013;6;13;9
2026;7;L013;6;14;5
2026;7;L013;6;15;6
2026;7;L013;6;16;15
2026;7;L013;6;17;13
2026;7;L013;6;18;12
2026;7;L013;6;19;7
2026;7;L013;6;20;4
2026;7;L013;6;21;1
2026;7;L013;7;9;1
2026;7;L013;7;10;1
2026;7;L013;7;11;1
2026;7;L013;7;12;1
2026;7;L013;7;13;2
2026;7;L013;7;14;1
2026;7;L013;7;15;1
2026;7;L013;7;16;1
2026;7;L013;7;17;2
2026;7;L013;7;18;3
2026;7;L013;7;19;1
2026;8;L013;1;8;14
2026;8;L013;1;9;15
2026;8;L013;1;10;22
2026;8;L013;1;11;18
2026;8;L013;1;12;23
2026;8;L013;1;13;20
2026;8;L013;1;14;8
2026;8;L013;1;15;23
2026;8;L013;1;16;23
2026;8;L013;1;17;39
2026;8;L013;1;18;27
2026;8;L013;1;19;26
2026;8;L013;1;20;11
2026;8;L013;1;21;3
2026;8;L013;2;8;7
2026;8;L013;2;9;20
2026;8;L013;2;10;28
2026;8;L013;2;11;22
2026;8;L013;2;12;24
2026;8;L013;2;13;17
2026;8;L013;2;14;11
2026;8;L013;2;15;13
2026;8;L013;2;16;28
2026;8;L013;2;17;41
2026;8;L013;2;18;21
2026;8;L013;2;19;14
2026;8;L013;2;20;7
2026;8;L013;2;21;3
2026;8;L013;3;8;12
2026;8;L013;3;9;24
2026;8;L013;3;10;41
2026;8;L013;3;11;31
2026;8;L013;3;12;29
2026;8;L013;3;13;24
2026;8;L013;3;14;11
2026;8;L013;3;15;21
2026;8;L013;3;16;23
2026;8;L013;3;17;33
2026;8;L013;3;18;18
2026;8;L013;3;19;21
2026;8;L013;3;20;10
2026;8;L013;3;21;4
2026;8;L013;4;8;9
2026;8;L013;4;9;11
2026;8;L013;4;10;26
2026;8;L013;4;11;23
2026;8;L013;4;12;37
2026;8;L013;4;13;18
2026;8;L013;4;14;11
2026;8;L013;4;15;17
2026;8;L013;4;16;36
2026;8;L013;4;17;32
2026;8;L013;4;18;29
2026;8;L013;4;19;15
2026;8;L013;4;20;9
2026;8;L013;4;21;3
2026;8;L013;5;8;7
2026;8;L013;5;9;35
2026;8;L013;5;10;39
2026;8;L013;5;11;19
2026;8;L013;5;12;27
2026;8;L013;5;13;19
2026;8;L013;5;14;14
2026;8;L013;5;15;13
2026;8;L013;5;16;16
2026;8;L013;5;17;23
2026;8;L013;5;18;31
2026;8;L013;5;19;22
2026;8;L013;5;20;11
2026;8;L013;5;21;3
2026;8;L013;6;8;5
2026;8;L013;6;9;8
2026;8;L013;6;10;8
2026;8;L013;6;11;13
2026;8;L013;6;12;9
2026;8;L013;6;13;9
2026;8;L013;6;14;4
2026;8;L013;6;15;4
2026;8;L013;6;16;10
2026;8;L013;6;17;11
2026;8;L013;6;18;12
2026;8;L013;6;19;7
2026;8;L013;6;20;3
2026;8;L013;6;21;2
2026;8;L013;7;8;1
2026;8;L013;7;9;1
2026;8;L013;7;10;1
2026;8;L013;7;11;1
2026;8;L013;7;12;2
2026;8;L013;7;13;2
2026;8;L013;7;14;1
2026;8;L013;7;16;2
2026;8;L013;7;17;2
2026;8;L013;7;18;1
2026;8;L013;7;19;1
2026;5;L015;1;8;8
2026;5;L015;1;9;14
2026;5;L015;1;10;26
2026;5;L015;1;11;31
2026;5;L015;1;12;16
2026;5;L015;1;13;22
2026;5;L015;1;14;13
2026;5;L015;1;15;25
2026;5;L015;1;16;20
2026;5;L015;1;17;35
2026;5;L015;1;18;23
2026;5;L015;1;19;25
2026;5;L015;1;20;8
2026;5;L015;1;21;4
2026;5;L015;2;8;9
2026;5;L015;2;9;16
2026;5;L015;2;10;27
2026;5;L015;2;11;32
2026;5;L015;2;12;14
2026;5;L015;2;13;24
2026;5;L015;2;14;10
2026;5;L015;2;15;19
2026;5;L015;2;16;28
2026;5;L015;2;17;28
2026;5;L015;2;18;21
2026;5;L015;2;19;24
2026;5;L015;2;20;10
2026;5;L015;2;21;2
2026;5;L015;3;8;9
2026;5;L015;3;9;23
2026;5;L015;3;10;19
2026;5;L015;3;11;34
2026;5;L015;3;12;31
2026;5;L015;3;13;32
2026;5;L015;3;14;8
2026;5;L015;3;15;13
2026;5;L015;3;16;19
2026;5;L015;3;17;39
2026;5;L015;3;18;26
2026;5;L015;3;19;23
2026;5;L015;3;20;7
2026;5;L015;3;21;3
2026;5;L015;4;8;7
2026;5;L015;4;9;13
2026;5;L015;4;10;27
2026;5;L015;4;11;30
2026;5;L015;4;12;15
2026;5;L015;4;13;18
2026;5;L015;4;14;9
2026;5;L015;4;15;20
2026;5;L015;4;16;35
2026;5;L015;4;17;17
2026;5;L015;4;18;18
2026;5;L015;4;19;17
2026;5;L015;4;20;11
2026;5;L015;4;21;3
2026;5;L015;5;8;9
2026;5;L015;5;9;16
2026;5;L015;5;10;31
2026;5;L015;5;11;38
2026;5;L015;5;12;35
2026;5;L015;5;13;14
2026;5;L015;5;14;8
2026;5;L015;5;15;18
2026;5;L015;5;16;23
2026;5;L015;5;17;22
2026;5;L015;5;18;18
2026;5;L015;5;19;21
2026;5;L015;5;20;7
2026;5;L015;5;21;4
2026;5;L015;6;8;4
2026;5;L015;6;9;6
2026;5;L015;6;10;12
2026;5;L015;6;11;8
2026;5;L015;6;12;13
2026;5;L015;6;13;10
2026;5;L015;6;14;4
2026;5;L015;6;15;6
2026;5;L015;6;16;6
2026;5;L015;6;17;15
2026;5;L015;6;18;11
2026;5;L015;6;19;6
2026;5;L015;6;20;3
2026;5;L015;6;21;1
2026;5;L015;7;9;1
2026;5;L015;7;10;1
2026;5;L015;7;11;1
2026;5;L015;7;12;1
2026;5;L015;7;13;1
2026;5;L015;7;15;1
2026;5;L015;7;16;1
2026;5;L015;7;17;1
2026;5;L015;7;18;1
2026;5;L015;7;19;1
2026;6;L015;1;8;11
2026;6;L015;1;9;23
2026;6;L015;1;10;23
2026;6;L015;1;11;33
2026;6;L015;1;12;41
2026;6;L015;1;13;17
2026;6;L015;1;14;15
2026;6;L015;1;15;19
2026;6;L015;1;16;27
2026;6;L015;1;17;22
2026;6;L015;1;18;24
2026;6;L015;1;19;22
2026;6;L015;1;20;12
2026;6;L015;1;21;3
2026;6;L015;2;8;6
2026;6;L015;2;9;15
2026;6;L015;2;10;34
2026;6;L015;2;11;25
2026;6;L015;2;12;20
2026;6;L015;2;13;27
2026;6;L015;2;14;12
2026;6;L015;2;15;10
2026;6;L015;2;16;16
2026;6;L015;2;17;27
2026;6;L015;2;18;23
2026;6;L015;2;19;18
2026;6;L015;2;20;5
2026;6;L015;2;21;3
2026;6;L015;3;8;7
2026;6;L015;3;9;32
2026;6;L015;3;10;30
2026;6;L015;3;11;24
2026;6;L015;3;12;33
2026;6;L015;3;13;21
2026;6;L015;3;14;10
2026;6;L015;3;15;18
2026;6;L015;3;16;41
2026;6;L015;3;17;21
2026;6;L015;3;18;32
2026;6;L015;3;19;27
2026;6;L015;3;20;12
2026;6;L015;3;21;3
2026;6;L015;4;8;9
2026;6;L015;4;9;17
2026;6;L015;4;10;32
2026;6;L015;4;11;34
2026;6;L015;4;12;20
2026;6;L015;4;13;31
2026;6;L015;4;14;14
2026;6;L015;4;15;13
2026;6;L015;4;16;28
2026;6;L015;4;17;14
2026;6;L015;4;18;25
2026;6;L015;4;19;25
2026;6;L015;4;20;7
2026;6;L015;4;21;4
2026;6;L015;5;8;12
2026;6;L015;5;9;20
2026;6;L015;5;10;20
2026;6;L015;5;11;51
2026;6;L015;5;12;20
2026;6;L015;5;13;20
2026;6;L015;5;14;11
2026;6;L015;5;15;13
2026;6;L015;5;16;20
2026;6;L015;5;17;24
2026;6;L015;5;18;27
2026;6;L015;5;19;22
2026;6;L015;5;20;9
2026;6;L015;5;21;3
2026;6;L015;6;8;4
2026;6;L015;6;9;5
2026;6;L015;6;10;14
2026;6;L015;6;11;15
2026;6;L015;6;12;12
2026;6;L015;6;13;11
2026;6;L015;6;14;4
2026;6;L015;6;15;6
2026;6;L015;6;16;8
2026;6;L015;6;17;14
2026;6;L015;6;18;10
2026;6;L015;6;19;7
2026;6;L015;6;20;5
2026;6;L015;6;21;1
2026;6;L015;7;8;1
2026;6;L015;7;9;1
2026;6;L015;7;10;1
2026;6;L015;7;11;2
2026;6;L015;7;12;1
2026;6;L015;7;13;2
2026;6;L015;7;14;1
2026;6;L015;7;16;1
2026;6;L015;7;17;2
2026;6;L015;7;18;1
2026;6;L015;7;19;1
2026;7;L015;1;8;12
2026;7;L015;1;9;13
2026;7;L015;1;10;26
2026;7;L015;1;11;32
2026;7;L015;1;12;24
2026;7;L015;1;13;26
2026;7;L015;1;14;19
2026;7;L015;1;15;15
2026;7;L015;1;16;26
2026;7;L015;1;17;34
2026;7;L015;1;18;28
2026;7;L015;1;19;22
2026;7;L015;1;20;10
2026;7;L015;1;21;3
2026;7;L015;2;8;12
2026;7;L015;2;9;13
2026;7;L015;2;10;31
2026;7;L015;2;11;26
2026;7;L015;2;12;18
2026;7;L015;2;13;20
2026;7;L015;2;14;14
2026;7;L015;2;15;17
2026;7;L015;2;16;29
2026;7;L015;2;17;27
2026;7;L015;2;18;21
2026;7;L015;2;19;18
2026;7;L015;2;20;16
2026;7;L015;2;21;4
2026;7;L015;3;8;14
2026;7;L015;3;9;21
2026;7;L015;3;10;24
2026;7;L015;3;11;29
2026;7;L015;3;12;19
2026;7;L015;3;13;20
2026;7;L015;3;14;12
2026;7;L015;3;15;19
2026;7;L015;3;16;16
2026;7;L015;3;17;35
2026;7;L015;3;18;27
2026;7;L015;3;19;26
2026;7;L015;3;20;10
2026;7;L015;3;21;3
2026;7;L015;4;8;14
2026;7;L015;4;9;29
2026;7;L015;4;10;25
2026;7;L015;4;11;34
2026;7;L015;4;12;23
2026;7;L015;4;13;19
2026;7;L015;4;14;17
2026;7;L015;4;15;13
2026;7;L015;4;16;29
2026;7;L015;4;17;28
2026;7;L015;4;18;32
2026;7;L015;4;19;13
2026;7;L015;4;20;10
2026;7;L015;4;21;4
2026;7;L015;5;8;10
2026;7;L015;5;9;20
2026;7;L015;5;10;26
2026;7;L015;5;11;29
2026;7;L015;5;12;22
2026;7;L015;5;13;35
2026;7;L015;5;14;14
2026;7;L015;5;15;24
2026;7;L015;5;16;20
2026;7;L015;5;17;30
2026;7;L015;5;18;26
2026;7;L015;5;19;12
2026;7;L015;5;20;15
2026;7;L015;5;21;5
2026;7;L015;6;8;3
2026;7;L015;6;9;11
2026;7;L015;6;10;8
2026;7;L015;6;11;10
2026;7;L015;6;12;12
2026;7;L015;6;13;5
2026;7;L015;6;14;6
2026;7;L015;6;15;8
2026;7;L015;6;16;16
2026;7;L015;6;17;14
2026;7;L015;6;18;9
2026;7;L015;6;19;9
2026;7;L015;6;20;4
2026;7;L015;6;21;1
2026;7;L015;7;8;1
2026;7;L015;7;9;1
2026;7;L015;7;10;1
2026;7;L015;7;11;2
2026;7;L015;7;12;1
2026;7;L015;7;13;1
2026;7;L015;7;14;1
2026;7;L015;7;15;1
2026;7;L015;7;16;2
2026;7;L015;7;17;1
2026;7;L015;7;18;1
2026;7;L015;7;19;1
2026;8;L015;1;8;10
2026;8;L015;1;9;17
2026;8;L015;1;10;35
2026;8;L015;1;11;29
2026;8;L015;1;12;33
2026;8;L015;1;13;25
2026;8;L015;1;14;19
2026;8;L015;1;15;12
2026;8;L015;1;16;18
2026;8;L015;1;17;23
2026;8;L015;1;18;28
2026;8;L015;1;19;22
2026;8;L015;1;20;10
2026;8;L015;1;21;4
2026;8;L015;2;8;9
2026;8;L015;2;9;13
2026;8;L015;2;10;16
2026;8;L015;2;11;33
2026;8;L015;2;12;24
2026;8;L015;2;13;31
2026;8;L015;2;14;13
2026;8;L015;2;15;19
2026;8;L015;2;16;36
2026;8;L015;2;17;29
2026;8;L015;2;18;25
2026;8;L015;2;19;30
2026;8;L015;2;20;8
2026;8;L015;2;21;4
2026;8;L015;3;8;17
2026;8;L015;3;9;18
2026;8;L015;3;10;25
2026;8;L015;3;11;38
2026;8;L015;3;12;14
2026;8;L015;3;13;23
2026;8;L015;3;14;13
2026;8;L015;3;15;11
2026;8;L015;3;16;29
2026;8;L015;3;17;18
2026;8;L015;3;18;19
2026;8;L015;3;19;20
2026;8;L015;3;20;8
2026;8;L015;3;21;4
2026;8;L015;4;8;10
2026;8;L015;4;9;23
2026;8;L015;4;10;27
2026;8;L015;4;11;44
2026;8;L015;4;12;24
2026;8;L015;4;13;19
2026;8;L015;4;14;15
2026;8;L015;4;15;14
2026;8;L015;4;16;35
2026;8;L015;4;17;23
2026;8;L015;4;18;29
2026;8;L015;4;19;17
2026;8;L015;4;20;9
2026;8;L015;4;21;3
2026;8;L015;5;8;13
2026;8;L015;5;9;24
2026;8;L015;5;10;38
2026;8;L015;5;11;28
2026;8;L015;5;12;22
2026;8;L015;5;13;20
2026;8;L015;5;14;20
2026;8;L015;5;15;13
2026;8;L015;5;16;49
2026;8;L015;5;17;39
2026;8;L015;5;18;24
2026;8;L015;5;19;15
2026;8;L015;5;20;8
2026;8;L015;5;21;3
2026;8;L015;6;8;6
2026;8;L015;6;9;8
2026;8;L015;6;10;7
2026;8;L015;6;11;9
2026;8;L015;6;12;13
2026;8;L015;6;13;13
2026;8;L015;6;14;6
2026;8;L015;6;15;6
2026;8;L015;6;16;12
2026;8;L015;6;17;17
2026;8;L015;6;18;9
2026;8;L015;6;19;8
2026;8;L015;6;20;4
2026;8;L015;6;21;1
2026;8;L015;7;9;1
2026;8;L015;7;10;1
2026;8;L015;7;11;2
2026;8;L015;7;12;1
2026;8;L015;7;13;1
2026;8;L015;7;14;1
2026;8;L015;7;15;1
2026;8;L015;7;16;2
2026;8;L015;7;17;1
2026;8;L015;7;18;1
2026;8;L015;7;19;1
2026;1;L024;1;8;8
2026;1;L024;1;9;14
2026;1;L024;1;10;34
2026;1;L024;1;11;16
2026;1;L024;1;12;15
2026;1;L024;1;13;13
2026;1;L024;1;14;5
2026;1;L024;1;15;10
2026;1;L024;1;16;15
2026;1;L024;1;17;20
2026;1;L024;1;18;17
2026;1;L024;1;19;19
2026;1;L024;1;20;7
2026;1;L024;1;21;2
2026;1;L024;2;8;4
2026;1;L024;2;9;14
2026;1;L024;2;10;21
2026;1;L024;2;11;22
2026;1;L024;2;12;12
2026;1;L024;2;13;14
2026;1;L024;2;14;9
2026;1;L024;2;15;8
2026;1;L024;2;16;15
2026;1;L024;2;17;33
2026;1;L024;2;18;22
2026;1;L024;2;19;14
2026;1;L024;2;20;7
2026;1;L024;2;21;4
2026;1;L024;3;8;4
2026;1;L024;3;9;6
2026;1;L024;3;10;25
2026;1;L024;3;11;20
2026;1;L024;3;12;19
2026;1;L024;3;13;18
2026;1;L024;3;14;8
2026;1;L024;3;15;9
2026;1;L024;3;16;26
2026;1;L024;3;17;24
2026;1;L024;3;18;19
2026;1;L024;3;19;10
2026;1;L024;3;20;5
2026;1;L024;3;21;3
2026;1;L024;4;8;7
2026;1;L024;4;9;16
2026;1;L024;4;10;18
2026;1;L024;4;11;21
2026;1;L024;4;12;14
2026;1;L024;4;13;21
2026;1;L024;4;14;10
2026;1;L024;4;15;11
2026;1;L024;4;16;19
2026;1;L024;4;17;16
2026;1;L024;4;18;20
2026;1;L024;4;19;13
2026;1;L024;4;20;6
2026;1;L024;4;21;2
2026;1;L024;5;8;11
2026;1;L024;5;9;17
2026;1;L024;5;10;35
2026;1;L024;5;11;20
2026;1;L024;5;12;23
2026;1;L024;5;13;18
2026;1;L024;5;14;17
2026;1;L024;5;15;13
2026;1;L024;5;16;16
2026;1;L024;5;17;14
2026;1;L024;5;18;24
2026;1;L024;5;19;17
2026;1;L024;5;20;5
2026;1;L024;5;21;2
2026;1;L024;6;8;3
2026;1;L024;6;9;9
2026;1;L024;6;10;8
2026;1;L024;6;11;8
2026;1;L024;6;12;5
2026;1;L024;6;13;4
2026;1;L024;6;14;5
2026;1;L024;6;15;6
2026;1;L024;6;16;8
2026;1;L024;6;17;8
2026;1;L024;6;18;6
2026;1;L024;6;19;9
2026;1;L024;6;20;3
2026;1;L024;6;21;1
2026;1;L024;7;9;1
2026;1;L024;7;11;1
2026;1;L024;7;12;1
2026;1;L024;7;13;1
2026;1;L024;7;15;1
2026;1;L024;7;16;1
2026;1;L024;7;17;1
2026;1;L024;7;18;1
2026;1;L024;7;19;1
2026;2;L024;1;8;6
2026;2;L024;1;9;14
2026;2;L024;1;10;18
2026;2;L024;1;11;20
2026;2;L024;1;12;15
2026;2;L024;1;13;20
2026;2;L024;1;14;7
2026;2;L024;1;15;9
2026;2;L024;1;16;15
2026;2;L024;1;17;14
2026;2;L024;1;18;21
2026;2;L024;1;19;19
2026;2;L024;1;20;5
2026;2;L024;1;21;2
2026;2;L024;2;8;5
2026;2;L024;2;9;10
2026;2;L024;2;10;22
2026;2;L024;2;11;16
2026;2;L024;2;12;30
2026;2;L024;2;13;19
2026;2;L024;2;14;8
2026;2;L024;2;15;10
2026;2;L024;2;16;18
2026;2;L024;2;17;19
2026;2;L024;2;18;23
2026;2;L024;2;19;12
2026;2;L024;2;20;4
2026;2;L024;2;21;2
2026;2;L024;3;8;9
2026;2;L024;3;9;8
2026;2;L024;3;10;18
2026;2;L024;3;11;14
2026;2;L024;3;12;27
2026;2;L024;3;13;11
2026;2;L024;3;14;6
2026;2;L024;3;15;8
2026;2;L024;3;16;12
2026;2;L024;3;17;10
2026;2;L024;3;18;21
2026;2;L024;3;19;9
2026;2;L024;3;20;7
2026;2;L024;3;21;1
2026;2;L024;4;8;6
2026;2;L024;4;9;14
2026;2;L024;4;10;12
2026;2;L024;4;11;15
2026;2;L024;4;12;14
2026;2;L024;4;13;13
2026;2;L024;4;14;7
2026;2;L024;4;15;14
2026;2;L024;4;16;14
2026;2;L024;4;17;18
2026;2;L024;4;18;20
2026;2;L024;4;19;13
2026;2;L024;4;20;6
2026;2;L024;4;21;2
2026;2;L024;5;8;10
2026;2;L024;5;9;12
2026;2;L024;5;10;24
2026;2;L024;5;11;15
2026;2;L024;5;12;17
2026;2;L024;5;13;13
2026;2;L024;5;14;11
2026;2;L024;5;15;14
2026;2;L024;5;16;20
2026;2;L024;5;17;16
2026;2;L024;5;18;14
2026;2;L024;5;19;8
2026;2;L024;5;20;8
2026;2;L024;5;21;3
2026;2;L024;6;8;2
2026;2;L024;6;9;5
2026;2;L024;6;10;10
2026;2;L024;6;11;5
2026;2;L024;6;12;12
2026;2;L024;6;13;4
2026;2;L024;6;14;3
2026;2;L024;6;15;4
2026;2;L024;6;16;8
2026;2;L024;6;17;14
2026;2;L024;6;18;5
2026;2;L024;6;19;5
2026;2;L024;6;20;3
2026;2;L024;6;21;1
2026;2;L024;7;9;1
2026;2;L024;7;10;1
2026;2;L024;7;11;1
2026;2;L024;7;12;1
2026;2;L024;7;13;1
2026;2;L024;7;14;1
2026;2;L024;7;15;1
2026;2;L024;7;16;1
2026;2;L024;7;17;1
2026;2;L024;7;18;1
2026;3;L024;1;8;7
2026;3;L024;1;9;26
2026;3;L024;1;10;20
2026;3;L024;1;11;19
2026;3;L024;1;12;26
2026;3;L024;1;13;21
2026;3;L024;1;14;10
2026;3;L024;1;15;10
2026;3;L024;1;16;18
2026;3;L024;1;17;21
2026;3;L024;1;18;15
2026;3;L024;1;19;19
2026;3;L024;1;20;7
2026;3;L024;1;21;3
2026;3;L024;2;8;7
2026;3;L024;2;9;18
2026;3;L024;2;10;22
2026;3;L024;2;11;26
2026;3;L024;2;12;22
2026;3;L024;2;13;26
2026;3;L024;2;14;8
2026;3;L024;2;15;10
2026;3;L024;2;16;32
2026;3;L024;2;17;18
2026;3;L024;2;18;26
2026;3;L024;2;19;12
2026;3;L024;2;20;9
2026;3;L024;2;21;3
2026;3;L024;3;8;6
2026;3;L024;3;9;18
2026;3;L024;3;10;28
2026;3;L024;3;11;24
2026;3;L024;3;12;20
2026;3;L024;3;13;15
2026;3;L024;3;14;15
2026;3;L024;3;15;12
2026;3;L024;3;16;14
2026;3;L024;3;17;22
2026;3;L024;3;18;22
2026;3;L024;3;19;11
2026;3;L024;3;20;13
2026;3;L024;3;21;2
2026;3;L024;4;8;7
2026;3;L024;4;9;10
2026;3;L024;4;10;23
2026;3;L024;4;11;33
2026;3;L024;4;12;29
2026;3;L024;4;13;13
2026;3;L024;4;14;12
2026;3;L024;4;15;19
2026;3;L024;4;16;15
2026;3;L024;4;17;13
2026;3;L024;4;18;31
2026;3;L024;4;19;14
2026;3;L024;4;20;7
2026;3;L024;4;21;3
2026;3;L024;5;8;7
2026;3;L024;5;9;21
2026;3;L024;5;10;24
2026;3;L024;5;11;16
2026;3;L024;5;12;17
2026;3;L024;5;13;10
2026;3;L024;5;14;9
2026;3;L024;5;15;10
2026;3;L024;5;16;28
2026;3;L024;5;17;30
2026;3;L024;5;18;24
2026;3;L024;5;19;21
2026;3;L024;5;20;12
2026;3;L024;5;21;3
2026;3;L024;6;8;3
2026;3;L024;6;9;4
2026;3;L024;6;10;11
2026;3;L024;6;11;10
2026;3;L024;6;12;11
2026;3;L024;6;13;6
2026;3;L024;6;14;4
2026;3;L024;6;15;7
2026;3;L024;6;16;10
2026;3;L024;6;17;7
2026;3;L024;6;18;8
2026;3;L024;6;19;7
2026;3;L024;6;20;4
2026;3;L024;6;21;2
2026;3;L024;7;9;1
2026;3;L024;7;10;1
2026;3;L024;7;11;1
2026;3;L024;7;12;2
2026;3;L024;7;13;1
2026;3;L024;7;14;1
2026;3;L024;7;15;1
2026;3;L024;7;16;1
2026;3;L024;7;17;1
2026;3;L024;7;18;1
2026;3;L024;7;19;1
2026;4;L024;1;8;7
2026;4;L024;1;9;17
2026;4;L024;1;10;24
2026;4;L024;1;11;33
2026;4;L024;1;12;22
2026;4;L024;1;13;14
2026;4;L024;1;14;13
2026;4;L024;1;15;12
2026;4;L024;1;16;29
2026;4;L024;1;17;17
2026;4;L024;1;18;23
2026;4;L024;1;19;11
2026;4;L024;1;20;7
2026;4;L024;1;21;2
2026;4;L024;2;8;11
2026;4;L024;2;9;11
2026;4;L024;2;10;23
2026;4;L024;2;11;29
2026;4;L024;2;12;24
2026;4;L024;2;13;17
2026;4;L024;2;14;14
2026;4;L024;2;15;8
2026;4;L024;2;16;27
2026;4;L024;2;17;20
2026;4;L024;2;18;18
2026;4;L024;2;19;13
2026;4;L024;2;20;7
2026;4;L024;2;21;2
2026;4;L024;3;8;8
2026;4;L024;3;9;21
2026;4;L024;3;10;19
2026;4;L024;3;11;26
2026;4;L024;3;12;14
2026;4;L024;3;13;24
2026;4;L024;3;14;8
2026;4;L024;3;15;11
2026;4;L024;3;16;22
2026;4;L024;3;17;15
2026;4;L024;3;18;21
2026;4;L024;3;19;19
2026;4;L024;3;20;7
2026;4;L024;3;21;3
2026;4;L024;4;8;10
2026;4;L024;4;9;15
2026;4;L024;4;10;13
2026;4;L024;4;11;18
2026;4;L024;4;12;19
2026;4;L024;4;13;17
2026;4;L024;4;14;7
2026;4;L024;4;15;10
2026;4;L024;4;16;15
2026;4;L024;4;17;23
2026;4;L024;4;18;14
2026;4;L024;4;19;12
2026;4;L024;4;20;6
2026;4;L024;4;21;2
2026;4;L024;5;8;7
2026;4;L024;5;9;19
2026;4;L024;5;10;43
2026;4;L024;5;11;20
2026;4;L024;5;12;34
2026;4;L024;5;13;16
2026;4;L024;5;14;7
2026;4;L024;5;15;12
2026;4;L024;5;16;17
2026;4;L024;5;17;24
2026;4;L024;5;18;22
2026;4;L024;5;19;13
2026;4;L024;5;20;8
2026;4;L024;5;21;3
2026;4;L024;6;8;3
2026;4;L024;6;9;5
2026;4;L024;6;10;9
2026;4;L024;6;11;8
2026;4;L024;6;12;11
2026;4;L024;6;13;7
2026;4;L024;6;14;3
2026;4;L024;6;15;4
2026;4;L024;6;16;8
2026;4;L024;6;17;7
2026;4;L024;6;18;5
2026;4;L024;6;19;5
2026;4;L024;6;20;2
2026;4;L024;6;21;1
2026;4;L024;7;9;1
2026;4;L024;7;10;2
2026;4;L024;7;11;1
2026;4;L024;7;12;1
2026;4;L024;7;13;1
2026;4;L024;7;16;1
2026;4;L024;7;17;1
2026;4;L024;7;18;1
2026;4;L024;7;19;1
2026;5;L024;1;8;7
2026;5;L024;1;9;10
2026;5;L024;1;10;29
2026;5;L024;1;11;32
2026;5;L024;1;12;32
2026;5;L024;1;13;27
2026;5;L024;1;14;9
2026;5;L024;1;15;11
2026;5;L024;1;16;16
2026;5;L024;1;17;21
2026;5;L024;1;18;20
2026;5;L024;1;19;16
2026;5;L024;1;20;10
2026;5;L024;1;21;3
2026;5;L024;2;8;8
2026;5;L024;2;9;11
2026;5;L024;2;10;17
2026;5;L024;2;11;27
2026;5;L024;2;12;17
2026;5;L024;2;13;25
2026;5;L024;2;14;12
2026;5;L024;2;15;9
2026;5;L024;2;16;26
2026;5;L024;2;17;15
2026;5;L024;2;18;16
2026;5;L024;2;19;14
2026;5;L024;2;20;7
2026;5;L024;2;21;3
2026;5;L024;3;8;8
2026;5;L024;3;9;12
2026;5;L024;3;10;16
2026;5;L024;3;11;23
2026;5;L024;3;12;22
2026;5;L024;3;13;18
2026;5;L024;3;14;11
2026;5;L024;3;15;16
2026;5;L024;3;16;19
2026;5;L024;3;17;23
2026;5;L024;3;18;22
2026;5;L024;3;19;14
2026;5;L024;3;20;6
2026;5;L024;3;21;3
2026;5;L024;4;8;8
2026;5;L024;4;9;14
2026;5;L024;4;10;15
2026;5;L024;4;11;18
2026;5;L024;4;12;13
2026;5;L024;4;13;18
2026;5;L024;4;14;15
2026;5;L024;4;15;11
2026;5;L024;4;16;37
2026;5;L024;4;17;14
2026;5;L024;4;18;23
2026;5;L024;4;19;19
2026;5;L024;4;20;11
2026;5;L024;4;21;2
2026;5;L024;5;8;7
2026;5;L024;5;9;17
2026;5;L024;5;10;17
2026;5;L024;5;11;31
2026;5;L024;5;12;17
2026;5;L024;5;13;16
2026;5;L024;5;14;11
2026;5;L024;5;15;14
2026;5;L024;5;16;26
2026;5;L024;5;17;26
2026;5;L024;5;18;19
2026;5;L024;5;19;15
2026;5;L024;5;20;8
2026;5;L024;5;21;3
2026;5;L024;6;8;3
2026;5;L024;6;9;6
2026;5;L024;6;10;13
2026;5;L024;6;11;10
2026;5;L024;6;12;8
2026;5;L024;6;13;6
2026;5;L024;6;14;4
2026;5;L024;6;15;6
2026;5;L024;6;16;9
2026;5;L024;6;17;8
2026;5;L024;6;18;9
2026;5;L024;6;19;3
2026;5;L024;6;20;4
2026;5;L024;6;21;1
2026;5;L024;7;9;1
2026;5;L024;7;10;1
2026;5;L024;7;11;1
2026;5;L024;7;12;1
2026;5;L024;7;13;1
2026;5;L024;7;15;1
2026;5;L024;7;16;1
2026;5;L024;7;17;1
2026;5;L024;7;18;1
2026;5;L024;7;19;1
2026;6;L024;1;8;8
2026;6;L024;1;9;19
2026;6;L024;1;10;17
2026;6;L024;1;11;28
2026;6;L024;1;12;26
2026;6;L024;1;13;14
2026;6;L024;1;14;12
2026;6;L024;1;15;13
2026;6;L024;1;16;21
2026;6;L024;1;17;31
2026;6;L024;1;18;17
2026;6;L024;1;19;13
2026;6;L024;1;20;7
2026;6;L024;1;21;2
2026;6;L024;2;8;8
2026;6;L024;2;9;14
2026;6;L024;2;10;24
2026;6;L024;2;11;26
2026;6;L024;2;12;27
2026;6;L024;2;13;22
2026;6;L024;2;14;10
2026;6;L024;2;15;13
2026;6;L024;2;16;22
2026;6;L024;2;17;36
2026;6;L024;2;18;17
2026;6;L024;2;19;19
2026;6;L024;2;20;11
2026;6;L024;2;21;3
2026;6;L024;3;8;7
2026;6;L024;3;9;15
2026;6;L024;3;10;15
2026;6;L024;3;11;20
2026;6;L024;3;12;24
2026;6;L024;3;13;14
2026;6;L024;3;14;10
2026;6;L024;3;15;15
2026;6;L024;3;16;24
2026;6;L024;3;17;29
2026;6;L024;3;18;19
2026;6;L024;3;19;10
2026;6;L024;3;20;8
2026;6;L024;3;21;2
2026;6;L024;4;8;6
2026;6;L024;4;9;18
2026;6;L024;4;10;24
2026;6;L024;4;11;22
2026;6;L024;4;12;23
2026;6;L024;4;13;13
2026;6;L024;4;14;9
2026;6;L024;4;15;11
2026;6;L024;4;16;17
2026;6;L024;4;17;19
2026;6;L024;4;18;21
2026;6;L024;4;19;23
2026;6;L024;4;20;6
2026;6;L024;4;21;3
2026;6;L024;5;8;8
2026;6;L024;5;9;19
2026;6;L024;5;10;22
2026;6;L024;5;11;27
2026;6;L024;5;12;22
2026;6;L024;5;13;21
2026;6;L024;5;14;11
2026;6;L024;5;15;13
2026;6;L024;5;16;29
2026;6;L024;5;17;22
2026;6;L024;5;18;29
2026;6;L024;5;19;11
2026;6;L024;5;20;8
2026;6;L024;5;21;4
2026;6;L024;6;8;3
2026;6;L024;6;9;8
2026;6;L024;6;10;9
2026;6;L024;6;11;8
2026;6;L024;6;12;10
2026;6;L024;6;13;5
2026;6;L024;6;14;3
2026;6;L024;6;15;4
2026;6;L024;6;16;5
2026;6;L024;6;17;13
2026;6;L024;6;18;12
2026;6;L024;6;19;5
2026;6;L024;6;20;2
2026;6;L024;6;21;1
2026;6;L024;7;9;1
2026;6;L024;7;10;1
2026;6;L024;7;11;1
2026;6;L024;7;12;1
2026;6;L024;7;13;1
2026;6;L024;7;15;1
2026;6;L024;7;16;1
2026;6;L024;7;17;1
2026;6;L024;7;18;1
2026;6;L024;7;19;1
2026;7;L024;1;8;8
2026;7;L024;1;9;17
2026;7;L024;1;10;27
2026;7;L024;1;11;22
2026;7;L024;1;12;22
2026;7;L024;1;13;21
2026;7;L024;1;14;11
2026;7;L024;1;15;15
2026;7;L024;1;16;18
2026;7;L024;1;17;33
2026;7;L024;1;18;27
2026;7;L024;1;19;16
2026;7;L024;1;20;15
2026;7;L024;1;21;3
2026;7;L024;2;8;8
2026;7;L024;2;9;16
2026;7;L024;2;10;14
2026;7;L024;2;11;27
2026;7;L024;2;12;12
2026;7;L024;2;13;12
2026;7;L024;2;14;10
2026;7;L024;2;15;20
2026;7;L024;2;16;20
2026;7;L024;2;17;32
2026;7;L024;2;18;32
2026;7;L024;2;19;14
2026;7;L024;2;20;7
2026;7;L024;2;21;3
2026;7;L024;3;8;10
2026;7;L024;3;9;14
2026;7;L024;3;10;24
2026;7;L024;3;11;48
2026;7;L024;3;12;16
2026;7;L024;3;13;36
2026;7;L024;3;14;7
2026;7;L024;3;15;13
2026;7;L024;3;16;22
2026;7;L024;3;17;24
2026;7;L024;3;18;19
2026;7;L024;3;19;14
2026;7;L024;3;20;12
2026;7;L024;3;21;3
2026;7;L024;4;8;8
2026;7;L024;4;9;17
2026;7;L024;4;10;27
2026;7;L024;4;11;16
2026;7;L024;4;12;13
2026;7;L024;4;13;17
2026;7;L024;4;14;10
2026;7;L024;4;15;23
2026;7;L024;4;16;21
2026;7;L024;4;17;33
2026;7;L024;4;18;16
2026;7;L024;4;19;19
2026;7;L024;4;20;8
2026;7;L024;4;21;3
2026;7;L024;5;8;10
2026;7;L024;5;9;19
2026;7;L024;5;10;22
2026;7;L024;5;11;27
2026;7;L024;5;12;28
2026;7;L024;5;13;20
2026;7;L024;5;14;12
2026;7;L024;5;15;10
2026;7;L024;5;16;27
2026;7;L024;5;17;30
2026;7;L024;5;18;21
2026;7;L024;5;19;20
2026;7;L024;5;20;9
2026;7;L024;5;21;3
2026;7;L024;6;8;4
2026;7;L024;6;9;4
2026;7;L024;6;10;12
2026;7;L024;6;11;9
2026;7;L024;6;12;9
2026;7;L024;6;13;8
2026;7;L024;6;14;2
2026;7;L024;6;15;4
2026;7;L024;6;16;11
2026;7;L024;6;17;13
2026;7;L024;6;18;7
2026;7;L024;6;19;5
2026;7;L024;6;20;2
2026;7;L024;6;21;2
2026;7;L024;7;8;1
2026;7;L024;7;9;1
2026;7;L024;7;10;1
2026;7;L024;7;11;1
2026;7;L024;7;12;1
2026;7;L024;7;13;1
2026;7;L024;7;16;1
2026;7;L024;7;17;1
2026;7;L024;7;18;1
2026;7;L024;7;19;1
2026;8;L024;1;8;6
2026;8;L024;1;9;18
2026;8;L024;1;10;23
2026;8;L024;1;11;25
2026;8;L024;1;12;26
2026;8;L024;1;13;15
2026;8;L024;1;14;10
2026;8;L024;1;15;12
2026;8;L024;1;16;16
2026;8;L024;1;17;32
2026;8;L024;1;18;15
2026;8;L024;1;19;21
2026;8;L024;1;20;6
2026;8;L024;1;21;3
2026;8;L024;2;8;6
2026;8;L024;2;9;10
2026;8;L024;2;10;20
2026;8;L024;2;11;14
2026;8;L024;2;12;18
2026;8;L024;2;13;18
2026;8;L024;2;14;7
2026;8;L024;2;15;14
2026;8;L024;2;16;22
2026;8;L024;2;17;30
2026;8;L024;2;18;30
2026;8;L024;2;19;31
2026;8;L024;2;20;8
2026;8;L024;2;21;3
2026;8;L024;3;8;9
2026;8;L024;3;9;15
2026;8;L024;3;10;26
2026;8;L024;3;11;19
2026;8;L024;3;12;14
2026;8;L024;3;13;10
2026;8;L024;3;14;8
2026;8;L024;3;15;10
2026;8;L024;3;16;30
2026;8;L024;3;17;26
2026;8;L024;3;18;22
2026;8;L024;3;19;14
2026;8;L024;3;20;9
2026;8;L024;3;21;3
2026;8;L024;4;8;9
2026;8;L024;4;9;16
2026;8;L024;4;10;19
2026;8;L024;4;11;26
2026;8;L024;4;12;23
2026;8;L024;4;13;15
2026;8;L024;4;14;10
2026;8;L024;4;15;21
2026;8;L024;4;16;21
2026;8;L024;4;17;19
2026;8;L024;4;18;29
2026;8;L024;4;19;16
2026;8;L024;4;20;10
2026;8;L024;4;21;2
2026;8;L024;5;8;10
2026;8;L024;5;9;14
2026;8;L024;5;10;34
2026;8;L024;5;11;23
2026;8;L024;5;12;27
2026;8;L024;5;13;15
2026;8;L024;5;14;6
2026;8;L024;5;15;13
2026;8;L024;5;16;22
2026;8;L024;5;17;24
2026;8;L024;5;18;19
2026;8;L024;5;19;27
2026;8;L024;5;20;7
2026;8;L024;5;21;3
2026;8;L024;6;8;3
2026;8;L024;6;9;5
2026;8;L024;6;10;9
2026;8;L024;6;11;9
2026;8;L024;6;12;12
2026;8;L024;6;13;7
2026;8;L024;6;14;4
2026;8;L024;6;15;3
2026;8;L024;6;16;8
2026;8;L024;6;17;9
2026;8;L024;6;18;10
2026;8;L024;6;19;6
2026;8;L024;6;20;2
2026;8;L024;6;21;1
2026;8;L024;7;9;1
2026;8;L024;7;10;1
2026;8;L024;7;11;1
2026;8;L024;7;12;1
2026;8;L024;7;13;1
2026;8;L024;7;15;1
2026;8;L024;7;16;1
2026;8;L024;7;17;1
2026;8;L024;7;18;1
2026;8;L024;7;19;1
2026;1;L029;1;8;3
2026;1;L029;1;9;5
2026;1;L029;1;10;5
2026;1;L029;1;11;8
2026;1;L029;1;12;5
2026;1;L029;1;13;5
2026;1;L029;1;14;4
2026;1;L029;1;15;3
2026;1;L029;1;16;4
2026;1;L029;1;17;7
2026;1;L029;1;18;6
2026;1;L029;1;19;4
2026;1;L029;1;20;2
2026;1;L029;1;21;1
2026;1;L029;2;8;2
2026;1;L029;2;9;3
2026;1;L029;2;10;7
2026;1;L029;2;11;6
2026;1;L029;2;12;5
2026;1;L029;2;13;6
2026;1;L029;2;14;2
2026;1;L029;2;15;3
2026;1;L029;2;16;4
2026;1;L029;2;17;5
2026;1;L029;2;18;6
2026;1;L029;2;19;4
2026;1;L029;2;20;2
2026;1;L029;2;21;1
2026;1;L029;3;8;3
2026;1;L029;3;9;3
2026;1;L029;3;10;4
2026;1;L029;3;11;8
2026;1;L029;3;12;4
2026;1;L029;3;13;8
2026;1;L029;3;14;3
2026;1;L029;3;15;2
2026;1;L029;3;16;7
2026;1;L029;3;17;6
2026;1;L029;3;18;5
2026;1;L029;3;19;4
2026;1;L029;3;20;2
2026;1;L029;4;8;2
2026;1;L029;4;9;4
2026;1;L029;4;10;7
2026;1;L029;4;11;8
2026;1;L029;4;12;6
2026;1;L029;4;13;6
2026;1;L029;4;14;3
2026;1;L029;4;15;6
2026;1;L029;4;16;5
2026;1;L029;4;17;7
2026;1;L029;4;18;7
2026;1;L029;4;19;3
2026;1;L029;4;20;2
2026;1;L029;4;21;1
2026;1;L029;5;8;2
2026;1;L029;5;9;5
2026;1;L029;5;10;8
2026;1;L029;5;11;6
2026;1;L029;5;12;6
2026;1;L029;5;13;7
2026;1;L029;5;14;2
2026;1;L029;5;15;3
2026;1;L029;5;16;6
2026;1;L029;5;17;6
2026;1;L029;5;18;4
2026;1;L029;5;19;4
2026;1;L029;5;20;3
2026;1;L029;5;21;1
2026;1;L029;6;8;1
2026;1;L029;6;9;1
2026;1;L029;6;10;3
2026;1;L029;6;11;4
2026;1;L029;6;12;2
2026;1;L029;6;13;2
2026;1;L029;6;14;2
2026;1;L029;6;15;2
2026;1;L029;6;16;2
2026;1;L029;6;17;2
2026;1;L029;6;18;3
2026;1;L029;6;19;2
2026;1;L029;6;20;1
2026;2;L029;1;8;2
2026;2;L029;1;9;3
2026;2;L029;1;10;7
2026;2;L029;1;11;8
2026;2;L029;1;12;6
2026;2;L029;1;13;3
2026;2;L029;1;14;6
2026;2;L029;1;15;5
2026;2;L029;1;16;5
2026;2;L029;1;17;5
2026;2;L029;1;18;10
2026;2;L029;1;19;5
2026;2;L029;1;20;3
2026;2;L029;1;21;1
2026;2;L029;2;8;2
2026;2;L029;2;9;3
2026;2;L029;2;10;5
2026;2;L029;2;11;9
2026;2;L029;2;12;4
2026;2;L029;2;13;3
2026;2;L029;2;14;3
2026;2;L029;2;15;3
2026;2;L029;2;16;5
2026;2;L029;2;17;3
2026;2;L029;2;18;7
2026;2;L029;2;19;5
2026;2;L029;2;20;3
2026;2;L029;2;21;1
2026;2;L029;3;8;2
2026;2;L029;3;9;4
2026;2;L029;3;10;5
2026;2;L029;3;11;10
2026;2;L029;3;12;6
2026;2;L029;3;13;6
2026;2;L029;3;14;2
2026;2;L029;3;15;5
2026;2;L029;3;16;5
2026;2;L029;3;17;4
2026;2;L029;3;18;7
2026;2;L029;3;19;5
2026;2;L029;3;20;2
2026;2;L029;3;21;1
2026;2;L029;4;8;3
2026;2;L029;4;9;4
2026;2;L029;4;10;5
2026;2;L029;4;11;4
2026;2;L029;4;12;5
2026;2;L029;4;13;5
2026;2;L029;4;14;2
2026;2;L029;4;15;4
2026;2;L029;4;16;4
2026;2;L029;4;17;5
2026;2;L029;4;18;5
2026;2;L029;4;19;4
2026;2;L029;4;20;3
2026;2;L029;4;21;1
2026;2;L029;5;8;3
2026;2;L029;5;9;6
2026;2;L029;5;10;7
2026;2;L029;5;11;6
2026;2;L029;5;12;7
2026;2;L029;5;13;6
2026;2;L029;5;14;3
2026;2;L029;5;15;6
2026;2;L029;5;16;7
2026;2;L029;5;17;5
2026;2;L029;5;18;7
2026;2;L029;5;19;5
2026;2;L029;5;20;2
2026;2;L029;5;21;1
2026;2;L029;6;8;1
2026;2;L029;6;9;2
2026;2;L029;6;10;2
2026;2;L029;6;11;2
2026;2;L029;6;12;2
2026;2;L029;6;13;2
2026;2;L029;6;14;1
2026;2;L029;6;15;2
2026;2;L029;6;16;3
2026;2;L029;6;17;4
2026;2;L029;6;18;2
2026;2;L029;6;19;2
2026;2;L029;6;20;1
2026;3;L029;1;8;3
2026;3;L029;1;9;5
2026;3;L029;1;10;8
2026;3;L029;1;11;9
2026;3;L029;1;12;8
2026;3;L029;1;13;12
2026;3;L029;1;14;4
2026;3;L029;1;15;4
2026;3;L029;1;16;9
2026;3;L029;1;17;8
2026;3;L029;1;18;5
2026;3;L029;1;19;5
2026;3;L029;1;20;3
2026;3;L029;1;21;1
2026;3;L029;2;8;2
2026;3;L029;2;9;4
2026;3;L029;2;10;8
2026;3;L029;2;11;7
2026;3;L029;2;12;7
2026;3;L029;2;13;5
2026;3;L029;2;14;4
2026;3;L029;2;15;5
2026;3;L029;2;16;9
2026;3;L029;2;17;7
2026;3;L029;2;18;5
2026;3;L029;2;19;4
2026;3;L029;2;20;3
2026;3;L029;2;21;1
2026;3;L029;3;8;3
2026;3;L029;3;9;5
2026;3;L029;3;10;5
2026;3;L029;3;11;9
2026;3;L029;3;12;7
2026;3;L029;3;13;4
2026;3;L029;3;14;3
2026;3;L029;3;15;4
2026;3;L029;3;16;6
2026;3;L029;3;17;8
2026;3;L029;3;18;6
2026;3;L029;3;19;3
2026;3;L029;3;20;3
2026;3;L029;3;21;1
2026;3;L029;4;8;1
2026;3;L029;4;9;6
2026;3;L029;4;10;10
2026;3;L029;4;11;6
2026;3;L029;4;12;6
2026;3;L029;4;13;4
2026;3;L029;4;14;3
2026;3;L029;4;15;6
2026;3;L029;4;16;6
2026;3;L029;4;17;8
2026;3;L029;4;18;5
2026;3;L029;4;19;5
2026;3;L029;4;20;2
2026;3;L029;4;21;1
2026;3;L029;5;8;3
2026;3;L029;5;9;5
2026;3;L029;5;10;7
2026;3;L029;5;11;8
2026;3;L029;5;12;7
2026;3;L029;5;13;8
2026;3;L029;5;14;4
2026;3;L029;5;15;5
2026;3;L029;5;16;6
2026;3;L029;5;17;7
2026;3;L029;5;18;8
2026;3;L029;5;19;6
2026;3;L029;5;20;2
2026;3;L029;5;21;1
2026;3;L029;6;8;1
2026;3;L029;6;9;1
2026;3;L029;6;10;2
2026;3;L029;6;11;2
2026;3;L029;6;12;3
2026;3;L029;6;13;3
2026;3;L029;6;14;1
2026;3;L029;6;15;1
2026;3;L029;6;16;3
2026;3;L029;6;17;4
2026;3;L029;6;18;2
2026;3;L029;6;19;3
2026;3;L029;6;20;1
2026;3;L029;6;21;1
2026;3;L029;7;16;1
2026;4;L029;1;8;2
2026;4;L029;1;9;6
2026;4;L029;1;10;7
2026;4;L029;1;11;8
2026;4;L029;1;12;6
2026;4;L029;1;13;5
2026;4;L029;1;14;2
2026;4;L029;1;15;8
2026;4;L029;1;16;8
2026;4;L029;1;17;8
2026;4;L029;1;18;5
2026;4;L029;1;19;5
2026;4;L029;1;20;2
2026;4;L029;1;21;1
2026;4;L029;2;8;2
2026;4;L029;2;9;4
2026;4;L029;2;10;7
2026;4;L029;2;11;5
2026;4;L029;2;12;6
2026;4;L029;2;13;5
2026;4;L029;2;14;4
2026;4;L029;2;15;5
2026;4;L029;2;16;5
2026;4;L029;2;17;7
2026;4;L029;2;18;4
2026;4;L029;2;19;6
2026;4;L029;2;20;2
2026;4;L029;2;21;1
2026;4;L029;3;8;2
2026;4;L029;3;9;4
2026;4;L029;3;10;7
2026;4;L029;3;11;8
2026;4;L029;3;12;5
2026;4;L029;3;13;3
2026;4;L029;3;14;2
2026;4;L029;3;15;4
2026;4;L029;3;16;6
2026;4;L029;3;17;6
2026;4;L029;3;18;7
2026;4;L029;3;19;6
2026;4;L029;3;20;2
2026;4;L029;3;21;1
2026;4;L029;4;8;2
2026;4;L029;4;9;3
2026;4;L029;4;10;7
2026;4;L029;4;11;9
2026;4;L029;4;12;6
2026;4;L029;4;13;6
2026;4;L029;4;14;3
2026;4;L029;4;15;6
2026;4;L029;4;16;6
2026;4;L029;4;17;6
2026;4;L029;4;18;7
2026;4;L029;4;19;7
2026;4;L029;4;20;2
2026;4;L029;4;21;1
2026;4;L029;5;8;3
2026;4;L029;5;9;6
2026;4;L029;5;10;11
2026;4;L029;5;11;7
2026;4;L029;5;12;9
2026;4;L029;5;13;6
2026;4;L029;5;14;4
2026;4;L029;5;15;5
2026;4;L029;5;16;7
2026;4;L029;5;17;4
2026;4;L029;5;18;5
2026;4;L029;5;19;8
2026;4;L029;5;20;2
2026;4;L029;5;21;1
2026;4;L029;6;8;1
2026;4;L029;6;9;2
2026;4;L029;6;10;4
2026;4;L029;6;11;3
2026;4;L029;6;12;2
2026;4;L029;6;13;2
2026;4;L029;6;14;1
2026;4;L029;6;15;1
2026;4;L029;6;16;4
2026;4;L029;6;17;2
2026;4;L029;6;18;2
2026;4;L029;6;19;2
2026;4;L029;6;20;1
2026;5;L029;1;8;4
2026;5;L029;1;9;3
2026;5;L029;1;10;7
2026;5;L029;1;11;9
2026;5;L029;1;12;4
2026;5;L029;1;13;6
2026;5;L029;1;14;3
2026;5;L029;1;15;3
2026;5;L029;1;16;6
2026;5;L029;1;17;9
2026;5;L029;1;18;5
2026;5;L029;1;19;6
2026;5;L029;1;20;3
2026;5;L029;1;21;1
2026;5;L029;2;8;2
2026;5;L029;2;9;6
2026;5;L029;2;10;6
2026;5;L029;2;11;9
2026;5;L029;2;12;5
2026;5;L029;2;13;7
2026;5;L029;2;14;3
2026;5;L029;2;15;5
2026;5;L029;2;16;5
2026;5;L029;2;17;6
2026;5;L029;2;18;8
2026;5;L029;2;19;6
2026;5;L029;2;20;2
2026;5;L029;2;21;1
2026;5;L029;3;8;2
2026;5;L029;3;9;4
2026;5;L029;3;10;5
2026;5;L029;3;11;6
2026;5;L029;3;12;7
2026;5;L029;3;13;5
2026;5;L029;3;14;2
2026;5;L029;3;15;4
2026;5;L029;3;16;10
2026;5;L029;3;17;9
2026;5;L029;3;18;12
2026;5;L029;3;19;3
2026;5;L029;3;20;2
2026;5;L029;3;21;1
2026;5;L029;4;8;2
2026;5;L029;4;9;7
2026;5;L029;4;10;7
2026;5;L029;4;11;8
2026;5;L029;4;12;9
2026;5;L029;4;13;7
2026;5;L029;4;14;2
2026;5;L029;4;15;2
2026;5;L029;4;16;9
2026;5;L029;4;17;9
2026;5;L029;4;18;8
2026;5;L029;4;19;5
2026;5;L029;4;20;2
2026;5;L029;4;21;1
2026;5;L029;5;8;3
2026;5;L029;5;9;6
2026;5;L029;5;10;6
2026;5;L029;5;11;7
2026;5;L029;5;12;7
2026;5;L029;5;13;6
2026;5;L029;5;14;4
2026;5;L029;5;15;5
2026;5;L029;5;16;7
2026;5;L029;5;17;11
2026;5;L029;5;18;10
2026;5;L029;5;19;5
2026;5;L029;5;20;2
2026;5;L029;5;21;1
2026;5;L029;6;8;1
2026;5;L029;6;9;2
2026;5;L029;6;10;3
2026;5;L029;6;11;3
2026;5;L029;6;12;3
2026;5;L029;6;13;3
2026;5;L029;6;14;2
2026;5;L029;6;15;2
2026;5;L029;6;16;2
2026;5;L029;6;17;4
2026;5;L029;6;18;2
2026;5;L029;6;19;2
2026;5;L029;6;20;1
2026;5;L029;7;17;1
2026;6;L029;1;8;2
2026;6;L029;1;9;4
2026;6;L029;1;10;5
2026;6;L029;1;11;7
2026;6;L029;1;12;8
2026;6;L029;1;13;8
2026;6;L029;1;14;3
2026;6;L029;1;15;6
2026;6;L029;1;16;9
2026;6;L029;1;17;10
2026;6;L029;1;18;9
2026;6;L029;1;19;6
2026;6;L029;1;20;3
2026;6;L029;1;21;1
2026;6;L029;2;8;2
2026;6;L029;2;9;5
2026;6;L029;2;10;6
2026;6;L029;2;11;8
2026;6;L029;2;12;7
2026;6;L029;2;13;4
2026;6;L029;2;14;4
2026;6;L029;2;15;5
2026;6;L029;2;16;5
2026;6;L029;2;17;9
2026;6;L029;2;18;7
2026;6;L029;2;19;4
2026;6;L029;2;20;3
2026;6;L029;2;21;1
2026;6;L029;3;8;3
2026;6;L029;3;9;8
2026;6;L029;3;10;4
2026;6;L029;3;11;10
2026;6;L029;3;12;5
2026;6;L029;3;13;4
2026;6;L029;3;14;2
2026;6;L029;3;15;5
2026;6;L029;3;16;6
2026;6;L029;3;17;8
2026;6;L029;3;18;6
2026;6;L029;3;19;8
2026;6;L029;3;20;2
2026;6;L029;3;21;1
2026;6;L029;4;8;2
2026;6;L029;4;9;5
2026;6;L029;4;10;7
2026;6;L029;4;11;9
2026;6;L029;4;12;5
2026;6;L029;4;13;7
2026;6;L029;4;14;4
2026;6;L029;4;15;4
2026;6;L029;4;16;8
2026;6;L029;4;17;7
2026;6;L029;4;18;7
2026;6;L029;4;19;4
2026;6;L029;4;20;3
2026;6;L029;4;21;1
2026;6;L029;5;8;4
2026;6;L029;5;9;5
2026;6;L029;5;10;10
2026;6;L029;5;11;6
2026;6;L029;5;12;6
2026;6;L029;5;13;8
2026;6;L029;5;14;4
2026;6;L029;5;15;4
2026;6;L029;5;16;9
2026;6;L029;5;17;9
2026;6;L029;5;18;7
2026;6;L029;5;19;5
2026;6;L029;5;20;2
2026;6;L029;5;21;1
2026;6;L029;6;8;1
2026;6;L029;6;9;2
2026;6;L029;6;10;2
2026;6;L029;6;11;4
2026;6;L029;6;12;5
2026;6;L029;6;13;5
2026;6;L029;6;14;2
2026;6;L029;6;15;1
2026;6;L029;6;16;3
2026;6;L029;6;17;2
2026;6;L029;6;18;4
2026;6;L029;6;19;3
2026;6;L029;6;20;1
2026;6;L029;7;11;1
2026;6;L029;7;16;1
2026;7;L029;1;8;3
2026;7;L029;1;9;7
2026;7;L029;1;10;10
2026;7;L029;1;11;6
2026;7;L029;1;12;7
2026;7;L029;1;13;5
2026;7;L029;1;14;3
2026;7;L029;1;15;3
2026;7;L029;1;16;10
2026;7;L029;1;17;7
2026;7;L029;1;18;10
2026;7;L029;1;19;6
2026;7;L029;1;20;4
2026;7;L029;1;21;1
2026;7;L029;2;8;2
2026;7;L029;2;9;6
2026;7;L029;2;10;8
2026;7;L029;2;11;8
2026;7;L029;2;12;7
2026;7;L029;2;13;5
2026;7;L029;2;14;4
2026;7;L029;2;15;5
2026;7;L029;2;16;7
2026;7;L029;2;17;9
2026;7;L029;2;18;9
2026;7;L029;2;19;4
2026;7;L029;2;20;3
2026;7;L029;2;21;1
2026;7;L029;3;8;3
2026;7;L029;3;9;7
2026;7;L029;3;10;10
2026;7;L029;3;11;9
2026;7;L029;3;12;8
2026;7;L029;3;13;7
2026;7;L029;3;14;3
2026;7;L029;3;15;3
2026;7;L029;3;16;7
2026;7;L029;3;17;6
2026;7;L029;3;18;5
2026;7;L029;3;19;4
2026;7;L029;3;20;2
2026;7;L029;3;21;1
2026;7;L029;4;8;2
2026;7;L029;4;9;8
2026;7;L029;4;10;8
2026;7;L029;4;11;8
2026;7;L029;4;12;7
2026;7;L029;4;13;6
2026;7;L029;4;14;5
2026;7;L029;4;15;4
2026;7;L029;4;16;10
2026;7;L029;4;17;11
2026;7;L029;4;18;7
2026;7;L029;4;19;6
2026;7;L029;4;20;2
2026;7;L029;4;21;1
2026;7;L029;5;8;2
2026;7;L029;5;9;6
2026;7;L029;5;10;10
2026;7;L029;5;11;10
2026;7;L029;5;12;13
2026;7;L029;5;13;5
2026;7;L029;5;14;4
2026;7;L029;5;15;7
2026;7;L029;5;16;8
2026;7;L029;5;17;4
2026;7;L029;5;18;9
2026;7;L029;5;19;7
2026;7;L029;5;20;3
2026;7;L029;5;21;1
2026;7;L029;6;8;1
2026;7;L029;6;9;2
2026;7;L029;6;10;5
2026;7;L029;6;11;3
2026;7;L029;6;12;3
2026;7;L029;6;13;3
2026;7;L029;6;14;1
2026;7;L029;6;15;1
2026;7;L029;6;16;3
2026;7;L029;6;17;4
2026;7;L029;6;18;3
2026;7;L029;6;19;2
2026;7;L029;6;20;1
2026;7;L029;7;11;1
2026;7;L029;7;12;1
2026;8;L029;1;8;3
2026;8;L029;1;9;4
2026;8;L029;1;10;11
2026;8;L029;1;11;8
2026;8;L029;1;12;5
2026;8;L029;1;13;4
2026;8;L029;1;14;4
2026;8;L029;1;15;4
2026;8;L029;1;16;8
2026;8;L029;1;17;6
2026;8;L029;1;18;9
2026;8;L029;1;19;3
2026;8;L029;1;20;3
2026;8;L029;1;21;1
2026;8;L029;2;8;3
2026;8;L029;2;9;7
2026;8;L029;2;10;6
2026;8;L029;2;11;4
2026;8;L029;2;12;7
2026;8;L029;2;13;4
2026;8;L029;2;14;4
2026;8;L029;2;15;5
2026;8;L029;2;16;8
2026;8;L029;2;17;7
2026;8;L029;2;18;10
2026;8;L029;2;19;4
2026;8;L029;2;20;4
2026;8;L029;2;21;1
2026;8;L029;3;8;2
2026;8;L029;3;9;6
2026;8;L029;3;10;5
2026;8;L029;3;11;7
2026;8;L029;3;12;11
2026;8;L029;3;13;5
2026;8;L029;3;14;5
2026;8;L029;3;15;3
2026;8;L029;3;16;7
2026;8;L029;3;17;5
2026;8;L029;3;18;6
2026;8;L029;3;19;4
2026;8;L029;3;20;2
2026;8;L029;3;21;1
2026;8;L029;4;8;3
2026;8;L029;4;9;5
2026;8;L029;4;10;11
2026;8;L029;4;11;11
2026;8;L029;4;12;4
2026;8;L029;4;13;5
2026;8;L029;4;14;2
2026;8;L029;4;15;4
2026;8;L029;4;16;6
2026;8;L029;4;17;6
2026;8;L029;4;18;7
2026;8;L029;4;19;3
2026;8;L029;4;20;2
2026;8;L029;4;21;1
2026;8;L029;5;8;3
2026;8;L029;5;9;6
2026;8;L029;5;10;9
2026;8;L029;5;11;14
2026;8;L029;5;12;7
2026;8;L029;5;13;8
2026;8;L029;5;14;5
2026;8;L029;5;15;6
2026;8;L029;5;16;6
2026;8;L029;5;17;8
2026;8;L029;5;18;13
2026;8;L029;5;19;8
2026;8;L029;5;20;3
2026;8;L029;5;21;1
2026;8;L029;6;8;1
2026;8;L029;6;9;2
2026;8;L029;6;10;4
2026;8;L029;6;11;2
2026;8;L029;6;12;2
2026;8;L029;6;13;3
2026;8;L029;6;14;1
2026;8;L029;6;15;2
2026;8;L029;6;16;2
2026;8;L029;6;17;2
2026;8;L029;6;18;3
2026;8;L029;6;19;2
2026;8;L029;6;20;1
2026;8;L029;7;17;1
2026;1;L032;1;8;6
2026;1;L032;1;9;13
2026;1;L032;1;10;9
2026;1;L032;1;11;19
2026;1;L032;1;12;14
2026;1;L032;1;13;9
2026;1;L032;1;14;4
2026;1;L032;1;15;11
2026;1;L032;1;16;10
2026;1;L032;1;17;10
2026;1;L032;1;18;9
2026;1;L032;1;19;10
2026;1;L032;1;20;4
2026;1;L032;1;21;2
2026;1;L032;2;8;3
2026;1;L032;2;9;10
2026;1;L032;2;10;10
2026;1;L032;2;11;25
2026;1;L032;2;12;16
2026;1;L032;2;13;11
2026;1;L032;2;14;4
2026;1;L032;2;15;5
2026;1;L032;2;16;19
2026;1;L032;2;17;11
2026;1;L032;2;18;16
2026;1;L032;2;19;9
2026;1;L032;2;20;5
2026;1;L032;2;21;1
2026;1;L032;3;8;4
2026;1;L032;3;9;8
2026;1;L032;3;10;19
2026;1;L032;3;11;9
2026;1;L032;3;12;14
2026;1;L032;3;13;7
2026;1;L032;3;14;7
2026;1;L032;3;15;7
2026;1;L032;3;16;16
2026;1;L032;3;17;11
2026;1;L032;3;18;10
2026;1;L032;3;19;12
2026;1;L032;3;20;5
2026;1;L032;3;21;1
2026;1;L032;4;8;6
2026;1;L032;4;9;15
2026;1;L032;4;10;13
2026;1;L032;4;11;13
2026;1;L032;4;12;14
2026;1;L032;4;13;11
2026;1;L032;4;14;7
2026;1;L032;4;15;9
2026;1;L032;4;16;14
2026;1;L032;4;17;14
2026;1;L032;4;18;9
2026;1;L032;4;19;14
2026;1;L032;4;20;3
2026;1;L032;4;21;2
2026;1;L032;5;8;5
2026;1;L032;5;9;10
2026;1;L032;5;10;15
2026;1;L032;5;11;11
2026;1;L032;5;12;13
2026;1;L032;5;13;11
2026;1;L032;5;14;7
2026;1;L032;5;15;10
2026;1;L032;5;16;13
2026;1;L032;5;17;22
2026;1;L032;5;18;8
2026;1;L032;5;19;12
2026;1;L032;5;20;5
2026;1;L032;5;21;1
2026;1;L032;6;8;2
2026;1;L032;6;9;4
2026;1;L032;6;10;9
2026;1;L032;6;11;4
2026;1;L032;6;12;3
2026;1;L032;6;13;6
2026;1;L032;6;14;3
2026;1;L032;6;15;4
2026;1;L032;6;16;3
2026;1;L032;6;17;6
2026;1;L032;6;18;8
2026;1;L032;6;19;2
2026;1;L032;6;20;3
2026;1;L032;7;9;1
2026;1;L032;7;10;1
2026;1;L032;7;11;1
2026;1;L032;7;12;1
2026;1;L032;7;16;1
2026;1;L032;7;17;1
2026;1;L032;7;18;1
2026;2;L032;1;8;6
2026;2;L032;1;9;7
2026;2;L032;1;10;10
2026;2;L032;1;11;16
2026;2;L032;1;12;11
2026;2;L032;1;13;11
2026;2;L032;1;14;6
2026;2;L032;1;15;9
2026;2;L032;1;16;15
2026;2;L032;1;17;11
2026;2;L032;1;18;13
2026;2;L032;1;19;10
2026;2;L032;1;20;5
2026;2;L032;1;21;1
2026;2;L032;2;8;5
2026;2;L032;2;9;8
2026;2;L032;2;10;14
2026;2;L032;2;11;16
2026;2;L032;2;12;8
2026;2;L032;2;13;8
2026;2;L032;2;14;6
2026;2;L032;2;15;9
2026;2;L032;2;16;20
2026;2;L032;2;17;12
2026;2;L032;2;18;16
2026;2;L032;2;19;9
2026;2;L032;2;20;5
2026;2;L032;2;21;2
2026;2;L032;3;8;3
2026;2;L032;3;9;5
2026;2;L032;3;10;12
2026;2;L032;3;11;15
2026;2;L032;3;12;12
2026;2;L032;3;13;8
2026;2;L032;3;14;5
2026;2;L032;3;15;7
2026;2;L032;3;16;13
2026;2;L032;3;17;11
2026;2;L032;3;18;8
2026;2;L032;3;19;5
2026;2;L032;3;20;4
2026;2;L032;3;21;2
2026;2;L032;4;8;3
2026;2;L032;4;9;10
2026;2;L032;4;10;16
2026;2;L032;4;11;12
2026;2;L032;4;12;8
2026;2;L032;4;13;8
2026;2;L032;4;14;4
2026;2;L032;4;15;6
2026;2;L032;4;16;10
2026;2;L032;4;17;20
2026;2;L032;4;18;16
2026;2;L032;4;19;9
2026;2;L032;4;20;6
2026;2;L032;4;21;1
2026;2;L032;5;8;6
2026;2;L032;5;9;11
2026;2;L032;5;10;7
2026;2;L032;5;11;12
2026;2;L032;5;12;12
2026;2;L032;5;13;8
2026;2;L032;5;14;7
2026;2;L032;5;15;8
2026;2;L032;5;16;15
2026;2;L032;5;17;11
2026;2;L032;5;18;9
2026;2;L032;5;19;12
2026;2;L032;5;20;5
2026;2;L032;5;21;2
2026;2;L032;6;8;1
2026;2;L032;6;9;5
2026;2;L032;6;10;5
2026;2;L032;6;11;4
2026;2;L032;6;12;6
2026;2;L032;6;13;4
2026;2;L032;6;14;2
2026;2;L032;6;15;2
2026;2;L032;6;16;4
2026;2;L032;6;17;3
2026;2;L032;6;18;6
2026;2;L032;6;19;4
2026;2;L032;6;20;2
2026;2;L032;6;21;1
2026;2;L032;7;9;1
2026;2;L032;7;10;1
2026;2;L032;7;11;1
2026;2;L032;7;12;1
2026;2;L032;7;16;1
2026;2;L032;7;17;1
2026;2;L032;7;18;1
2026;3;L032;1;8;6
2026;3;L032;1;9;12
2026;3;L032;1;10;20
2026;3;L032;1;11;16
2026;3;L032;1;12;13
2026;3;L032;1;13;15
2026;3;L032;1;14;6
2026;3;L032;1;15;10
2026;3;L032;1;16;16
2026;3;L032;1;17;15
2026;3;L032;1;18;11
2026;3;L032;1;19;19
2026;3;L032;1;20;7
2026;3;L032;1;21;2
2026;3;L032;2;8;6
2026;3;L032;2;9;9
2026;3;L032;2;10;13
2026;3;L032;2;11;17
2026;3;L032;2;12;12
2026;3;L032;2;13;11
2026;3;L032;2;14;8
2026;3;L032;2;15;6
2026;3;L032;2;16;13
2026;3;L032;2;17;9
2026;3;L032;2;18;12
2026;3;L032;2;19;15
2026;3;L032;2;20;4
2026;3;L032;2;21;1
2026;3;L032;3;8;4
2026;3;L032;3;9;7
2026;3;L032;3;10;25
2026;3;L032;3;11;23
2026;3;L032;3;12;10
2026;3;L032;3;13;10
2026;3;L032;3;14;9
2026;3;L032;3;15;9
2026;3;L032;3;16;13
2026;3;L032;3;17;12
2026;3;L032;3;18;11
2026;3;L032;3;19;10
2026;3;L032;3;20;4
2026;3;L032;3;21;2
2026;3;L032;4;8;9
2026;3;L032;4;9;10
2026;3;L032;4;10;20
2026;3;L032;4;11;22
2026;3;L032;4;12;17
2026;3;L032;4;13;11
2026;3;L032;4;14;5
2026;3;L032;4;15;9
2026;3;L032;4;16;11
2026;3;L032;4;17;19
2026;3;L032;4;18;16
2026;3;L032;4;19;13
2026;3;L032;4;20;4
2026;3;L032;4;21;1
2026;3;L032;5;8;7
2026;3;L032;5;9;12
2026;3;L032;5;10;14
2026;3;L032;5;11;13
2026;3;L032;5;12;12
2026;3;L032;5;13;12
2026;3;L032;5;14;6
2026;3;L032;5;15;13
2026;3;L032;5;16;14
2026;3;L032;5;17;12
2026;3;L032;5;18;16
2026;3;L032;5;19;13
2026;3;L032;5;20;6
2026;3;L032;5;21;2
2026;3;L032;6;8;2
2026;3;L032;6;9;4
2026;3;L032;6;10;7
2026;3;L032;6;11;7
2026;3;L032;6;12;7
2026;3;L032;6;13;4
2026;3;L032;6;14;2
2026;3;L032;6;15;4
2026;3;L032;6;16;6
2026;3;L032;6;17;7
2026;3;L032;6;18;6
2026;3;L032;6;19;4
2026;3;L032;6;20;2
2026;3;L032;7;10;1
2026;3;L032;7;11;1
2026;3;L032;7;12;1
2026;3;L032;7;16;1
2026;3;L032;7;17;1
2026;3;L032;7;19;1
2026;4;L032;1;8;4
2026;4;L032;1;9;10
2026;4;L032;1;10;14
2026;4;L032;1;11;13
2026;4;L032;1;12;13
2026;4;L032;1;13;13
2026;4;L032;1;14;6
2026;4;L032;1;15;7
2026;4;L032;1;16;24
2026;4;L032;1;17;20
2026;4;L032;1;18;17
2026;4;L032;1;19;11
2026;4;L032;1;20;3
2026;4;L032;1;21;2
2026;4;L032;2;8;6
2026;4;L032;2;9;10
2026;4;L032;2;10;9
2026;4;L032;2;11;22
2026;4;L032;2;12;13
2026;4;L032;2;13;9
2026;4;L032;2;14;6
2026;4;L032;2;15;12
2026;4;L032;2;16;21
2026;4;L032;2;17;8
2026;4;L032;2;18;15
2026;4;L032;2;19;12
2026;4;L032;2;20;6
2026;4;L032;2;21;2
2026;4;L032;3;8;6
2026;4;L032;3;9;13
2026;4;L032;3;10;12
2026;4;L032;3;11;11
2026;4;L032;3;12;14
2026;4;L032;3;13;6
2026;4;L032;3;14;7
2026;4;L032;3;15;8
2026;4;L032;3;16;13
2026;4;L032;3;17;12
2026;4;L032;3;18;14
2026;4;L032;3;19;13
2026;4;L032;3;20;4
2026;4;L032;3;21;2
2026;4;L032;4;8;4
2026;4;L032;4;9;8
2026;4;L032;4;10;19
2026;4;L032;4;11;13
2026;4;L032;4;12;11
2026;4;L032;4;13;10
2026;4;L032;4;14;6
2026;4;L032;4;15;9
2026;4;L032;4;16;15
2026;4;L032;4;17;16
2026;4;L032;4;18;17
2026;4;L032;4;19;8
2026;4;L032;4;20;5
2026;4;L032;4;21;2
2026;4;L032;5;8;7
2026;4;L032;5;9;10
2026;4;L032;5;10;13
2026;4;L032;5;11;16
2026;4;L032;5;12;24
2026;4;L032;5;13;10
2026;4;L032;5;14;7
2026;4;L032;5;15;8
2026;4;L032;5;16;19
2026;4;L032;5;17;20
2026;4;L032;5;18;13
2026;4;L032;5;19;11
2026;4;L032;5;20;7
2026;4;L032;5;21;3
2026;4;L032;6;8;1
2026;4;L032;6;9;5
2026;4;L032;6;10;5
2026;4;L032;6;11;9
2026;4;L032;6;12;4
2026;4;L032;6;13;4
2026;4;L032;6;14;2
2026;4;L032;6;15;4
2026;4;L032;6;16;5
2026;4;L032;6;17;7
2026;4;L032;6;18;5
2026;4;L032;6;19;5
2026;4;L032;6;20;3
2026;4;L032;6;21;1
2026;4;L032;7;9;1
2026;4;L032;7;10;1
2026;4;L032;7;12;1
2026;4;L032;7;13;1
2026;4;L032;7;15;1
2026;4;L032;7;16;1
2026;4;L032;7;17;1
2026;5;L032;1;8;6
2026;5;L032;1;9;13
2026;5;L032;1;10;22
2026;5;L032;1;11;14
2026;5;L032;1;12;19
2026;5;L032;1;13;9
2026;5;L032;1;14;7
2026;5;L032;1;15;6
2026;5;L032;1;16;13
2026;5;L032;1;17;13
2026;5;L032;1;18;11
2026;5;L032;1;19;11
2026;5;L032;1;20;6
2026;5;L032;1;21;2
2026;5;L032;2;8;4
2026;5;L032;2;9;9
2026;5;L032;2;10;23
2026;5;L032;2;11;21
2026;5;L032;2;12;23
2026;5;L032;2;13;8
2026;5;L032;2;14;3
2026;5;L032;2;15;7
2026;5;L032;2;16;15
2026;5;L032;2;17;12
2026;5;L032;2;18;22
2026;5;L032;2;19;15
2026;5;L032;2;20;5
2026;5;L032;2;21;1
2026;5;L032;3;8;4
2026;5;L032;3;9;10
2026;5;L032;3;10;18
2026;5;L032;3;11;22
2026;5;L032;3;12;26
2026;5;L032;3;13;11
2026;5;L032;3;14;6
2026;5;L032;3;15;8
2026;5;L032;3;16;16
2026;5;L032;3;17;15
2026;5;L032;3;18;15
2026;5;L032;3;19;11
2026;5;L032;3;20;3
2026;5;L032;3;21;2
2026;5;L032;4;8;6
2026;5;L032;4;9;14
2026;5;L032;4;10;16
2026;5;L032;4;11;17
2026;5;L032;4;12;11
2026;5;L032;4;13;11
2026;5;L032;4;14;7
2026;5;L032;4;15;6
2026;5;L032;4;16;20
2026;5;L032;4;17;21
2026;5;L032;4;18;22
2026;5;L032;4;19;14
2026;5;L032;4;20;5
2026;5;L032;4;21;3
2026;5;L032;5;8;6
2026;5;L032;5;9;16
2026;5;L032;5;10;10
2026;5;L032;5;11;15
2026;5;L032;5;12;14
2026;5;L032;5;13;14
2026;5;L032;5;14;5
2026;5;L032;5;15;7
2026;5;L032;5;16;18
2026;5;L032;5;17;15
2026;5;L032;5;18;23
2026;5;L032;5;19;8
2026;5;L032;5;20;6
2026;5;L032;5;21;2
2026;5;L032;6;8;3
2026;5;L032;6;9;3
2026;5;L032;6;10;9
2026;5;L032;6;11;11
2026;5;L032;6;12;7
2026;5;L032;6;13;5
2026;5;L032;6;14;2
2026;5;L032;6;15;5
2026;5;L032;6;16;9
2026;5;L032;6;17;9
2026;5;L032;6;18;5
2026;5;L032;6;19;4
2026;5;L032;6;20;2
2026;5;L032;6;21;1
2026;5;L032;7;11;1
2026;5;L032;7;15;1
2026;5;L032;7;16;1
2026;5;L032;7;17;1
2026;5;L032;7;18;1
2026;6;L032;1;8;8
2026;6;L032;1;9;11
2026;6;L032;1;10;16
2026;6;L032;1;11;25
2026;6;L032;1;12;15
2026;6;L032;1;13;12
2026;6;L032;1;14;5
2026;6;L032;1;15;7
2026;6;L032;1;16;15
2026;6;L032;1;17;23
2026;6;L032;1;18;23
2026;6;L032;1;19;15
2026;6;L032;1;20;7
2026;6;L032;1;21;1
2026;6;L032;2;8;4
2026;6;L032;2;9;8
2026;6;L032;2;10;23
2026;6;L032;2;11;13
2026;6;L032;2;12;14
2026;6;L032;2;13;10
2026;6;L032;2;14;9
2026;6;L032;2;15;11
2026;6;L032;2;16;17
2026;6;L032;2;17;12
2026;6;L032;2;18;11
2026;6;L032;2;19;9
2026;6;L032;2;20;6
2026;6;L032;2;21;2
2026;6;L032;3;8;7
2026;6;L032;3;9;7
2026;6;L032;3;10;12
2026;6;L032;3;11;18
2026;6;L032;3;12;18
2026;6;L032;3;13;10
2026;6;L032;3;14;7
2026;6;L032;3;15;10
2026;6;L032;3;16;9
2026;6;L032;3;17;23
2026;6;L032;3;18;14
2026;6;L032;3;19;9
2026;6;L032;3;20;5
2026;6;L032;3;21;2
2026;6;L032;4;8;7
2026;6;L032;4;9;11
2026;6;L032;4;10;16
2026;6;L032;4;11;14
2026;6;L032;4;12;15
2026;6;L032;4;13;11
2026;6;L032;4;14;5
2026;6;L032;4;15;9
2026;6;L032;4;16;16
2026;6;L032;4;17;10
2026;6;L032;4;18;11
2026;6;L032;4;19;17
2026;6;L032;4;20;5
2026;6;L032;4;21;2
2026;6;L032;5;8;11
2026;6;L032;5;9;15
2026;6;L032;5;10;13
2026;6;L032;5;11;13
2026;6;L032;5;12;16
2026;6;L032;5;13;12
2026;6;L032;5;14;8
2026;6;L032;5;15;8
2026;6;L032;5;16;22
2026;6;L032;5;17;19
2026;6;L032;5;18;9
2026;6;L032;5;19;9
2026;6;L032;5;20;6
2026;6;L032;5;21;1
2026;6;L032;6;8;1
2026;6;L032;6;9;3
2026;6;L032;6;10;9
2026;6;L032;6;11;9
2026;6;L032;6;12;5
2026;6;L032;6;13;6
2026;6;L032;6;14;3
2026;6;L032;6;15;3
2026;6;L032;6;16;5
2026;6;L032;6;17;6
2026;6;L032;6;18;5
2026;6;L032;6;19;6
2026;6;L032;6;20;2
2026;6;L032;6;21;1
2026;6;L032;7;10;1
2026;6;L032;7;11;1
2026;6;L032;7;12;1
2026;6;L032;7;14;1
2026;6;L032;7;16;1
2026;6;L032;7;17;1
2026;6;L032;7;18;1
2026;6;L032;7;19;1
2026;7;L032;1;8;7
2026;7;L032;1;9;14
2026;7;L032;1;10;20
2026;7;L032;1;11;11
2026;7;L032;1;12;13
2026;7;L032;1;13;10
2026;7;L032;1;14;9
2026;7;L032;1;15;12
2026;7;L032;1;16;11
2026;7;L032;1;17;18
2026;7;L032;1;18;27
2026;7;L032;1;19;16
2026;7;L032;1;20;3
2026;7;L032;1;21;2
2026;7;L032;2;8;6
2026;7;L032;2;9;13
2026;7;L032;2;10;16
2026;7;L032;2;11;8
2026;7;L032;2;12;17
2026;7;L032;2;13;10
2026;7;L032;2;14;9
2026;7;L032;2;15;12
2026;7;L032;2;16;20
2026;7;L032;2;17;21
2026;7;L032;2;18;14
2026;7;L032;2;19;10
2026;7;L032;2;20;4
2026;7;L032;2;21;2
2026;7;L032;3;8;8
2026;7;L032;3;9;14
2026;7;L032;3;10;15
2026;7;L032;3;11;16
2026;7;L032;3;12;13
2026;7;L032;3;13;16
2026;7;L032;3;14;6
2026;7;L032;3;15;12
2026;7;L032;3;16;13
2026;7;L032;3;17;24
2026;7;L032;3;18;19
2026;7;L032;3;19;13
2026;7;L032;3;20;5
2026;7;L032;3;21;2
2026;7;L032;4;8;8
2026;7;L032;4;9;8
2026;7;L032;4;10;14
2026;7;L032;4;11;23
2026;7;L032;4;12;14
2026;7;L032;4;13;11
2026;7;L032;4;14;10
2026;7;L032;4;15;12
2026;7;L032;4;16;15
2026;7;L032;4;17;12
2026;7;L032;4;18;10
2026;7;L032;4;19;12
2026;7;L032;4;20;5
2026;7;L032;4;21;2
2026;7;L032;5;8;9
2026;7;L032;5;9;11
2026;7;L032;5;10;20
2026;7;L032;5;11;20
2026;7;L032;5;12;17
2026;7;L032;5;13;8
2026;7;L032;5;14;9
2026;7;L032;5;15;17
2026;7;L032;5;16;17
2026;7;L032;5;17;17
2026;7;L032;5;18;13
2026;7;L032;5;19;13
2026;7;L032;5;20;6
2026;7;L032;5;21;1
2026;7;L032;6;8;2
2026;7;L032;6;9;7
2026;7;L032;6;10;3
2026;7;L032;6;11;9
2026;7;L032;6;12;5
2026;7;L032;6;13;4
2026;7;L032;6;14;2
2026;7;L032;6;15;4
2026;7;L032;6;16;6
2026;7;L032;6;17;6
2026;7;L032;6;18;10
2026;7;L032;6;19;2
2026;7;L032;6;20;2
2026;7;L032;6;21;1
2026;7;L032;7;10;1
2026;7;L032;7;11;1
2026;7;L032;7;12;1
2026;7;L032;7;13;1
2026;7;L032;7;16;1
2026;7;L032;7;17;1
2026;7;L032;7;18;1
2026;7;L032;7;19;1
2026;8;L032;1;8;8
2026;8;L032;1;9;9
2026;8;L032;1;10;14
2026;8;L032;1;11;14
2026;8;L032;1;12;17
2026;8;L032;1;13;14
2026;8;L032;1;14;5
2026;8;L032;1;15;7
2026;8;L032;1;16;19
2026;8;L032;1;17;19
2026;8;L032;1;18;13
2026;8;L032;1;19;10
2026;8;L032;1;20;7
2026;8;L032;1;21;2
2026;8;L032;2;8;4
2026;8;L032;2;9;7
2026;8;L032;2;10;13
2026;8;L032;2;11;16
2026;8;L032;2;12;12
2026;8;L032;2;13;11
2026;8;L032;2;14;7
2026;8;L032;2;15;5
2026;8;L032;2;16;15
2026;8;L032;2;17;19
2026;8;L032;2;18;22
2026;8;L032;2;19;13
2026;8;L032;2;20;4
2026;8;L032;2;21;1
2026;8;L032;3;8;6
2026;8;L032;3;9;7
2026;8;L032;3;10;13
2026;8;L032;3;11;9
2026;8;L032;3;12;15
2026;8;L032;3;13;11
2026;8;L032;3;14;8
2026;8;L032;3;15;9
2026;8;L032;3;16;17
2026;8;L032;3;17;17
2026;8;L032;3;18;14
2026;8;L032;3;19;6
2026;8;L032;3;20;5
2026;8;L032;3;21;2
2026;8;L032;4;8;5
2026;8;L032;4;9;17
2026;8;L032;4;10;15
2026;8;L032;4;11;19
2026;8;L032;4;12;12
2026;8;L032;4;13;12
2026;8;L032;4;14;7
2026;8;L032;4;15;15
2026;8;L032;4;16;14
2026;8;L032;4;17;13
2026;8;L032;4;18;11
2026;8;L032;4;19;17
2026;8;L032;4;20;4
2026;8;L032;4;21;2
2026;8;L032;5;8;5
2026;8;L032;5;9;9
2026;8;L032;5;10;17
2026;8;L032;5;11;21
2026;8;L032;5;12;18
2026;8;L032;5;13;8
2026;8;L032;5;14;5
2026;8;L032;5;15;13
2026;8;L032;5;16;19
2026;8;L032;5;17;11
2026;8;L032;5;18;9
2026;8;L032;5;19;11
2026;8;L032;5;20;8
2026;8;L032;5;21;3
2026;8;L032;6;8;2
2026;8;L032;6;9;5
2026;8;L032;6;10;5
2026;8;L032;6;11;7
2026;8;L032;6;12;4
2026;8;L032;6;13;7
2026;8;L032;6;14;3
2026;8;L032;6;15;4
2026;8;L032;6;16;4
2026;8;L032;6;17;6
2026;8;L032;6;18;8
2026;8;L032;6;19;6
2026;8;L032;6;20;2
2026;8;L032;6;21;1
2026;8;L032;7;10;1
2026;8;L032;7;11;1
2026;8;L032;7;12;1
2026;8;L032;7;13;1
2026;8;L032;7;15;1
2026;8;L032;7;16;1
2026;8;L032;7;17;1
2026;8;L032;7;18;1
2026;8;L032;7;19;1
2026;1;L034;1;8;17
2026;1;L034;1;9;45
2026;1;L034;1;10;49
2026;1;L034;1;11;79
2026;1;L034;1;12;50
2026;1;L034;1;13;64
2026;1;L034;1;14;34
2026;1;L034;1;15;35
2026;1;L034;1;16;64
2026;1;L034;1;17;58
2026;1;L034;1;18;61
2026;1;L034;1;19;33
2026;1;L034;1;20;29
2026;1;L034;1;21;6
2026;1;L034;2;8;19
2026;1;L034;2;9;38
2026;1;L034;2;10;49
2026;1;L034;2;11;68
2026;1;L034;2;12;66
2026;1;L034;2;13;30
2026;1;L034;2;14;19
2026;1;L034;2;15;33
2026;1;L034;2;16;66
2026;1;L034;2;17;63
2026;1;L034;2;18;69
2026;1;L034;2;19;49
2026;1;L034;2;20;25
2026;1;L034;2;21;7
2026;1;L034;3;8;16
2026;1;L034;3;9;47
2026;1;L034;3;10;64
2026;1;L034;3;11;50
2026;1;L034;3;12;69
2026;1;L034;3;13;40
2026;1;L034;3;14;28
2026;1;L034;3;15;27
2026;1;L034;3;16;50
2026;1;L034;3;17;72
2026;1;L034;3;18;47
2026;1;L034;3;19;31
2026;1;L034;3;20;20
2026;1;L034;3;21;8
2026;1;L034;4;8;27
2026;1;L034;4;9;55
2026;1;L034;4;10;40
2026;1;L034;4;11;73
2026;1;L034;4;12;73
2026;1;L034;4;13;43
2026;1;L034;4;14;20
2026;1;L034;4;15;41
2026;1;L034;4;16;55
2026;1;L034;4;17;55
2026;1;L034;4;18;84
2026;1;L034;4;19;49
2026;1;L034;4;20;21
2026;1;L034;4;21;7
2026;1;L034;5;8;23
2026;1;L034;5;9;35
2026;1;L034;5;10;64
2026;1;L034;5;11;58
2026;1;L034;5;12;60
2026;1;L034;5;13;47
2026;1;L034;5;14;45
2026;1;L034;5;15;37
2026;1;L034;5;16;56
2026;1;L034;5;17;64
2026;1;L034;5;18;64
2026;1;L034;5;19;41
2026;1;L034;5;20;21
2026;1;L034;5;21;10
2026;1;L034;6;8;10
2026;1;L034;6;9;20
2026;1;L034;6;10;33
2026;1;L034;6;11;22
2026;1;L034;6;12;13
2026;1;L034;6;13;21
2026;1;L034;6;14;13
2026;1;L034;6;15;15
2026;1;L034;6;16;32
2026;1;L034;6;17;19
2026;1;L034;6;18;23
2026;1;L034;6;19;21
2026;1;L034;6;20;11
2026;1;L034;6;21;3
2026;1;L034;7;8;1
2026;1;L034;7;9;2
2026;1;L034;7;10;3
2026;1;L034;7;11;4
2026;1;L034;7;12;3
2026;1;L034;7;13;1
2026;1;L034;7;14;1
2026;1;L034;7;15;1
2026;1;L034;7;16;3
2026;1;L034;7;17;3
2026;1;L034;7;18;4
2026;1;L034;7;19;2
2026;1;L034;7;20;1
2026;2;L034;1;8;15
2026;2;L034;1;9;68
2026;2;L034;1;10;51
2026;2;L034;1;11;53
2026;2;L034;1;12;61
2026;2;L034;1;13;58
2026;2;L034;1;14;32
2026;2;L034;1;15;39
2026;2;L034;1;16;66
2026;2;L034;1;17;40
2026;2;L034;1;18;51
2026;2;L034;1;19;37
2026;2;L034;1;20;28
2026;2;L034;1;21;9
2026;2;L034;2;8;16
2026;2;L034;2;9;36
2026;2;L034;2;10;54
2026;2;L034;2;11;76
2026;2;L034;2;12;42
2026;2;L034;2;13;34
2026;2;L034;2;14;29
2026;2;L034;2;15;54
2026;2;L034;2;16;69
2026;2;L034;2;17;44
2026;2;L034;2;18;74
2026;2;L034;2;19;68
2026;2;L034;2;20;22
2026;2;L034;2;21;8
2026;2;L034;3;8;32
2026;2;L034;3;9;41
2026;2;L034;3;10;45
2026;2;L034;3;11;44
2026;2;L034;3;12;49
2026;2;L034;3;13;44
2026;2;L034;3;14;26
2026;2;L034;3;15;17
2026;2;L034;3;16;71
2026;2;L034;3;17;42
2026;2;L034;3;18;63
2026;2;L034;3;19;41
2026;2;L034;3;20;21
2026;2;L034;3;21;7
2026;2;L034;4;8;17
2026;2;L034;4;9;34
2026;2;L034;4;10;30
2026;2;L034;4;11;69
2026;2;L034;4;12;58
2026;2;L034;4;13;45
2026;2;L034;4;14;22
2026;2;L034;4;15;44
2026;2;L034;4;16;59
2026;2;L034;4;17;54
2026;2;L034;4;18;72
2026;2;L034;4;19;70
2026;2;L034;4;20;14
2026;2;L034;4;21;6
2026;2;L034;5;8;34
2026;2;L034;5;9;58
2026;2;L034;5;10;60
2026;2;L034;5;11;46
2026;2;L034;5;12;65
2026;2;L034;5;13;48
2026;2;L034;5;14;18
2026;2;L034;5;15;40
2026;2;L034;5;16;69
2026;2;L034;5;17;52
2026;2;L034;5;18;66
2026;2;L034;5;19;61
2026;2;L034;5;20;22
2026;2;L034;5;21;10
2026;2;L034;6;8;9
2026;2;L034;6;9;14
2026;2;L034;6;10;19
2026;2;L034;6;11;29
2026;2;L034;6;12;24
2026;2;L034;6;13;14
2026;2;L034;6;14;12
2026;2;L034;6;15;11
2026;2;L034;6;16;20
2026;2;L034;6;17;28
2026;2;L034;6;18;20
2026;2;L034;6;19;22
2026;2;L034;6;20;5
2026;2;L034;6;21;3
2026;2;L034;7;8;1
2026;2;L034;7;9;2
2026;2;L034;7;10;4
2026;2;L034;7;11;3
2026;2;L034;7;12;2
2026;2;L034;7;13;3
2026;2;L034;7;14;1
2026;2;L034;7;15;2
2026;2;L034;7;16;3
2026;2;L034;7;17;2
2026;2;L034;7;18;2
2026;2;L034;7;19;2
2026;2;L034;7;20;1
2026;3;L034;1;8;24
2026;3;L034;1;9;37
2026;3;L034;1;10;82
2026;3;L034;1;11;41
2026;3;L034;1;12;58
2026;3;L034;1;13;61
2026;3;L034;1;14;24
2026;3;L034;1;15;28
2026;3;L034;1;16;89
2026;3;L034;1;17;94
2026;3;L034;1;18;56
2026;3;L034;1;19;60
2026;3;L034;1;20;30
2026;3;L034;1;21;8
2026;3;L034;2;8;27
2026;3;L034;2;9;36
2026;3;L034;2;10;81
2026;3;L034;2;11;60
2026;3;L034;2;12;54
2026;3;L034;2;13;42
2026;3;L034;2;14;24
2026;3;L034;2;15;42
2026;3;L034;2;16;36
2026;3;L034;2;17;47
2026;3;L034;2;18;60
2026;3;L034;2;19;48
2026;3;L034;2;20;34
2026;3;L034;2;21;9
2026;3;L034;3;8;24
2026;3;L034;3;9;56
2026;3;L034;3;10;58
2026;3;L034;3;11;52
2026;3;L034;3;12;51
2026;3;L034;3;13;75
2026;3;L034;3;14;17
2026;3;L034;3;15;29
2026;3;L034;3;16;73
2026;3;L034;3;17;55
2026;3;L034;3;18;38
2026;3;L034;3;19;49
2026;3;L034;3;20;27
2026;3;L034;3;21;7
2026;3;L034;4;8;21
2026;3;L034;4;9;33
2026;3;L034;4;10;50
2026;3;L034;4;11;86
2026;3;L034;4;12;65
2026;3;L034;4;13;45
2026;3;L034;4;14;39
2026;3;L034;4;15;56
2026;3;L034;4;16;41
2026;3;L034;4;17;51
2026;3;L034;4;18;89
2026;3;L034;4;19;56
2026;3;L034;4;20;33
2026;3;L034;4;21;7
2026;3;L034;5;8;25
2026;3;L034;5;9;35
2026;3;L034;5;10;47
2026;3;L034;5;11;102
2026;3;L034;5;12;60
2026;3;L034;5;13;44
2026;3;L034;5;14;19
2026;3;L034;5;15;35
2026;3;L034;5;16;62
2026;3;L034;5;17;76
2026;3;L034;5;18;77
2026;3;L034;5;19;49
2026;3;L034;5;20;26
2026;3;L034;5;21;8
2026;3;L034;6;8;19
2026;3;L034;6;9;20
2026;3;L034;6;10;37
2026;3;L034;6;11;23
2026;3;L034;6;12;28
2026;3;L034;6;13;17
2026;3;L034;6;14;23
2026;3;L034;6;15;16
2026;3;L034;6;16;26
2026;3;L034;6;17;28
2026;3;L034;6;18;24
2026;3;L034;6;19;14
2026;3;L034;6;20;10
2026;3;L034;6;21;4
2026;3;L034;7;8;1
2026;3;L034;7;9;3
2026;3;L034;7;10;3
2026;3;L034;7;11;5
2026;3;L034;7;12;2
2026;3;L034;7;13;2
2026;3;L034;7;14;1
2026;3;L034;7;15;2
2026;3;L034;7;16;4
2026;3;L034;7;17;3
2026;3;L034;7;18;4
2026;3;L034;7;19;2
2026;3;L034;7;20;1
2026;4;L034;1;8;26
2026;4;L034;1;9;46
2026;4;L034;1;10;55
2026;4;L034;1;11;52
2026;4;L034;1;12;54
2026;4;L034;1;13;56
2026;4;L034;1;14;31
2026;4;L034;1;15;41
2026;4;L034;1;16;78
2026;4;L034;1;17;73
2026;4;L034;1;18;34
2026;4;L034;1;19;56
2026;4;L034;1;20;13
2026;4;L034;1;21;5
2026;4;L034;2;8;23
2026;4;L034;2;9;46
2026;4;L034;2;10;64
2026;4;L034;2;11;52
2026;4;L034;2;12;69
2026;4;L034;2;13;64
2026;4;L034;2;14;35
2026;4;L034;2;15;54
2026;4;L034;2;16;46
2026;4;L034;2;17;74
2026;4;L034;2;18;54
2026;4;L034;2;19;51
2026;4;L034;2;20;28
2026;4;L034;2;21;8
2026;4;L034;3;8;23
2026;4;L034;3;9;64
2026;4;L034;3;10;89
2026;4;L034;3;11;53
2026;4;L034;3;12;64
2026;4;L034;3;13;74
2026;4;L034;3;14;29
2026;4;L034;3;15;44
2026;4;L034;3;16;64
2026;4;L034;3;17;60
2026;4;L034;3;18;57
2026;4;L034;3;19;43
2026;4;L034;3;20;21
2026;4;L034;3;21;5
2026;4;L034;4;8;21
2026;4;L034;4;9;40
2026;4;L034;4;10;70
2026;4;L034;4;11;85
2026;4;L034;4;12;65
2026;4;L034;4;13;61
2026;4;L034;4;14;25
2026;4;L034;4;15;49
2026;4;L034;4;16;80
2026;4;L034;4;17;60
2026;4;L034;4;18;62
2026;4;L034;4;19;57
2026;4;L034;4;20;28
2026;4;L034;4;21;14
2026;4;L034;5;8;27
2026;4;L034;5;9;63
2026;4;L034;5;10;59
2026;4;L034;5;11;90
2026;4;L034;5;12;72
2026;4;L034;5;13;54
2026;4;L034;5;14;25
2026;4;L034;5;15;39
2026;4;L034;5;16;42
2026;4;L034;5;17;74
2026;4;L034;5;18;69
2026;4;L034;5;19;84
2026;4;L034;5;20;16
2026;4;L034;5;21;11
2026;4;L034;6;8;8
2026;4;L034;6;9;18
2026;4;L034;6;10;29
2026;4;L034;6;11;19
2026;4;L034;6;12;25
2026;4;L034;6;13;25
2026;4;L034;6;14;16
2026;4;L034;6;15;11
2026;4;L034;6;16;25
2026;4;L034;6;17;26
2026;4;L034;6;18;21
2026;4;L034;6;19;15
2026;4;L034;6;20;9
2026;4;L034;6;21;3
2026;4;L034;7;8;1
2026;4;L034;7;9;4
2026;4;L034;7;10;4
2026;4;L034;7;11;4
2026;4;L034;7;12;4
2026;4;L034;7;13;2
2026;4;L034;7;14;1
2026;4;L034;7;15;1
2026;4;L034;7;16;3
2026;4;L034;7;17;3
2026;4;L034;7;18;3
2026;4;L034;7;19;2
2026;4;L034;7;20;1
2026;5;L034;1;8;18
2026;5;L034;1;9;35
2026;5;L034;1;10;63
2026;5;L034;1;11;64
2026;5;L034;1;12;81
2026;5;L034;1;13;65
2026;5;L034;1;14;24
2026;5;L034;1;15;38
2026;5;L034;1;16;72
2026;5;L034;1;17;78
2026;5;L034;1;18;65
2026;5;L034;1;19;74
2026;5;L034;1;20;20
2026;5;L034;1;21;9
2026;5;L034;2;8;27
2026;5;L034;2;9;47
2026;5;L034;2;10;72
2026;5;L034;2;11;55
2026;5;L034;2;12;59
2026;5;L034;2;13;78
2026;5;L034;2;14;38
2026;5;L034;2;15;31
2026;5;L034;2;16;57
2026;5;L034;2;17;66
2026;5;L034;2;18;54
2026;5;L034;2;19;48
2026;5;L034;2;20;32
2026;5;L034;2;21;10
2026;5;L034;3;8;21
2026;5;L034;3;9;39
2026;5;L034;3;10;78
2026;5;L034;3;11;78
2026;5;L034;3;12;85
2026;5;L034;3;13;55
2026;5;L034;3;14;43
2026;5;L034;3;15;31
2026;5;L034;3;16;56
2026;5;L034;3;17;87
2026;5;L034;3;18;53
2026;5;L034;3;19;51
2026;5;L034;3;20;24
2026;5;L034;3;21;7
2026;5;L034;4;8;23
2026;5;L034;4;9;36
2026;5;L034;4;10;51
2026;5;L034;4;11;70
2026;5;L034;4;12;132
2026;5;L034;4;13;65
2026;5;L034;4;14;22
2026;5;L034;4;15;46
2026;5;L034;4;16;43
2026;5;L034;4;17;45
2026;5;L034;4;18;66
2026;5;L034;4;19;39
2026;5;L034;4;20;21
2026;5;L034;4;21;12
2026;5;L034;5;8;20
2026;5;L034;5;9;45
2026;5;L034;5;10;71
2026;5;L034;5;11;37
2026;5;L034;5;12;69
2026;5;L034;5;13;65
2026;5;L034;5;14;34
2026;5;L034;5;15;51
2026;5;L034;5;16;48
2026;5;L034;5;17;74
2026;5;L034;5;18;83
2026;5;L034;5;19;65
2026;5;L034;5;20;33
2026;5;L034;5;21;6
2026;5;L034;6;8;12
2026;5;L034;6;9;23
2026;5;L034;6;10;24
2026;5;L034;6;11;26
2026;5;L034;6;12;31
2026;5;L034;6;13;30
2026;5;L034;6;14;11
2026;5;L034;6;15;11
2026;5;L034;6;16;31
2026;5;L034;6;17;34
2026;5;L034;6;18;24
2026;5;L034;6;19;27
2026;5;L034;6;20;10
2026;5;L034;6;21;4
2026;5;L034;7;8;1
2026;5;L034;7;9;2
2026;5;L034;7;10;3
2026;5;L034;7;11;4
2026;5;L034;7;12;4
2026;5;L034;7;13;2
2026;5;L034;7;14;2
2026;5;L034;7;15;2
2026;5;L034;7;16;3
2026;5;L034;7;17;2
2026;5;L034;7;18;3
2026;5;L034;7;19;3
2026;5;L034;7;20;1
2026;6;L034;1;8;35
2026;6;L034;1;9;35
2026;6;L034;1;10;61
2026;6;L034;1;11;73
2026;6;L034;1;12;64
2026;6;L034;1;13;58
2026;6;L034;1;14;36
2026;6;L034;1;15;53
2026;6;L034;1;16;55
2026;6;L034;1;17;82
2026;6;L034;1;18;109
2026;6;L034;1;19;57
2026;6;L034;1;20;27
2026;6;L034;1;21;10
2026;6;L034;2;8;31
2026;6;L034;2;9;86
2026;6;L034;2;10;72
2026;6;L034;2;11;68
2026;6;L034;2;12;48
2026;6;L034;2;13;63
2026;6;L034;2;14;25
2026;6;L034;2;15;48
2026;6;L034;2;16;63
2026;6;L034;2;17;82
2026;6;L034;2;18;86
2026;6;L034;2;19;44
2026;6;L034;2;20;28
2026;6;L034;2;21;9
2026;6;L034;3;8;49
2026;6;L034;3;9;40
2026;6;L034;3;10;78
2026;6;L034;3;11;72
2026;6;L034;3;12;72
2026;6;L034;3;13;50
2026;6;L034;3;14;26
2026;6;L034;3;15;48
2026;6;L034;3;16;46
2026;6;L034;3;17;59
2026;6;L034;3;18;72
2026;6;L034;3;19;32
2026;6;L034;3;20;32
2026;6;L034;3;21;7
2026;6;L034;4;8;41
2026;6;L034;4;9;33
2026;6;L034;4;10;59
2026;6;L034;4;11;87
2026;6;L034;4;12;95
2026;6;L034;4;13;60
2026;6;L034;4;14;34
2026;6;L034;4;15;46
2026;6;L034;4;16;63
2026;6;L034;4;17;92
2026;6;L034;4;18;82
2026;6;L034;4;19;90
2026;6;L034;4;20;19
2026;6;L034;4;21;12
2026;6;L034;5;8;17
2026;6;L034;5;9;38
2026;6;L034;5;10;102
2026;6;L034;5;11;94
2026;6;L034;5;12;57
2026;6;L034;5;13;71
2026;6;L034;5;14;41
2026;6;L034;5;15;38
2026;6;L034;5;16;95
2026;6;L034;5;17;105
2026;6;L034;5;18;109
2026;6;L034;5;19;44
2026;6;L034;5;20;16
2026;6;L034;5;21;12
2026;6;L034;6;8;10
2026;6;L034;6;9;31
2026;6;L034;6;10;21
2026;6;L034;6;11;38
2026;6;L034;6;12;33
2026;6;L034;6;13;26
2026;6;L034;6;14;11
2026;6;L034;6;15;29
2026;6;L034;6;16;16
2026;6;L034;6;17;24
2026;6;L034;6;18;32
2026;6;L034;6;19;16
2026;6;L034;6;20;13
2026;6;L034;6;21;5
2026;6;L034;7;8;2
2026;6;L034;7;9;3
2026;6;L034;7;10;3
2026;6;L034;7;11;4
2026;6;L034;7;12;2
2026;6;L034;7;13;3
2026;6;L034;7;14;2
2026;6;L034;7;15;1
2026;6;L034;7;16;3
2026;6;L034;7;17;4
2026;6;L034;7;18;5
2026;6;L034;7;19;3
2026;6;L034;7;20;1
2026;7;L034;1;8;30
2026;7;L034;1;9;52
2026;7;L034;1;10;72
2026;7;L034;1;11;70
2026;7;L034;1;12;38
2026;7;L034;1;13;49
2026;7;L034;1;14;44
2026;7;L034;1;15;55
2026;7;L034;1;16;98
2026;7;L034;1;17;86
2026;7;L034;1;18;82
2026;7;L034;1;19;62
2026;7;L034;1;20;32
2026;7;L034;1;21;7
2026;7;L034;2;8;21
2026;7;L034;2;9;52
2026;7;L034;2;10;99
2026;7;L034;2;11;93
2026;7;L034;2;12;55
2026;7;L034;2;13;57
2026;7;L034;2;14;27
2026;7;L034;2;15;56
2026;7;L034;2;16;50
2026;7;L034;2;17;81
2026;7;L034;2;18;66
2026;7;L034;2;19;36
2026;7;L034;2;20;24
2026;7;L034;2;21;8
2026;7;L034;3;8;30
2026;7;L034;3;9;58
2026;7;L034;3;10;66
2026;7;L034;3;11;57
2026;7;L034;3;12;57
2026;7;L034;3;13;52
2026;7;L034;3;14;19
2026;7;L034;3;15;62
2026;7;L034;3;16;126
2026;7;L034;3;17;53
2026;7;L034;3;18;58
2026;7;L034;3;19;52
2026;7;L034;3;20;30
2026;7;L034;3;21;11
2026;7;L034;4;8;37
2026;7;L034;4;9;36
2026;7;L034;4;10;74
2026;7;L034;4;11;55
2026;7;L034;4;12;80
2026;7;L034;4;13;89
2026;7;L034;4;14;30
2026;7;L034;4;15;46
2026;7;L034;4;16;68
2026;7;L034;4;17;95
2026;7;L034;4;18;54
2026;7;L034;4;19;74
2026;7;L034;4;20;23
2026;7;L034;4;21;14
2026;7;L034;5;8;24
2026;7;L034;5;9;48
2026;7;L034;5;10;82
2026;7;L034;5;11;81
2026;7;L034;5;12;80
2026;7;L034;5;13;44
2026;7;L034;5;14;26
2026;7;L034;5;15;40
2026;7;L034;5;16;50
2026;7;L034;5;17;61
2026;7;L034;5;18;88
2026;7;L034;5;19;56
2026;7;L034;5;20;22
2026;7;L034;5;21;10
2026;7;L034;6;8;10
2026;7;L034;6;9;31
2026;7;L034;6;10;24
2026;7;L034;6;11;27
2026;7;L034;6;12;20
2026;7;L034;6;13;20
2026;7;L034;6;14;16
2026;7;L034;6;15;17
2026;7;L034;6;16;40
2026;7;L034;6;17;23
2026;7;L034;6;18;24
2026;7;L034;6;19;20
2026;7;L034;6;20;11
2026;7;L034;6;21;3
2026;7;L034;7;8;1
2026;7;L034;7;9;4
2026;7;L034;7;10;4
2026;7;L034;7;11;4
2026;7;L034;7;12;3
2026;7;L034;7;13;3
2026;7;L034;7;14;1
2026;7;L034;7;15;2
2026;7;L034;7;16;3
2026;7;L034;7;17;4
2026;7;L034;7;18;3
2026;7;L034;7;19;4
2026;7;L034;7;20;1
2026;8;L034;1;8;37
2026;8;L034;1;9;51
2026;8;L034;1;10;68
2026;8;L034;1;11;82
2026;8;L034;1;12;55
2026;8;L034;1;13;45
2026;8;L034;1;14;26
2026;8;L034;1;15;42
2026;8;L034;1;16;56
2026;8;L034;1;17;100
2026;8;L034;1;18;79
2026;8;L034;1;19;74
2026;8;L034;1;20;28
2026;8;L034;1;21;10
2026;8;L034;2;8;42
2026;8;L034;2;9;42
2026;8;L034;2;10;74
2026;8;L034;2;11;66
2026;8;L034;2;12;50
2026;8;L034;2;13;61
2026;8;L034;2;14;38
2026;8;L034;2;15;32
2026;8;L034;2;16;78
2026;8;L034;2;17;56
2026;8;L034;2;18;66
2026;8;L034;2;19;54
2026;8;L034;2;20;22
2026;8;L034;2;21;10
2026;8;L034;3;8;34
2026;8;L034;3;9;60
2026;8;L034;3;10;75
2026;8;L034;3;11;75
2026;8;L034;3;12;68
2026;8;L034;3;13;41
2026;8;L034;3;14;32
2026;8;L034;3;15;63
2026;8;L034;3;16;77
2026;8;L034;3;17;66
2026;8;L034;3;18;55
2026;8;L034;3;19;38
2026;8;L034;3;20;20
2026;8;L034;3;21;11
2026;8;L034;4;8;23
2026;8;L034;4;9;38
2026;8;L034;4;10;92
2026;8;L034;4;11;79
2026;8;L034;4;12;134
2026;8;L034;4;13;45
2026;8;L034;4;14;26
2026;8;L034;4;15;43
2026;8;L034;4;16;69
2026;8;L034;4;17;65
2026;8;L034;4;18;76
2026;8;L034;4;19;58
2026;8;L034;4;20;35
2026;8;L034;4;21;8
2026;8;L034;5;8;47
2026;8;L034;5;9;44
2026;8;L034;5;10;84
2026;8;L034;5;11;62
2026;8;L034;5;12;63
2026;8;L034;5;13;49
2026;8;L034;5;14;54
2026;8;L034;5;15;40
2026;8;L034;5;16;58
2026;8;L034;5;17;62
2026;8;L034;5;18;47
2026;8;L034;5;19;52
2026;8;L034;5;20;21
2026;8;L034;5;21;13
2026;8;L034;6;8;9
2026;8;L034;6;9;14
2026;8;L034;6;10;27
2026;8;L034;6;11;15
2026;8;L034;6;12;19
2026;8;L034;6;13;22
2026;8;L034;6;14;14
2026;8;L034;6;15;25
2026;8;L034;6;16;29
2026;8;L034;6;17;26
2026;8;L034;6;18;23
2026;8;L034;6;19;35
2026;8;L034;6;20;10
2026;8;L034;6;21;4
2026;8;L034;7;8;2
2026;8;L034;7;9;3
2026;8;L034;7;10;4
2026;8;L034;7;11;3
2026;8;L034;7;12;2
2026;8;L034;7;13;3
2026;8;L034;7;14;1
2026;8;L034;7;15;2
2026;8;L034;7;16;3
2026;8;L034;7;17;3
2026;8;L034;7;18;5
2026;8;L034;7;19;3
2026;8;L034;7;20;1
2026;1;L039;1;8;24
2026;1;L039;1;9;31
2026;1;L039;1;10;77
2026;1;L039;1;11;50
2026;1;L039;1;12;67
2026;1;L039;1;13;67
2026;1;L039;1;14;22
2026;1;L039;1;15;30
2026;1;L039;1;16;33
2026;1;L039;1;17;42
2026;1;L039;1;18;40
2026;1;L039;1;19;42
2026;1;L039;1;20;22
2026;1;L039;1;21;8
2026;1;L039;2;8;18
2026;1;L039;2;9;37
2026;1;L039;2;10;58
2026;1;L039;2;11;60
2026;1;L039;2;12;63
2026;1;L039;2;13;46
2026;1;L039;2;14;18
2026;1;L039;2;15;44
2026;1;L039;2;16;42
2026;1;L039;2;17;64
2026;1;L039;2;18;36
2026;1;L039;2;19;59
2026;1;L039;2;20;17
2026;1;L039;2;21;6
2026;1;L039;3;8;26
2026;1;L039;3;9;42
2026;1;L039;3;10;52
2026;1;L039;3;11;57
2026;1;L039;3;12;58
2026;1;L039;3;13;29
2026;1;L039;3;14;23
2026;1;L039;3;15;30
2026;1;L039;3;16;53
2026;1;L039;3;17;68
2026;1;L039;3;18;75
2026;1;L039;3;19;53
2026;1;L039;3;20;15
2026;1;L039;3;21;7
2026;1;L039;4;8;24
2026;1;L039;4;9;37
2026;1;L039;4;10;76
2026;1;L039;4;11;71
2026;1;L039;4;12;77
2026;1;L039;4;13;33
2026;1;L039;4;14;16
2026;1;L039;4;15;25
2026;1;L039;4;16;49
2026;1;L039;4;17;54
2026;1;L039;4;18;57
2026;1;L039;4;19;36
2026;1;L039;4;20;21
2026;1;L039;4;21;6
2026;1;L039;5;8;15
2026;1;L039;5;9;38
2026;1;L039;5;10;63
2026;1;L039;5;11;51
2026;1;L039;5;12;53
2026;1;L039;5;13;50
2026;1;L039;5;14;28
2026;1;L039;5;15;55
2026;1;L039;5;16;59
2026;1;L039;5;17;64
2026;1;L039;5;18;45
2026;1;L039;5;19;37
2026;1;L039;5;20;18
2026;1;L039;5;21;6
2026;1;L039;6;8;7
2026;1;L039;6;9;21
2026;1;L039;6;10;22
2026;1;L039;6;11;19
2026;1;L039;6;12;22
2026;1;L039;6;13;26
2026;1;L039;6;14;12
2026;1;L039;6;15;12
2026;1;L039;6;16;22
2026;1;L039;6;17;25
2026;1;L039;6;18;19
2026;1;L039;6;19;20
2026;1;L039;6;20;8
2026;1;L039;6;21;2
2026;1;L039;7;8;1
2026;1;L039;7;9;2
2026;1;L039;7;10;3
2026;1;L039;7;11;2
2026;1;L039;7;12;3
2026;1;L039;7;13;3
2026;1;L039;7;14;1
2026;1;L039;7;15;2
2026;1;L039;7;16;3
2026;1;L039;7;17;3
2026;1;L039;7;18;2
2026;1;L039;7;19;2
2026;1;L039;7;20;1
2026;2;L039;1;8;23
2026;2;L039;1;9;36
2026;2;L039;1;10;64
2026;2;L039;1;11;35
2026;2;L039;1;12;43
2026;2;L039;1;13;55
2026;2;L039;1;14;24
2026;2;L039;1;15;31
2026;2;L039;1;16;49
2026;2;L039;1;17;54
2026;2;L039;1;18;50
2026;2;L039;1;19;63
2026;2;L039;1;20;23
2026;2;L039;1;21;10
2026;2;L039;2;8;18
2026;2;L039;2;9;31
2026;2;L039;2;10;46
2026;2;L039;2;11;51
2026;2;L039;2;12;58
2026;2;L039;2;13;44
2026;2;L039;2;14;14
2026;2;L039;2;15;35
2026;2;L039;2;16;76
2026;2;L039;2;17;38
2026;2;L039;2;18;36
2026;2;L039;2;19;48
2026;2;L039;2;20;20
2026;2;L039;2;21;7
2026;2;L039;3;8;15
2026;2;L039;3;9;28
2026;2;L039;3;10;53
2026;2;L039;3;11;79
2026;2;L039;3;12;69
2026;2;L039;3;13;58
2026;2;L039;3;14;14
2026;2;L039;3;15;32
2026;2;L039;3;16;36
2026;2;L039;3;17;45
2026;2;L039;3;18;39
2026;2;L039;3;19;35
2026;2;L039;3;20;11
2026;2;L039;3;21;10
2026;2;L039;4;8;21
2026;2;L039;4;9;33
2026;2;L039;4;10;44
2026;2;L039;4;11;50
2026;2;L039;4;12;62
2026;2;L039;4;13;48
2026;2;L039;4;14;21
2026;2;L039;4;15;27
2026;2;L039;4;16;64
2026;2;L039;4;17;49
2026;2;L039;4;18;27
2026;2;L039;4;19;32
2026;2;L039;4;20;23
2026;2;L039;4;21;6
2026;2;L039;5;8;21
2026;2;L039;5;9;33
2026;2;L039;5;10;59
2026;2;L039;5;11;48
2026;2;L039;5;12;50
2026;2;L039;5;13;41
2026;2;L039;5;14;25
2026;2;L039;5;15;26
2026;2;L039;5;16;85
2026;2;L039;5;17;64
2026;2;L039;5;18;45
2026;2;L039;5;19;44
2026;2;L039;5;20;14
2026;2;L039;5;21;6
2026;2;L039;6;8;6
2026;2;L039;6;9;15
2026;2;L039;6;10;17
2026;2;L039;6;11;30
2026;2;L039;6;12;17
2026;2;L039;6;13;23
2026;2;L039;6;14;9
2026;2;L039;6;15;13
2026;2;L039;6;16;25
2026;2;L039;6;17;18
2026;2;L039;6;18;33
2026;2;L039;6;19;23
2026;2;L039;6;20;7
2026;2;L039;6;21;3
2026;2;L039;7;8;1
2026;2;L039;7;9;2
2026;2;L039;7;10;3
2026;2;L039;7;11;2
2026;2;L039;7;12;3
2026;2;L039;7;13;4
2026;2;L039;7;14;1
2026;2;L039;7;15;1
2026;2;L039;7;16;3
2026;2;L039;7;17;3
2026;2;L039;7;18;2
2026;2;L039;7;19;2
2026;2;L039;7;20;1
2026;3;L039;1;8;17
2026;3;L039;1;9;48
2026;3;L039;1;10;55
2026;3;L039;1;11;59
2026;3;L039;1;12;73
2026;3;L039;1;13;52
2026;3;L039;1;14;20
2026;3;L039;1;15;46
2026;3;L039;1;16;34
2026;3;L039;1;17;73
2026;3;L039;1;18;73
2026;3;L039;1;19;44
2026;3;L039;1;20;22
2026;3;L039;1;21;8
2026;3;L039;2;8;20
2026;3;L039;2;9;23
2026;3;L039;2;10;61
2026;3;L039;2;11;35
2026;3;L039;2;12;38
2026;3;L039;2;13;56
2026;3;L039;2;14;18
2026;3;L039;2;15;34
2026;3;L039;2;16;68
2026;3;L039;2;17;61
2026;3;L039;2;18;80
2026;3;L039;2;19;38
2026;3;L039;2;20;18
2026;3;L039;2;21;7
2026;3;L039;3;8;26
2026;3;L039;3;9;33
2026;3;L039;3;10;44
2026;3;L039;3;11;71
2026;3;L039;3;12;54
2026;3;L039;3;13;52
2026;3;L039;3;14;24
2026;3;L039;3;15;45
2026;3;L039;3;16;52
2026;3;L039;3;17;54
2026;3;L039;3;18;52
2026;3;L039;3;19;41
2026;3;L039;3;20;16
2026;3;L039;3;21;6
2026;3;L039;4;8;29
2026;3;L039;4;9;40
2026;3;L039;4;10;70
2026;3;L039;4;11;69
2026;3;L039;4;12;53
2026;3;L039;4;13;61
2026;3;L039;4;14;19
2026;3;L039;4;15;32
2026;3;L039;4;16;72
2026;3;L039;4;17;62
2026;3;L039;4;18;86
2026;3;L039;4;19;46
2026;3;L039;4;20;30
2026;3;L039;4;21;3
2026;3;L039;5;8;15
2026;3;L039;5;9;51
2026;3;L039;5;10;97
2026;3;L039;5;11;62
2026;3;L039;5;12;75
2026;3;L039;5;13;46
2026;3;L039;5;14;24
2026;3;L039;5;15;33
2026;3;L039;5;16;93
2026;3;L039;5;17;83
2026;3;L039;5;18;46
2026;3;L039;5;19;38
2026;3;L039;5;20;13
2026;3;L039;5;21;5
2026;3;L039;6;8;7
2026;3;L039;6;9;26
2026;3;L039;6;10;16
2026;3;L039;6;11;34
2026;3;L039;6;12;29
2026;3;L039;6;13;17
2026;3;L039;6;14;10
2026;3;L039;6;15;11
2026;3;L039;6;16;32
2026;3;L039;6;17;29
2026;3;L039;6;18;23
2026;3;L039;6;19;17
2026;3;L039;6;20;5
2026;3;L039;6;21;2
2026;3;L039;7;8;1
2026;3;L039;7;9;2
2026;3;L039;7;10;3
2026;3;L039;7;11;3
2026;3;L039;7;12;2
2026;3;L039;7;13;2
2026;3;L039;7;14;1
2026;3;L039;7;15;1
2026;3;L039;7;16;2
2026;3;L039;7;17;3
2026;3;L039;7;18;3
2026;3;L039;7;19;4
2026;3;L039;7;20;1
2026;4;L039;1;8;20
2026;4;L039;1;9;50
2026;4;L039;1;10;51
2026;4;L039;1;11;70
2026;4;L039;1;12;64
2026;4;L039;1;13;31
2026;4;L039;1;14;25
2026;4;L039;1;15;39
2026;4;L039;1;16;46
2026;4;L039;1;17;53
2026;4;L039;1;18;40
2026;4;L039;1;19;55
2026;4;L039;1;20;38
2026;4;L039;1;21;6
2026;4;L039;2;8;18
2026;4;L039;2;9;27
2026;4;L039;2;10;52
2026;4;L039;2;11;68
2026;4;L039;2;12;54
2026;4;L039;2;13;47
2026;4;L039;2;14;26
2026;4;L039;2;15;29
2026;4;L039;2;16;61
2026;4;L039;2;17;54
2026;4;L039;2;18;74
2026;4;L039;2;19;47
2026;4;L039;2;20;15
2026;4;L039;2;21;6
2026;4;L039;3;8;22
2026;4;L039;3;9;57
2026;4;L039;3;10;73
2026;4;L039;3;11;68
2026;4;L039;3;12;53
2026;4;L039;3;13;40
2026;4;L039;3;14;34
2026;4;L039;3;15;36
2026;4;L039;3;16;45
2026;4;L039;3;17;36
2026;4;L039;3;18;54
2026;4;L039;3;19;33
2026;4;L039;3;20;30
2026;4;L039;3;21;6
2026;4;L039;4;8;35
2026;4;L039;4;9;61
2026;4;L039;4;10;43
2026;4;L039;4;11;42
2026;4;L039;4;12;60
2026;4;L039;4;13;52
2026;4;L039;4;14;20
2026;4;L039;4;15;39
2026;4;L039;4;16;35
2026;4;L039;4;17;46
2026;4;L039;4;18;50
2026;4;L039;4;19;59
2026;4;L039;4;20;20
2026;4;L039;4;21;7
2026;4;L039;5;8;19
2026;4;L039;5;9;44
2026;4;L039;5;10;62
2026;4;L039;5;11;63
2026;4;L039;5;12;55
2026;4;L039;5;13;76
2026;4;L039;5;14;22
2026;4;L039;5;15;31
2026;4;L039;5;16;47
2026;4;L039;5;17;54
2026;4;L039;5;18;68
2026;4;L039;5;19;55
2026;4;L039;5;20;25
2026;4;L039;5;21;6
2026;4;L039;6;8;10
2026;4;L039;6;9;24
2026;4;L039;6;10;22
2026;4;L039;6;11;23
2026;4;L039;6;12;18
2026;4;L039;6;13;22
2026;4;L039;6;14;16
2026;4;L039;6;15;19
2026;4;L039;6;16;28
2026;4;L039;6;17;16
2026;4;L039;6;18;16
2026;4;L039;6;19;14
2026;4;L039;6;20;11
2026;4;L039;6;21;3
2026;4;L039;7;8;1
2026;4;L039;7;9;1
2026;4;L039;7;10;5
2026;4;L039;7;11;3
2026;4;L039;7;12;2
2026;4;L039;7;13;1
2026;4;L039;7;14;1
2026;4;L039;7;15;2
2026;4;L039;7;16;3
2026;4;L039;7;17;4
2026;4;L039;7;18;2
2026;4;L039;7;19;3
2026;4;L039;7;20;1
2026;5;L039;1;8;20
2026;5;L039;1;9;52
2026;5;L039;1;10;59
2026;5;L039;1;11;59
2026;5;L039;1;12;45
2026;5;L039;1;13;43
2026;5;L039;1;14;22
2026;5;L039;1;15;35
2026;5;L039;1;16;68
2026;5;L039;1;17;80
2026;5;L039;1;18;68
2026;5;L039;1;19;38
2026;5;L039;1;20;20
2026;5;L039;1;21;7
2026;5;L039;2;8;25
2026;5;L039;2;9;52
2026;5;L039;2;10;56
2026;5;L039;2;11;115
2026;5;L039;2;12;97
2026;5;L039;2;13;45
2026;5;L039;2;14;28
2026;5;L039;2;15;40
2026;5;L039;2;16;33
2026;5;L039;2;17;109
2026;5;L039;2;18;36
2026;5;L039;2;19;26
2026;5;L039;2;20;27
2026;5;L039;2;21;10
2026;5;L039;3;8;26
2026;5;L039;3;9;56
2026;5;L039;3;10;58
2026;5;L039;3;11;78
2026;5;L039;3;12;37
2026;5;L039;3;13;78
2026;5;L039;3;14;46
2026;5;L039;3;15;38
2026;5;L039;3;16;45
2026;5;L039;3;17;63
2026;5;L039;3;18;51
2026;5;L039;3;19;41
2026;5;L039;3;20;19
2026;5;L039;3;21;8
2026;5;L039;4;8;19
2026;5;L039;4;9;36
2026;5;L039;4;10;60
2026;5;L039;4;11;76
2026;5;L039;4;12;49
2026;5;L039;4;13;50
2026;5;L039;4;14;27
2026;5;L039;4;15;53
2026;5;L039;4;16;38
2026;5;L039;4;17;46
2026;5;L039;4;18;62
2026;5;L039;4;19;38
2026;5;L039;4;20;19
2026;5;L039;4;21;9
2026;5;L039;5;8;21
2026;5;L039;5;9;30
2026;5;L039;5;10;93
2026;5;L039;5;11;83
2026;5;L039;5;12;51
2026;5;L039;5;13;47
2026;5;L039;5;14;28
2026;5;L039;5;15;42
2026;5;L039;5;16;81
2026;5;L039;5;17;54
2026;5;L039;5;18;47
2026;5;L039;5;19;40
2026;5;L039;5;20;24
2026;5;L039;5;21;10
2026;5;L039;6;8;12
2026;5;L039;6;9;15
2026;5;L039;6;10;18
2026;5;L039;6;11;27
2026;5;L039;6;12;26
2026;5;L039;6;13;18
2026;5;L039;6;14;12
2026;5;L039;6;15;16
2026;5;L039;6;16;33
2026;5;L039;6;17;27
2026;5;L039;6;18;23
2026;5;L039;6;19;22
2026;5;L039;6;20;11
2026;5;L039;6;21;3
2026;5;L039;7;8;1
2026;5;L039;7;9;1
2026;5;L039;7;10;3
2026;5;L039;7;11;3
2026;5;L039;7;12;3
2026;5;L039;7;13;2
2026;5;L039;7;14;2
2026;5;L039;7;15;1
2026;5;L039;7;16;3
2026;5;L039;7;17;4
2026;5;L039;7;18;3
2026;5;L039;7;19;2
2026;5;L039;7;20;1
2026;5;L039;7;21;1
2026;6;L039;1;8;16
2026;6;L039;1;9;51
2026;6;L039;1;10;78
2026;6;L039;1;11;70
2026;6;L039;1;12;83
2026;6;L039;1;13;50
2026;6;L039;1;14;42
2026;6;L039;1;15;30
2026;6;L039;1;16;35
2026;6;L039;1;17;76
2026;6;L039;1;18;81
2026;6;L039;1;19;44
2026;6;L039;1;20;24
2026;6;L039;1;21;8
2026;6;L039;2;8;27
2026;6;L039;2;9;68
2026;6;L039;2;10;54
2026;6;L039;2;11;73
2026;6;L039;2;12;76
2026;6;L039;2;13;65
2026;6;L039;2;14;34
2026;6;L039;2;15;44
2026;6;L039;2;16;73
2026;6;L039;2;17;73
2026;6;L039;2;18;53
2026;6;L039;2;19;50
2026;6;L039;2;20;23
2026;6;L039;2;21;5
2026;6;L039;3;8;27
2026;6;L039;3;9;44
2026;6;L039;3;10;59
2026;6;L039;3;11;74
2026;6;L039;3;12;62
2026;6;L039;3;13;51
2026;6;L039;3;14;29
2026;6;L039;3;15;37
2026;6;L039;3;16;47
2026;6;L039;3;17;40
2026;6;L039;3;18;46
2026;6;L039;3;19;39
2026;6;L039;3;20;21
2026;6;L039;3;21;8
2026;6;L039;4;8;23
2026;6;L039;4;9;40
2026;6;L039;4;10;52
2026;6;L039;4;11;75
2026;6;L039;4;12;77
2026;6;L039;4;13;82
2026;6;L039;4;14;30
2026;6;L039;4;15;41
2026;6;L039;4;16;66
2026;6;L039;4;17;63
2026;6;L039;4;18;71
2026;6;L039;4;19;32
2026;6;L039;4;20;26
2026;6;L039;4;21;9
2026;6;L039;5;8;29
2026;6;L039;5;9;48
2026;6;L039;5;10;71
2026;6;L039;5;11;86
2026;6;L039;5;12;66
2026;6;L039;5;13;61
2026;6;L039;5;14;32
2026;6;L039;5;15;40
2026;6;L039;5;16;38
2026;6;L039;5;17;54
2026;6;L039;5;18;90
2026;6;L039;5;19;52
2026;6;L039;5;20;23
2026;6;L039;5;21;6
2026;6;L039;6;8;11
2026;6;L039;6;9;21
2026;6;L039;6;10;18
2026;6;L039;6;11;28
2026;6;L039;6;12;27
2026;6;L039;6;13;24
2026;6;L039;6;14;8
2026;6;L039;6;15;19
2026;6;L039;6;16;20
2026;6;L039;6;17;30
2026;6;L039;6;18;19
2026;6;L039;6;19;22
2026;6;L039;6;20;10
2026;6;L039;6;21;3
2026;6;L039;7;8;1
2026;6;L039;7;9;2
2026;6;L039;7;10;4
2026;6;L039;7;11;2
2026;6;L039;7;12;3
2026;6;L039;7;13;3
2026;6;L039;7;14;1
2026;6;L039;7;15;2
2026;6;L039;7;16;4
2026;6;L039;7;17;3
2026;6;L039;7;18;4
2026;6;L039;7;19;4
2026;6;L039;7;20;1
2026;7;L039;1;8;18
2026;7;L039;1;9;64
2026;7;L039;1;10;61
2026;7;L039;1;11;72
2026;7;L039;1;12;45
2026;7;L039;1;13;48
2026;7;L039;1;14;31
2026;7;L039;1;15;61
2026;7;L039;1;16;51
2026;7;L039;1;17;76
2026;7;L039;1;18;81
2026;7;L039;1;19;48
2026;7;L039;1;20;31
2026;7;L039;1;21;7
2026;7;L039;2;8;20
2026;7;L039;2;9;51
2026;7;L039;2;10;67
2026;7;L039;2;11;48
2026;7;L039;2;12;40
2026;7;L039;2;13;52
2026;7;L039;2;14;34
2026;7;L039;2;15;70
2026;7;L039;2;16;62
2026;7;L039;2;17;40
2026;7;L039;2;18;103
2026;7;L039;2;19;61
2026;7;L039;2;20;18
2026;7;L039;2;21;7
2026;7;L039;3;8;20
2026;7;L039;3;9;36
2026;7;L039;3;10;57
2026;7;L039;3;11;55
2026;7;L039;3;12;29
2026;7;L039;3;13;49
2026;7;L039;3;14;31
2026;7;L039;3;15;39
2026;7;L039;3;16;44
2026;7;L039;3;17;57
2026;7;L039;3;18;54
2026;7;L039;3;19;55
2026;7;L039;3;20;29
2026;7;L039;3;21;11
2026;7;L039;4;8;16
2026;7;L039;4;9;55
2026;7;L039;4;10;60
2026;7;L039;4;11;69
2026;7;L039;4;12;59
2026;7;L039;4;13;52
2026;7;L039;4;14;35
2026;7;L039;4;15;28
2026;7;L039;4;16;55
2026;7;L039;4;17;60
2026;7;L039;4;18;63
2026;7;L039;4;19;41
2026;7;L039;4;20;29
2026;7;L039;4;21;5
2026;7;L039;5;8;24
2026;7;L039;5;9;38
2026;7;L039;5;10;61
2026;7;L039;5;11;90
2026;7;L039;5;12;58
2026;7;L039;5;13;45
2026;7;L039;5;14;25
2026;7;L039;5;15;33
2026;7;L039;5;16;62
2026;7;L039;5;17;77
2026;7;L039;5;18;52
2026;7;L039;5;19;74
2026;7;L039;5;20;26
2026;7;L039;5;21;8
2026;7;L039;6;8;10
2026;7;L039;6;9;9
2026;7;L039;6;10;53
2026;7;L039;6;11;30
2026;7;L039;6;12;35
2026;7;L039;6;13;15
2026;7;L039;6;14;14
2026;7;L039;6;15;21
2026;7;L039;6;16;26
2026;7;L039;6;17;25
2026;7;L039;6;18;29
2026;7;L039;6;19;20
2026;7;L039;6;20;13
2026;7;L039;6;21;5
2026;7;L039;7;8;1
2026;7;L039;7;9;2
2026;7;L039;7;10;3
2026;7;L039;7;11;2
2026;7;L039;7;12;3
2026;7;L039;7;13;4
2026;7;L039;7;14;1
2026;7;L039;7;15;1
2026;7;L039;7;16;3
2026;7;L039;7;17;3
2026;7;L039;7;18;3
2026;7;L039;7;19;3
2026;7;L039;7;20;1
2026;8;L039;1;8;18
2026;8;L039;1;9;43
2026;8;L039;1;10;80
2026;8;L039;1;11;69
2026;8;L039;1;12;74
2026;8;L039;1;13;53
2026;8;L039;1;14;47
2026;8;L039;1;15;29
2026;8;L039;1;16;66
2026;8;L039;1;17;93
2026;8;L039;1;18;111
2026;8;L039;1;19;59
2026;8;L039;1;20;25
2026;8;L039;1;21;7
2026;8;L039;2;8;20
2026;8;L039;2;9;44
2026;8;L039;2;10;54
2026;8;L039;2;11;56
2026;8;L039;2;12;66
2026;8;L039;2;13;43
2026;8;L039;2;14;34
2026;8;L039;2;15;36
2026;8;L039;2;16;64
2026;8;L039;2;17;61
2026;8;L039;2;18;47
2026;8;L039;2;19;47
2026;8;L039;2;20;16
2026;8;L039;2;21;5
2026;8;L039;3;8;12
2026;8;L039;3;9;43
2026;8;L039;3;10;60
2026;8;L039;3;11;89
2026;8;L039;3;12;53
2026;8;L039;3;13;43
2026;8;L039;3;14;28
2026;8;L039;3;15;48
2026;8;L039;3;16;51
2026;8;L039;3;17;48
2026;8;L039;3;18;78
2026;8;L039;3;19;59
2026;8;L039;3;20;29
2026;8;L039;3;21;10
2026;8;L039;4;8;20
2026;8;L039;4;9;50
2026;8;L039;4;10;67
2026;8;L039;4;11;82
2026;8;L039;4;12;56
2026;8;L039;4;13;42
2026;8;L039;4;14;40
2026;8;L039;4;15;46
2026;8;L039;4;16;71
2026;8;L039;4;17;78
2026;8;L039;4;18;52
2026;8;L039;4;19;32
2026;8;L039;4;20;29
2026;8;L039;4;21;7
2026;8;L039;5;8;20
2026;8;L039;5;9;57
2026;8;L039;5;10;55
2026;8;L039;5;11;108
2026;8;L039;5;12;55
2026;8;L039;5;13;58
2026;8;L039;5;14;43
2026;8;L039;5;15;33
2026;8;L039;5;16;96
2026;8;L039;5;17;40
2026;8;L039;5;18;63
2026;8;L039;5;19;46
2026;8;L039;5;20;27
2026;8;L039;5;21;6
2026;8;L039;6;8;8
2026;8;L039;6;9;24
2026;8;L039;6;10;20
2026;8;L039;6;11;27
2026;8;L039;6;12;17
2026;8;L039;6;13;15
2026;8;L039;6;14;12
2026;8;L039;6;15;10
2026;8;L039;6;16;27
2026;8;L039;6;17;30
2026;8;L039;6;18;14
2026;8;L039;6;19;22
2026;8;L039;6;20;5
2026;8;L039;6;21;2
2026;8;L039;7;8;2
2026;8;L039;7;9;3
2026;8;L039;7;10;3
2026;8;L039;7;11;3
2026;8;L039;7;12;2
2026;8;L039;7;13;2
2026;8;L039;7;14;1
2026;8;L039;7;15;2
2026;8;L039;7;16;2
2026;8;L039;7;17;4
2026;8;L039;7;18;2
2026;8;L039;7;19;2
2026;8;L039;7;20;1
2026;1;L041;1;8;5
2026;1;L041;1;9;6
2026;1;L041;1;10;22
2026;1;L041;1;11;16
2026;1;L041;1;12;14
2026;1;L041;1;13;15
2026;1;L041;1;14;6
2026;1;L041;1;15;9
2026;1;L041;1;16;12
2026;1;L041;1;17;12
2026;1;L041;1;18;13
2026;1;L041;1;19;11
2026;1;L041;1;20;5
2026;1;L041;1;21;2
2026;1;L041;2;8;5
2026;1;L041;2;9;9
2026;1;L041;2;10;9
2026;1;L041;2;11;15
2026;1;L041;2;12;16
2026;1;L041;2;13;14
2026;1;L041;2;14;4
2026;1;L041;2;15;12
2026;1;L041;2;16;18
2026;1;L041;2;17;22
2026;1;L041;2;18;15
2026;1;L041;2;19;14
2026;1;L041;2;20;6
2026;1;L041;2;21;2
2026;1;L041;3;8;4
2026;1;L041;3;9;14
2026;1;L041;3;10;17
2026;1;L041;3;11;20
2026;1;L041;3;12;17
2026;1;L041;3;13;10
2026;1;L041;3;14;8
2026;1;L041;3;15;10
2026;1;L041;3;16;18
2026;1;L041;3;17;13
2026;1;L041;3;18;14
2026;1;L041;3;19;14
2026;1;L041;3;20;5
2026;1;L041;3;21;2
2026;1;L041;4;8;7
2026;1;L041;4;9;9
2026;1;L041;4;10;16
2026;1;L041;4;11;20
2026;1;L041;4;12;19
2026;1;L041;4;13;13
2026;1;L041;4;14;11
2026;1;L041;4;15;14
2026;1;L041;4;16;17
2026;1;L041;4;17;15
2026;1;L041;4;18;14
2026;1;L041;4;19;16
2026;1;L041;4;20;6
2026;1;L041;4;21;2
2026;1;L041;5;8;6
2026;1;L041;5;9;9
2026;1;L041;5;10;19
2026;1;L041;5;11;20
2026;1;L041;5;12;16
2026;1;L041;5;13;12
2026;1;L041;5;14;5
2026;1;L041;5;15;8
2026;1;L041;5;16;15
2026;1;L041;5;17;22
2026;1;L041;5;18;11
2026;1;L041;5;19;12
2026;1;L041;5;20;6
2026;1;L041;5;21;2
2026;1;L041;6;8;3
2026;1;L041;6;9;5
2026;1;L041;6;10;8
2026;1;L041;6;11;8
2026;1;L041;6;12;5
2026;1;L041;6;13;4
2026;1;L041;6;14;4
2026;1;L041;6;15;5
2026;1;L041;6;16;6
2026;1;L041;6;17;3
2026;1;L041;6;18;5
2026;1;L041;6;19;6
2026;1;L041;6;20;2
2026;1;L041;6;21;1
2026;1;L041;7;9;1
2026;1;L041;7;10;1
2026;1;L041;7;11;1
2026;1;L041;7;12;1
2026;1;L041;7;13;1
2026;1;L041;7;15;1
2026;1;L041;7;16;1
2026;1;L041;7;17;1
2026;1;L041;7;18;1
2026;2;L041;1;8;8
2026;2;L041;1;9;12
2026;2;L041;1;10;13
2026;2;L041;1;11;11
2026;2;L041;1;12;14
2026;2;L041;1;13;10
2026;2;L041;1;14;7
2026;2;L041;1;15;8
2026;2;L041;1;16;9
2026;2;L041;1;17;13
2026;2;L041;1;18;15
2026;2;L041;1;19;12
2026;2;L041;1;20;5
2026;2;L041;1;21;2
2026;2;L041;2;8;7
2026;2;L041;2;9;10
2026;2;L041;2;10;18
2026;2;L041;2;11;14
2026;2;L041;2;12;13
2026;2;L041;2;13;12
2026;2;L041;2;14;5
2026;2;L041;2;15;11
2026;2;L041;2;16;16
2026;2;L041;2;17;15
2026;2;L041;2;18;14
2026;2;L041;2;19;18
2026;2;L041;2;20;6
2026;2;L041;2;21;3
2026;2;L041;3;8;4
2026;2;L041;3;9;19
2026;2;L041;3;10;11
2026;2;L041;3;11;16
2026;2;L041;3;12;15
2026;2;L041;3;13;19
2026;2;L041;3;14;9
2026;2;L041;3;15;8
2026;2;L041;3;16;15
2026;2;L041;3;17;13
2026;2;L041;3;18;15
2026;2;L041;3;19;14
2026;2;L041;3;20;5
2026;2;L041;3;21;2
2026;2;L041;4;8;5
2026;2;L041;4;9;12
2026;2;L041;4;10;18
2026;2;L041;4;11;18
2026;2;L041;4;12;15
2026;2;L041;4;13;11
2026;2;L041;4;14;7
2026;2;L041;4;15;8
2026;2;L041;4;16;9
2026;2;L041;4;17;16
2026;2;L041;4;18;23
2026;2;L041;4;19;10
2026;2;L041;4;20;5
2026;2;L041;4;21;3
2026;2;L041;5;8;8
2026;2;L041;5;9;12
2026;2;L041;5;10;16
2026;2;L041;5;11;24
2026;2;L041;5;12;12
2026;2;L041;5;13;17
2026;2;L041;5;14;14
2026;2;L041;5;15;11
2026;2;L041;5;16;16
2026;2;L041;5;17;18
2026;2;L041;5;18;18
2026;2;L041;5;19;15
2026;2;L041;5;20;7
2026;2;L041;5;21;2
2026;2;L041;6;8;2
2026;2;L041;6;9;4
2026;2;L041;6;10;6
2026;2;L041;6;11;7
2026;2;L041;6;12;7
2026;2;L041;6;13;7
2026;2;L041;6;14;2
2026;2;L041;6;15;4
2026;2;L041;6;16;7
2026;2;L041;6;17;4
2026;2;L041;6;18;6
2026;2;L041;6;19;7
2026;2;L041;6;20;4
2026;2;L041;6;21;1
2026;2;L041;7;9;1
2026;2;L041;7;10;1
2026;2;L041;7;11;1
2026;2;L041;7;12;1
2026;2;L041;7;13;1
2026;2;L041;7;14;1
2026;2;L041;7;16;1
2026;2;L041;7;17;1
2026;2;L041;7;18;1
2026;2;L041;7;19;1
2026;3;L041;1;8;6
2026;3;L041;1;9;15
2026;3;L041;1;10;12
2026;3;L041;1;11;13
2026;3;L041;1;12;14
2026;3;L041;1;13;13
2026;3;L041;1;14;10
2026;3;L041;1;15;8
2026;3;L041;1;16;18
2026;3;L041;1;17;21
2026;3;L041;1;18;21
2026;3;L041;1;19;11
2026;3;L041;1;20;7
2026;3;L041;1;21;2
2026;3;L041;2;8;8
2026;3;L041;2;9;13
2026;3;L041;2;10;16
2026;3;L041;2;11;29
2026;3;L041;2;12;23
2026;3;L041;2;13;18
2026;3;L041;2;14;7
2026;3;L041;2;15;10
2026;3;L041;2;16;21
2026;3;L041;2;17;17
2026;3;L041;2;18;14
2026;3;L041;2;19;18
2026;3;L041;2;20;5
2026;3;L041;2;21;3
2026;3;L041;3;8;6
2026;3;L041;3;9;9
2026;3;L041;3;10;20
2026;3;L041;3;11;17
2026;3;L041;3;12;14
2026;3;L041;3;13;14
2026;3;L041;3;14;6
2026;3;L041;3;15;15
2026;3;L041;3;16;15
2026;3;L041;3;17;16
2026;3;L041;3;18;15
2026;3;L041;3;19;10
2026;3;L041;3;20;8
2026;3;L041;3;21;4
2026;3;L041;4;8;3
2026;3;L041;4;9;18
2026;3;L041;4;10;16
2026;3;L041;4;11;11
2026;3;L041;4;12;22
2026;3;L041;4;13;14
2026;3;L041;4;14;8
2026;3;L041;4;15;6
2026;3;L041;4;16;17
2026;3;L041;4;17;14
2026;3;L041;4;18;11
2026;3;L041;4;19;14
2026;3;L041;4;20;5
2026;3;L041;4;21;2
2026;3;L041;5;8;9
2026;3;L041;5;9;12
2026;3;L041;5;10;19
2026;3;L041;5;11;21
2026;3;L041;5;12;11
2026;3;L041;5;13;14
2026;3;L041;5;14;10
2026;3;L041;5;15;9
2026;3;L041;5;16;14
2026;3;L041;5;17;18
2026;3;L041;5;18;16
2026;3;L041;5;19;22
2026;3;L041;5;20;10
2026;3;L041;5;21;2
2026;3;L041;6;8;3
2026;3;L041;6;9;6
2026;3;L041;6;10;9
2026;3;L041;6;11;7
2026;3;L041;6;12;7
2026;3;L041;6;13;7
2026;3;L041;6;14;3
2026;3;L041;6;15;5
2026;3;L041;6;16;6
2026;3;L041;6;17;5
2026;3;L041;6;18;4
2026;3;L041;6;19;7
2026;3;L041;6;20;2
2026;3;L041;6;21;1
2026;3;L041;7;9;1
2026;3;L041;7;10;1
2026;3;L041;7;11;1
2026;3;L041;7;12;1
2026;3;L041;7;13;1
2026;3;L041;7;15;1
2026;3;L041;7;16;1
2026;3;L041;7;17;1
2026;3;L041;7;18;1
2026;3;L041;7;19;1
2026;4;L041;1;8;5
2026;4;L041;1;9;15
2026;4;L041;1;10;30
2026;4;L041;1;11;16
2026;4;L041;1;12;21
2026;4;L041;1;13;22
2026;4;L041;1;14;8
2026;4;L041;1;15;10
2026;4;L041;1;16;10
2026;4;L041;1;17;16
2026;4;L041;1;18;18
2026;4;L041;1;19;20
2026;4;L041;1;20;6
2026;4;L041;1;21;2
2026;4;L041;2;8;4
2026;4;L041;2;9;16
2026;4;L041;2;10;23
2026;4;L041;2;11;27
2026;4;L041;2;12;22
2026;4;L041;2;13;13
2026;4;L041;2;14;6
2026;4;L041;2;15;10
2026;4;L041;2;16;15
2026;4;L041;2;17;16
2026;4;L041;2;18;13
2026;4;L041;2;19;16
2026;4;L041;2;20;7
2026;4;L041;2;21;2
2026;4;L041;3;8;5
2026;4;L041;3;9;10
2026;4;L041;3;10;9
2026;4;L041;3;11;14
2026;4;L041;3;12;24
2026;4;L041;3;13;14
2026;4;L041;3;14;6
2026;4;L041;3;15;10
2026;4;L041;3;16;20
2026;4;L041;3;17;20
2026;4;L041;3;18;22
2026;4;L041;3;19;10
2026;4;L041;3;20;5
2026;4;L041;3;21;3
2026;4;L041;4;8;6
2026;4;L041;4;9;11
2026;4;L041;4;10;12
2026;4;L041;4;11;21
2026;4;L041;4;12;13
2026;4;L041;4;13;14
2026;4;L041;4;14;10
2026;4;L041;4;15;9
2026;4;L041;4;16;16
2026;4;L041;4;17;14
2026;4;L041;4;18;17
2026;4;L041;4;19;14
2026;4;L041;4;20;6
2026;4;L041;4;21;2
2026;4;L041;5;8;5
2026;4;L041;5;9;9
2026;4;L041;5;10;18
2026;4;L041;5;11;17
2026;4;L041;5;12;20
2026;4;L041;5;13;19
2026;4;L041;5;14;8
2026;4;L041;5;15;11
2026;4;L041;5;16;14
2026;4;L041;5;17;18
2026;4;L041;5;18;21
2026;4;L041;5;19;15
2026;4;L041;5;20;8
2026;4;L041;5;21;2
2026;4;L041;6;8;2
2026;4;L041;6;9;4
2026;4;L041;6;10;9
2026;4;L041;6;11;7
2026;4;L041;6;12;8
2026;4;L041;6;13;9
2026;4;L041;6;14;5
2026;4;L041;6;15;4
2026;4;L041;6;16;9
2026;4;L041;6;17;7
2026;4;L041;6;18;8
2026;4;L041;6;19;5
2026;4;L041;6;20;2
2026;4;L041;6;21;1
2026;4;L041;7;10;1
2026;4;L041;7;11;1
2026;4;L041;7;12;1
2026;4;L041;7;13;1
2026;4;L041;7;15;1
2026;4;L041;7;16;1
2026;4;L041;7;17;1
2026;4;L041;7;18;1
2026;4;L041;7;19;1
2026;5;L041;1;8;5
2026;5;L041;1;9;15
2026;5;L041;1;10;20
2026;5;L041;1;11;26
2026;5;L041;1;12;17
2026;5;L041;1;13;18
2026;5;L041;1;14;10
2026;5;L041;1;15;10
2026;5;L041;1;16;17
2026;5;L041;1;17;17
2026;5;L041;1;18;23
2026;5;L041;1;19;8
2026;5;L041;1;20;7
2026;5;L041;1;21;3
2026;5;L041;2;8;5
2026;5;L041;2;9;6
2026;5;L041;2;10;21
2026;5;L041;2;11;21
2026;5;L041;2;12;14
2026;5;L041;2;13;16
2026;5;L041;2;14;7
2026;5;L041;2;15;10
2026;5;L041;2;16;22
2026;5;L041;2;17;20
2026;5;L041;2;18;17
2026;5;L041;2;19;11
2026;5;L041;2;20;4
2026;5;L041;2;21;2
2026;5;L041;3;8;5
2026;5;L041;3;9;14
2026;5;L041;3;10;21
2026;5;L041;3;11;20
2026;5;L041;3;12;17
2026;5;L041;3;13;9
2026;5;L041;3;14;9
2026;5;L041;3;15;14
2026;5;L041;3;16;13
2026;5;L041;3;17;20
2026;5;L041;3;18;14
2026;5;L041;3;19;14
2026;5;L041;3;20;5
2026;5;L041;3;21;2
2026;5;L041;4;8;5
2026;5;L041;4;9;16
2026;5;L041;4;10;18
2026;5;L041;4;11;26
2026;5;L041;4;12;27
2026;5;L041;4;13;15
2026;5;L041;4;14;6
2026;5;L041;4;15;7
2026;5;L041;4;16;16
2026;5;L041;4;17;16
2026;5;L041;4;18;16
2026;5;L041;4;19;17
2026;5;L041;4;20;8
2026;5;L041;4;21;3
2026;5;L041;5;8;5
2026;5;L041;5;9;19
2026;5;L041;5;10;20
2026;5;L041;5;11;18
2026;5;L041;5;12;18
2026;5;L041;5;13;13
2026;5;L041;5;14;7
2026;5;L041;5;15;10
2026;5;L041;5;16;15
2026;5;L041;5;17;17
2026;5;L041;5;18;22
2026;5;L041;5;19;18
2026;5;L041;5;20;6
2026;5;L041;5;21;1
2026;5;L041;6;8;3
2026;5;L041;6;9;6
2026;5;L041;6;10;7
2026;5;L041;6;11;8
2026;5;L041;6;12;8
2026;5;L041;6;13;6
2026;5;L041;6;14;5
2026;5;L041;6;15;4
2026;5;L041;6;16;9
2026;5;L041;6;17;8
2026;5;L041;6;18;9
2026;5;L041;6;19;7
2026;5;L041;6;20;2
2026;5;L041;6;21;1
2026;5;L041;7;9;1
2026;5;L041;7;10;1
2026;5;L041;7;11;1
2026;5;L041;7;12;1
2026;5;L041;7;13;1
2026;5;L041;7;16;1
2026;5;L041;7;17;1
2026;5;L041;7;18;1
2026;6;L041;1;8;4
2026;6;L041;1;9;9
2026;6;L041;1;10;18
2026;6;L041;1;11;18
2026;6;L041;1;12;11
2026;6;L041;1;13;18
2026;6;L041;1;14;8
2026;6;L041;1;15;9
2026;6;L041;1;16;19
2026;6;L041;1;17;13
2026;6;L041;1;18;17
2026;6;L041;1;19;17
2026;6;L041;1;20;5
2026;6;L041;1;21;2
2026;6;L041;2;8;4
2026;6;L041;2;9;9
2026;6;L041;2;10;21
2026;6;L041;2;11;19
2026;6;L041;2;12;17
2026;6;L041;2;13;13
2026;6;L041;2;14;7
2026;6;L041;2;15;11
2026;6;L041;2;16;23
2026;6;L041;2;17;14
2026;6;L041;2;18;18
2026;6;L041;2;19;14
2026;6;L041;2;20;7
2026;6;L041;2;21;2
2026;6;L041;3;8;5
2026;6;L041;3;9;14
2026;6;L041;3;10;14
2026;6;L041;3;11;15
2026;6;L041;3;12;16
2026;6;L041;3;13;9
2026;6;L041;3;14;7
2026;6;L041;3;15;10
2026;6;L041;3;16;15
2026;6;L041;3;17;16
2026;6;L041;3;18;16
2026;6;L041;3;19;12
2026;6;L041;3;20;8
2026;6;L041;3;21;2
2026;6;L041;4;8;5
2026;6;L041;4;9;11
2026;6;L041;4;10;23
2026;6;L041;4;11;17
2026;6;L041;4;12;16
2026;6;L041;4;13;14
2026;6;L041;4;14;11
2026;6;L041;4;15;8
2026;6;L041;4;16;19
2026;6;L041;4;17;20
2026;6;L041;4;18;16
2026;6;L041;4;19;13
2026;6;L041;4;20;7
2026;6;L041;4;21;3
2026;6;L041;5;8;8
2026;6;L041;5;9;12
2026;6;L041;5;10;23
2026;6;L041;5;11;18
2026;6;L041;5;12;17
2026;6;L041;5;13;9
2026;6;L041;5;14;6
2026;6;L041;5;15;14
2026;6;L041;5;16;22
2026;6;L041;5;17;16
2026;6;L041;5;18;14
2026;6;L041;5;19;19
2026;6;L041;5;20;4
2026;6;L041;5;21;2
2026;6;L041;6;8;2
2026;6;L041;6;9;7
2026;6;L041;6;10;8
2026;6;L041;6;11;7
2026;6;L041;6;12;11
2026;6;L041;6;13;5
2026;6;L041;6;14;4
2026;6;L041;6;15;6
2026;6;L041;6;16;7
2026;6;L041;6;17;9
2026;6;L041;6;18;9
2026;6;L041;6;19;8
2026;6;L041;6;20;2
2026;6;L041;6;21;1
2026;6;L041;7;9;1
2026;6;L041;7;10;1
2026;6;L041;7;11;1
2026;6;L041;7;12;1
2026;6;L041;7;13;1
2026;6;L041;7;16;1
2026;6;L041;7;17;1
2026;6;L041;7;18;1
2026;6;L041;7;19;1
2026;7;L041;1;8;7
2026;7;L041;1;9;10
2026;7;L041;1;10;19
2026;7;L041;1;11;25
2026;7;L041;1;12;22
2026;7;L041;1;13;17
2026;7;L041;1;14;7
2026;7;L041;1;15;12
2026;7;L041;1;16;22
2026;7;L041;1;17;26
2026;7;L041;1;18;19
2026;7;L041;1;19;11
2026;7;L041;1;20;6
2026;7;L041;1;21;2
2026;7;L041;2;8;5
2026;7;L041;2;9;11
2026;7;L041;2;10;24
2026;7;L041;2;11;23
2026;7;L041;2;12;15
2026;7;L041;2;13;8
2026;7;L041;2;14;8
2026;7;L041;2;15;7
2026;7;L041;2;16;13
2026;7;L041;2;17;16
2026;7;L041;2;18;23
2026;7;L041;2;19;11
2026;7;L041;2;20;5
2026;7;L041;2;21;3
2026;7;L041;3;8;5
2026;7;L041;3;9;12
2026;7;L041;3;10;16
2026;7;L041;3;11;23
2026;7;L041;3;12;16
2026;7;L041;3;13;10
2026;7;L041;3;14;5
2026;7;L041;3;15;14
2026;7;L041;3;16;21
2026;7;L041;3;17;20
2026;7;L041;3;18;11
2026;7;L041;3;19;10
2026;7;L041;3;20;8
2026;7;L041;3;21;3
2026;7;L041;4;8;13
2026;7;L041;4;9;12
2026;7;L041;4;10;21
2026;7;L041;4;11;19
2026;7;L041;4;12;24
2026;7;L041;4;13;13
2026;7;L041;4;14;6
2026;7;L041;4;15;8
2026;7;L041;4;16;22
2026;7;L041;4;17;14
2026;7;L041;4;18;16
2026;7;L041;4;19;11
2026;7;L041;4;20;7
2026;7;L041;4;21;2
2026;7;L041;5;8;7
2026;7;L041;5;9;16
2026;7;L041;5;10;16
2026;7;L041;5;11;23
2026;7;L041;5;12;19
2026;7;L041;5;13;19
2026;7;L041;5;14;9
2026;7;L041;5;15;9
2026;7;L041;5;16;20
2026;7;L041;5;17;23
2026;7;L041;5;18;21
2026;7;L041;5;19;11
2026;7;L041;5;20;8
2026;7;L041;5;21;3
2026;7;L041;6;8;2
2026;7;L041;6;9;7
2026;7;L041;6;10;5
2026;7;L041;6;11;14
2026;7;L041;6;12;10
2026;7;L041;6;13;4
2026;7;L041;6;14;3
2026;7;L041;6;15;6
2026;7;L041;6;16;8
2026;7;L041;6;17;9
2026;7;L041;6;18;8
2026;7;L041;6;19;6
2026;7;L041;6;20;2
2026;7;L041;6;21;1
2026;7;L041;7;9;1
2026;7;L041;7;10;1
2026;7;L041;7;11;1
2026;7;L041;7;12;1
2026;7;L041;7;13;1
2026;7;L041;7;16;1
2026;7;L041;7;17;1
2026;7;L041;7;18;1
2026;7;L041;7;19;1
2026;8;L041;1;8;5
2026;8;L041;1;9;20
2026;8;L041;1;10;17
2026;8;L041;1;11;28
2026;8;L041;1;12;21
2026;8;L041;1;13;12
2026;8;L041;1;14;10
2026;8;L041;1;15;12
2026;8;L041;1;16;20
2026;8;L041;1;17;22
2026;8;L041;1;18;17
2026;8;L041;1;19;21
2026;8;L041;1;20;8
2026;8;L041;1;21;2
2026;8;L041;2;8;5
2026;8;L041;2;9;12
2026;8;L041;2;10;16
2026;8;L041;2;11;18
2026;8;L041;2;12;11
2026;8;L041;2;13;13
2026;8;L041;2;14;8
2026;8;L041;2;15;12
2026;8;L041;2;16;17
2026;8;L041;2;17;14
2026;8;L041;2;18;16
2026;8;L041;2;19;13
2026;8;L041;2;20;6
2026;8;L041;2;21;2
2026;8;L041;3;8;5
2026;8;L041;3;9;13
2026;8;L041;3;10;19
2026;8;L041;3;11;28
2026;8;L041;3;12;16
2026;8;L041;3;13;11
2026;8;L041;3;14;8
2026;8;L041;3;15;8
2026;8;L041;3;16;14
2026;8;L041;3;17;20
2026;8;L041;3;18;12
2026;8;L041;3;19;12
2026;8;L041;3;20;6
2026;8;L041;3;21;2
2026;8;L041;4;8;5
2026;8;L041;4;9;11
2026;8;L041;4;10;20
2026;8;L041;4;11;22
2026;8;L041;4;12;21
2026;8;L041;4;13;14
2026;8;L041;4;14;8
2026;8;L041;4;15;8
2026;8;L041;4;16;11
2026;8;L041;4;17;19
2026;8;L041;4;18;22
2026;8;L041;4;19;20
2026;8;L041;4;20;7
2026;8;L041;4;21;3
2026;8;L041;5;8;7
2026;8;L041;5;9;13
2026;8;L041;5;10;31
2026;8;L041;5;11;15
2026;8;L041;5;12;17
2026;8;L041;5;13;13
2026;8;L041;5;14;9
2026;8;L041;5;15;17
2026;8;L041;5;16;16
2026;8;L041;5;17;26
2026;8;L041;5;18;16
2026;8;L041;5;19;14
2026;8;L041;5;20;6
2026;8;L041;5;21;3
2026;8;L041;6;8;2
2026;8;L041;6;9;5
2026;8;L041;6;10;6
2026;8;L041;6;11;8
2026;8;L041;6;12;8
2026;8;L041;6;13;4
2026;8;L041;6;14;3
2026;8;L041;6;15;6
2026;8;L041;6;16;8
2026;8;L041;6;17;4
2026;8;L041;6;18;4
2026;8;L041;6;19;6
2026;8;L041;6;20;3
2026;8;L041;6;21;1
2026;8;L041;7;10;1
2026;8;L041;7;11;1
2026;8;L041;7;12;1
2026;8;L041;7;13;1
2026;8;L041;7;14;1
2026;8;L041;7;16;1
2026;8;L041;7;17;1
2026;8;L041;7;18;1
2026;8;L041;7;19;1
2026;1;L044;1;8;48
2026;1;L044;1;9;129
2026;1;L044;1;10;162
2026;1;L044;1;11;146
2026;1;L044;1;12;207
2026;1;L044;1;13;126
2026;1;L044;1;14;54
2026;1;L044;1;15;102
2026;1;L044;1;16;149
2026;1;L044;1;17;185
2026;1;L044;1;18;130
2026;1;L044;1;19;109
2026;1;L044;1;20;66
2026;1;L044;1;21;19
2026;1;L044;2;8;60
2026;1;L044;2;9;125
2026;1;L044;2;10;141
2026;1;L044;2;11;148
2026;1;L044;2;12;112
2026;1;L044;2;13;99
2026;1;L044;2;14;94
2026;1;L044;2;15;132
2026;1;L044;2;16;121
2026;1;L044;2;17;136
2026;1;L044;2;18;74
2026;1;L044;2;19;97
2026;1;L044;2;20;56
2026;1;L044;2;21;15
2026;1;L044;3;8;57
2026;1;L044;3;9;102
2026;1;L044;3;10;106
2026;1;L044;3;11;132
2026;1;L044;3;12;182
2026;1;L044;3;13;141
2026;1;L044;3;14;46
2026;1;L044;3;15;82
2026;1;L044;3;16;100
2026;1;L044;3;17;265
2026;1;L044;3;18;94
2026;1;L044;3;19;114
2026;1;L044;3;20;52
2026;1;L044;3;21;18
2026;1;L044;4;8;40
2026;1;L044;4;9;109
2026;1;L044;4;10;127
2026;1;L044;4;11;149
2026;1;L044;4;12;165
2026;1;L044;4;13;231
2026;1;L044;4;14;54
2026;1;L044;4;15;98
2026;1;L044;4;16;116
2026;1;L044;4;17;202
2026;1;L044;4;18;207
2026;1;L044;4;19;128
2026;1;L044;4;20;43
2026;1;L044;4;21;15
2026;1;L044;5;8;66
2026;1;L044;5;9;82
2026;1;L044;5;10;119
2026;1;L044;5;11;193
2026;1;L044;5;12;112
2026;1;L044;5;13;126
2026;1;L044;5;14;66
2026;1;L044;5;15;107
2026;1;L044;5;16;271
2026;1;L044;5;17;155
2026;1;L044;5;18;178
2026;1;L044;5;19;132
2026;1;L044;5;20;68
2026;1;L044;5;21;21
2026;1;L044;6;8;15
2026;1;L044;6;9;53
2026;1;L044;6;10;58
2026;1;L044;6;11;44
2026;1;L044;6;12;35
2026;1;L044;6;13;54
2026;1;L044;6;14;30
2026;1;L044;6;15;33
2026;1;L044;6;16;76
2026;1;L044;6;17;35
2026;1;L044;6;18;39
2026;1;L044;6;19;44
2026;1;L044;6;20;19
2026;1;L044;6;21;7
2026;1;L044;7;8;3
2026;1;L044;7;9;7
2026;1;L044;7;10;8
2026;1;L044;7;11;8
2026;1;L044;7;12;8
2026;1;L044;7;13;6
2026;1;L044;7;14;4
2026;1;L044;7;15;6
2026;1;L044;7;16;7
2026;1;L044;7;17;7
2026;1;L044;7;18;10
2026;1;L044;7;19;6
2026;1;L044;7;20;3
2026;1;L044;7;21;1
2026;2;L044;1;8;69
2026;2;L044;1;9;78
2026;2;L044;1;10;213
2026;2;L044;1;11;155
2026;2;L044;1;12;128
2026;2;L044;1;13;103
2026;2;L044;1;14;66
2026;2;L044;1;15;76
2026;2;L044;1;16;83
2026;2;L044;1;17;158
2026;2;L044;1;18;112
2026;2;L044;1;19;138
2026;2;L044;1;20;48
2026;2;L044;1;21;17
2026;2;L044;2;8;50
2026;2;L044;2;9;164
2026;2;L044;2;10;129
2026;2;L044;2;11;118
2026;2;L044;2;12;119
2026;2;L044;2;13;112
2026;2;L044;2;14;57
2026;2;L044;2;15;51
2026;2;L044;2;16;120
2026;2;L044;2;17;100
2026;2;L044;2;18;94
2026;2;L044;2;19;100
2026;2;L044;2;20;92
2026;2;L044;2;21;21
2026;2;L044;3;8;51
2026;2;L044;3;9;71
2026;2;L044;3;10;141
2026;2;L044;3;11;104
2026;2;L044;3;12;97
2026;2;L044;3;13;68
2026;2;L044;3;14;51
2026;2;L044;3;15;64
2026;2;L044;3;16;65
2026;2;L044;3;17;109
2026;2;L044;3;18;126
2026;2;L044;3;19;117
2026;2;L044;3;20;43
2026;2;L044;3;21;15
2026;2;L044;4;8;41
2026;2;L044;4;9;129
2026;2;L044;4;10;107
2026;2;L044;4;11;114
2026;2;L044;4;12;123
2026;2;L044;4;13;130
2026;2;L044;4;14;91
2026;2;L044;4;15;97
2026;2;L044;4;16;181
2026;2;L044;4;17;193
2026;2;L044;4;18;151
2026;2;L044;4;19;129
2026;2;L044;4;20;44
2026;2;L044;4;21;19
2026;2;L044;5;8;46
2026;2;L044;5;9;94
2026;2;L044;5;10;123
2026;2;L044;5;11;121
2026;2;L044;5;12;158
2026;2;L044;5;13;135
2026;2;L044;5;14;63
2026;2;L044;5;15;93
2026;2;L044;5;16;140
2026;2;L044;5;17;145
2026;2;L044;5;18;149
2026;2;L044;5;19;104
2026;2;L044;5;20;76
2026;2;L044;5;21;22
2026;2;L044;6;8;20
2026;2;L044;6;9;42
2026;2;L044;6;10;64
2026;2;L044;6;11;81
2026;2;L044;6;12;75
2026;2;L044;6;13;49
2026;2;L044;6;14;24
2026;2;L044;6;15;34
2026;2;L044;6;16;41
2026;2;L044;6;17;91
2026;2;L044;6;18;35
2026;2;L044;6;19;40
2026;2;L044;6;20;20
2026;2;L044;6;21;5
2026;2;L044;7;8;2
2026;2;L044;7;9;6
2026;2;L044;7;10;6
2026;2;L044;7;11;7
2026;2;L044;7;12;7
2026;2;L044;7;13;7
2026;2;L044;7;14;3
2026;2;L044;7;15;4
2026;2;L044;7;16;6
2026;2;L044;7;17;11
2026;2;L044;7;18;7
2026;2;L044;7;19;4
2026;2;L044;7;20;2
2026;2;L044;7;21;1
2026;3;L044;1;8;46
2026;3;L044;1;9;137
2026;3;L044;1;10;152
2026;3;L044;1;11;206
2026;3;L044;1;12;150
2026;3;L044;1;13;82
2026;3;L044;1;14;88
2026;3;L044;1;15;111
2026;3;L044;1;16;144
2026;3;L044;1;17;128
2026;3;L044;1;18;181
2026;3;L044;1;19;170
2026;3;L044;1;20;66
2026;3;L044;1;21;20
2026;3;L044;2;8;47
2026;3;L044;2;9;83
2026;3;L044;2;10;156
2026;3;L044;2;11;323
2026;3;L044;2;12;173
2026;3;L044;2;13;181
2026;3;L044;2;14;63
2026;3;L044;2;15;56
2026;3;L044;2;16;185
2026;3;L044;2;17;154
2026;3;L044;2;18;65
2026;3;L044;2;19;127
2026;3;L044;2;20;55
2026;3;L044;2;21;13
2026;3;L044;3;8;54
2026;3;L044;3;9;137
2026;3;L044;3;10;191
2026;3;L044;3;11;165
2026;3;L044;3;12;211
2026;3;L044;3;13;116
2026;3;L044;3;14;83
2026;3;L044;3;15;96
2026;3;L044;3;16;119
2026;3;L044;3;17;181
2026;3;L044;3;18;169
2026;3;L044;3;19;128
2026;3;L044;3;20;40
2026;3;L044;3;21;20
2026;3;L044;4;8;60
2026;3;L044;4;9;153
2026;3;L044;4;10;195
2026;3;L044;4;11;207
2026;3;L044;4;12;148
2026;3;L044;4;13;131
2026;3;L044;4;14;83
2026;3;L044;4;15;56
2026;3;L044;4;16;144
2026;3;L044;4;17;151
2026;3;L044;4;18;149
2026;3;L044;4;19;114
2026;3;L044;4;20;47
2026;3;L044;4;21;19
2026;3;L044;5;8;53
2026;3;L044;5;9;124
2026;3;L044;5;10;127
2026;3;L044;5;11;207
2026;3;L044;5;12;164
2026;3;L044;5;13;130
2026;3;L044;5;14;70
2026;3;L044;5;15;99
2026;3;L044;5;16;172
2026;3;L044;5;17;237
2026;3;L044;5;18;169
2026;3;L044;5;19;99
2026;3;L044;5;20;63
2026;3;L044;5;21;18
2026;3;L044;6;8;30
2026;3;L044;6;9;33
2026;3;L044;6;10;40
2026;3;L044;6;11;70
2026;3;L044;6;12;60
2026;3;L044;6;13;27
2026;3;L044;6;14;19
2026;3;L044;6;15;35
2026;3;L044;6;16;61
2026;3;L044;6;17;68
2026;3;L044;6;18;76
2026;3;L044;6;19;38
2026;3;L044;6;20;21
2026;3;L044;6;21;5
2026;3;L044;7;8;3
2026;3;L044;7;9;4
2026;3;L044;7;10;8
2026;3;L044;7;11;8
2026;3;L044;7;12;10
2026;3;L044;7;13;6
2026;3;L044;7;14;3
2026;3;L044;7;15;6
2026;3;L044;7;16;7
2026;3;L044;7;17;10
2026;3;L044;7;18;5
2026;3;L044;7;19;4
2026;3;L044;7;20;2
2026;3;L044;7;21;1
2026;4;L044;1;8;61
2026;4;L044;1;9;108
2026;4;L044;1;10;210
2026;4;L044;1;11;130
2026;4;L044;1;12;127
2026;4;L044;1;13;167
2026;4;L044;1;14;38
2026;4;L044;1;15;95
2026;4;L044;1;16;138
2026;4;L044;1;17;108
2026;4;L044;1;18;199
2026;4;L044;1;19;140
2026;4;L044;1;20;109
2026;4;L044;1;21;12
2026;4;L044;2;8;47
2026;4;L044;2;9;92
2026;4;L044;2;10;130
2026;4;L044;2;11;130
2026;4;L044;2;12;129
2026;4;L044;2;13;268
2026;4;L044;2;14;85
2026;4;L044;2;15;113
2026;4;L044;2;16;97
2026;4;L044;2;17;120
2026;4;L044;2;18;97
2026;4;L044;2;19;150
2026;4;L044;2;20;39
2026;4;L044;2;21;15
2026;4;L044;3;8;51
2026;4;L044;3;9;136
2026;4;L044;3;10;170
2026;4;L044;3;11;143
2026;4;L044;3;12;141
2026;4;L044;3;13;151
2026;4;L044;3;14;81
2026;4;L044;3;15;111
2026;4;L044;3;16;133
2026;4;L044;3;17;136
2026;4;L044;3;18;140
2026;4;L044;3;19;122
2026;4;L044;3;20;34
2026;4;L044;3;21;23
2026;4;L044;4;8;61
2026;4;L044;4;9;150
2026;4;L044;4;10;162
2026;4;L044;4;11;161
2026;4;L044;4;12;125
2026;4;L044;4;13;175
2026;4;L044;4;14;74
2026;4;L044;4;15;144
2026;4;L044;4;16;142
2026;4;L044;4;17;101
2026;4;L044;4;18;157
2026;4;L044;4;19;105
2026;4;L044;4;20;69
2026;4;L044;4;21;17
2026;4;L044;5;8;59
2026;4;L044;5;9;117
2026;4;L044;5;10;148
2026;4;L044;5;11;172
2026;4;L044;5;12;194
2026;4;L044;5;13;159
2026;4;L044;5;14;80
2026;4;L044;5;15;140
2026;4;L044;5;16;130
2026;4;L044;5;17;140
2026;4;L044;5;18;160
2026;4;L044;5;19;165
2026;4;L044;5;20;44
2026;4;L044;5;21;20
2026;4;L044;6;8;22
2026;4;L044;6;9;58
2026;4;L044;6;10;73
2026;4;L044;6;11;55
2026;4;L044;6;12;60
2026;4;L044;6;13;96
2026;4;L044;6;14;27
2026;4;L044;6;15;43
2026;4;L044;6;16;75
2026;4;L044;6;17;77
2026;4;L044;6;18;44
2026;4;L044;6;19;33
2026;4;L044;6;20;22
2026;4;L044;6;21;7
2026;4;L044;7;8;3
2026;4;L044;7;9;6
2026;4;L044;7;10;10
2026;4;L044;7;11;5
2026;4;L044;7;12;7
2026;4;L044;7;13;6
2026;4;L044;7;14;4
2026;4;L044;7;15;7
2026;4;L044;7;16;8
2026;4;L044;7;17;7
2026;4;L044;7;18;9
2026;4;L044;7;19;4
2026;4;L044;7;20;3
2026;4;L044;7;21;1
2026;5;L044;1;8;81
2026;5;L044;1;9;143
2026;5;L044;1;10;198
2026;5;L044;1;11;172
2026;5;L044;1;12;133
2026;5;L044;1;13;159
2026;5;L044;1;14;67
2026;5;L044;1;15;88
2026;5;L044;1;16;124
2026;5;L044;1;17;170
2026;5;L044;1;18;123
2026;5;L044;1;19;118
2026;5;L044;1;20;111
2026;5;L044;1;21;9
2026;5;L044;2;8;41
2026;5;L044;2;9;98
2026;5;L044;2;10;195
2026;5;L044;2;11;156
2026;5;L044;2;12;130
2026;5;L044;2;13;148
2026;5;L044;2;14;54
2026;5;L044;2;15;106
2026;5;L044;2;16;125
2026;5;L044;2;17;216
2026;5;L044;2;18;172
2026;5;L044;2;19;144
2026;5;L044;2;20;61
2026;5;L044;2;21;16
2026;5;L044;3;8;43
2026;5;L044;3;9;149
2026;5;L044;3;10;124
2026;5;L044;3;11;167
2026;5;L044;3;12;102
2026;5;L044;3;13;148
2026;5;L044;3;14;52
2026;5;L044;3;15;102
2026;5;L044;3;16;161
2026;5;L044;3;17;166
2026;5;L044;3;18;191
2026;5;L044;3;19;140
2026;5;L044;3;20;73
2026;5;L044;3;21;22
2026;5;L044;4;8;62
2026;5;L044;4;9;159
2026;5;L044;4;10;102
2026;5;L044;4;11;239
2026;5;L044;4;12;131
2026;5;L044;4;13;111
2026;5;L044;4;14;81
2026;5;L044;4;15;70
2026;5;L044;4;16;157
2026;5;L044;4;17;164
2026;5;L044;4;18;223
2026;5;L044;4;19;112
2026;5;L044;4;20;49
2026;5;L044;4;21;20
2026;5;L044;5;8;42
2026;5;L044;5;9;142
2026;5;L044;5;10;156
2026;5;L044;5;11;165
2026;5;L044;5;12;258
2026;5;L044;5;13;126
2026;5;L044;5;14;69
2026;5;L044;5;15;110
2026;5;L044;5;16;200
2026;5;L044;5;17;167
2026;5;L044;5;18;130
2026;5;L044;5;19;143
2026;5;L044;5;20;61
2026;5;L044;5;21;23
2026;5;L044;6;8;22
2026;5;L044;6;9;48
2026;5;L044;6;10;49
2026;5;L044;6;11;58
2026;5;L044;6;12;65
2026;5;L044;6;13;44
2026;5;L044;6;14;36
2026;5;L044;6;15;46
2026;5;L044;6;16;53
2026;5;L044;6;17;63
2026;5;L044;6;18;93
2026;5;L044;6;19;59
2026;5;L044;6;20;26
2026;5;L044;6;21;9
2026;5;L044;7;8;3
2026;5;L044;7;9;5
2026;5;L044;7;10;11
2026;5;L044;7;11;10
2026;5;L044;7;12;5
2026;5;L044;7;13;7
2026;5;L044;7;14;4
2026;5;L044;7;15;5
2026;5;L044;7;16;7
2026;5;L044;7;17;7
2026;5;L044;7;18;8
2026;5;L044;7;19;7
2026;5;L044;7;20;2
2026;5;L044;7;21;1
2026;6;L044;1;8;72
2026;6;L044;1;9;157
2026;6;L044;1;10;139
2026;6;L044;1;11;282
2026;6;L044;1;12;166
2026;6;L044;1;13;165
2026;6;L044;1;14;105
2026;6;L044;1;15;113
2026;6;L044;1;16;168
2026;6;L044;1;17;213
2026;6;L044;1;18;173
2026;6;L044;1;19;80
2026;6;L044;1;20;80
2026;6;L044;1;21;17
2026;6;L044;2;8;49
2026;6;L044;2;9;95
2026;6;L044;2;10;126
2026;6;L044;2;11;200
2026;6;L044;2;12;119
2026;6;L044;2;13;128
2026;6;L044;2;14;81
2026;6;L044;2;15;100
2026;6;L044;2;16;74
2026;6;L044;2;17;167
2026;6;L044;2;18;109
2026;6;L044;2;19;112
2026;6;L044;2;20;51
2026;6;L044;2;21;14
2026;6;L044;3;8;35
2026;6;L044;3;9;128
2026;6;L044;3;10;196
2026;6;L044;3;11;143
2026;6;L044;3;12;180
2026;6;L044;3;13;133
2026;6;L044;3;14;59
2026;6;L044;3;15;124
2026;6;L044;3;16;162
2026;6;L044;3;17;150
2026;6;L044;3;18;136
2026;6;L044;3;19;101
2026;6;L044;3;20;79
2026;6;L044;3;21;25
2026;6;L044;4;8;59
2026;6;L044;4;9;78
2026;6;L044;4;10;180
2026;6;L044;4;11;188
2026;6;L044;4;12;179
2026;6;L044;4;13;146
2026;6;L044;4;14;72
2026;6;L044;4;15;74
2026;6;L044;4;16;202
2026;6;L044;4;17;237
2026;6;L044;4;18;134
2026;6;L044;4;19;87
2026;6;L044;4;20;68
2026;6;L044;4;21;14
2026;6;L044;5;8;77
2026;6;L044;5;9;125
2026;6;L044;5;10;227
2026;6;L044;5;11;169
2026;6;L044;5;12;148
2026;6;L044;5;13;160
2026;6;L044;5;14;61
2026;6;L044;5;15;131
2026;6;L044;5;16;181
2026;6;L044;5;17;149
2026;6;L044;5;18;163
2026;6;L044;5;19;190
2026;6;L044;5;20;53
2026;6;L044;5;21;21
2026;6;L044;6;8;34
2026;6;L044;6;9;49
2026;6;L044;6;10;64
2026;6;L044;6;11;60
2026;6;L044;6;12;64
2026;6;L044;6;13;67
2026;6;L044;6;14;34
2026;6;L044;6;15;51
2026;6;L044;6;16;50
2026;6;L044;6;17;126
2026;6;L044;6;18;56
2026;6;L044;6;19;43
2026;6;L044;6;20;19
2026;6;L044;6;21;7
2026;6;L044;7;8;2
2026;6;L044;7;9;5
2026;6;L044;7;10;10
2026;6;L044;7;11;9
2026;6;L044;7;12;12
2026;6;L044;7;13;6
2026;6;L044;7;14;6
2026;6;L044;7;15;3
2026;6;L044;7;16;12
2026;6;L044;7;17;5
2026;6;L044;7;18;6
2026;6;L044;7;19;5
2026;6;L044;7;20;3
2026;6;L044;7;21;1
2026;7;L044;1;8;70
2026;7;L044;1;9;146
2026;7;L044;1;10;225
2026;7;L044;1;11;143
2026;7;L044;1;12;196
2026;7;L044;1;13;131
2026;7;L044;1;14;89
2026;7;L044;1;15;80
2026;7;L044;1;16;141
2026;7;L044;1;17;182
2026;7;L044;1;18;126
2026;7;L044;1;19;134
2026;7;L044;1;20;51
2026;7;L044;1;21;22
2026;7;L044;2;8;58
2026;7;L044;2;9;130
2026;7;L044;2;10;218
2026;7;L044;2;11;159
2026;7;L044;2;12;183
2026;7;L044;2;13;152
2026;7;L044;2;14;107
2026;7;L044;2;15;130
2026;7;L044;2;16;117
2026;7;L044;2;17;115
2026;7;L044;2;18;146
2026;7;L044;2;19;130
2026;7;L044;2;20;59
2026;7;L044;2;21;15
2026;7;L044;3;8;68
2026;7;L044;3;9;124
2026;7;L044;3;10;169
2026;7;L044;3;11;243
2026;7;L044;3;12;260
2026;7;L044;3;13;145
2026;7;L044;3;14;72
2026;7;L044;3;15;105
2026;7;L044;3;16;134
2026;7;L044;3;17;110
2026;7;L044;3;18;172
2026;7;L044;3;19;96
2026;7;L044;3;20;45
2026;7;L044;3;21;30
2026;7;L044;4;8;65
2026;7;L044;4;9;66
2026;7;L044;4;10;165
2026;7;L044;4;11;129
2026;7;L044;4;12;145
2026;7;L044;4;13;114
2026;7;L044;4;14;67
2026;7;L044;4;15;93
2026;7;L044;4;16;158
2026;7;L044;4;17;250
2026;7;L044;4;18;111
2026;7;L044;4;19;114
2026;7;L044;4;20;51
2026;7;L044;4;21;21
2026;7;L044;5;8;58
2026;7;L044;5;9;92
2026;7;L044;5;10;254
2026;7;L044;5;11;231
2026;7;L044;5;12;127
2026;7;L044;5;13;137
2026;7;L044;5;14;68
2026;7;L044;5;15;155
2026;7;L044;5;16;198
2026;7;L044;5;17;126
2026;7;L044;5;18;158
2026;7;L044;5;19;149
2026;7;L044;5;20;72
2026;7;L044;5;21;15
2026;7;L044;6;8;26
2026;7;L044;6;9;62
2026;7;L044;6;10;54
2026;7;L044;6;11;117
2026;7;L044;6;12;73
2026;7;L044;6;13;36
2026;7;L044;6;14;34
2026;7;L044;6;15;64
2026;7;L044;6;16;62
2026;7;L044;6;17;66
2026;7;L044;6;18;71
2026;7;L044;6;19;37
2026;7;L044;6;20;30
2026;7;L044;6;21;6
2026;7;L044;7;8;3
2026;7;L044;7;9;6
2026;7;L044;7;10;12
2026;7;L044;7;11;7
2026;7;L044;7;12;8
2026;7;L044;7;13;14
2026;7;L044;7;14;3
2026;7;L044;7;15;4
2026;7;L044;7;16;10
2026;7;L044;7;17;8
2026;7;L044;7;18;8
2026;7;L044;7;19;6
2026;7;L044;7;20;2
2026;7;L044;7;21;1
2026;8;L044;1;8;33
2026;8;L044;1;9;115
2026;8;L044;1;10;195
2026;8;L044;1;11;178
2026;8;L044;1;12;130
2026;8;L044;1;13;92
2026;8;L044;1;14;65
2026;8;L044;1;15;99
2026;8;L044;1;16;211
2026;8;L044;1;17;127
2026;8;L044;1;18;175
2026;8;L044;1;19;124
2026;8;L044;1;20;59
2026;8;L044;1;21;18
2026;8;L044;2;8;74
2026;8;L044;2;9;134
2026;8;L044;2;10;152
2026;8;L044;2;11;119
2026;8;L044;2;12;226
2026;8;L044;2;13;162
2026;8;L044;2;14;49
2026;8;L044;2;15;84
2026;8;L044;2;16;135
2026;8;L044;2;17;139
2026;8;L044;2;18;134
2026;8;L044;2;19;133
2026;8;L044;2;20;76
2026;8;L044;2;21;26
2026;8;L044;3;8;52
2026;8;L044;3;9;100
2026;8;L044;3;10;99
2026;8;L044;3;11;176
2026;8;L044;3;12;109
2026;8;L044;3;13;124
2026;8;L044;3;14;68
2026;8;L044;3;15;88
2026;8;L044;3;16;151
2026;8;L044;3;17;169
2026;8;L044;3;18;91
2026;8;L044;3;19;81
2026;8;L044;3;20;66
2026;8;L044;3;21;21
2026;8;L044;4;8;50
2026;8;L044;4;9;57
2026;8;L044;4;10;160
2026;8;L044;4;11;195
2026;8;L044;4;12;135
2026;8;L044;4;13;109
2026;8;L044;4;14;60
2026;8;L044;4;15;108
2026;8;L044;4;16;117
2026;8;L044;4;17;197
2026;8;L044;4;18;175
2026;8;L044;4;19;176
2026;8;L044;4;20;64
2026;8;L044;4;21;26
2026;8;L044;5;8;59
2026;8;L044;5;9;117
2026;8;L044;5;10;108
2026;8;L044;5;11;239
2026;8;L044;5;12;189
2026;8;L044;5;13;135
2026;8;L044;5;14;52
2026;8;L044;5;15;120
2026;8;L044;5;16;212
2026;8;L044;5;17;126
2026;8;L044;5;18;336
2026;8;L044;5;19;143
2026;8;L044;5;20;46
2026;8;L044;5;21;22
2026;8;L044;6;8;23
2026;8;L044;6;9;41
2026;8;L044;6;10;75
2026;8;L044;6;11;65
2026;8;L044;6;12;58
2026;8;L044;6;13;80
2026;8;L044;6;14;23
2026;8;L044;6;15;27
2026;8;L044;6;16;65
2026;8;L044;6;17;86
2026;8;L044;6;18;41
2026;8;L044;6;19;111
2026;8;L044;6;20;30
2026;8;L044;6;21;6
2026;8;L044;7;8;3
2026;8;L044;7;9;6
2026;8;L044;7;10;11
2026;8;L044;7;11;6
2026;8;L044;7;12;8
2026;8;L044;7;13;5
2026;8;L044;7;14;3
2026;8;L044;7;15;4
2026;8;L044;7;16;10
2026;8;L044;7;17;7
2026;8;L044;7;18;10
2026;8;L044;7;19;5
2026;8;L044;7;20;4
2026;8;L044;7;21;2
2026;1;L046;1;8;10
2026;1;L046;1;9;13
2026;1;L046;1;10;18
2026;1;L046;1;11;13
2026;1;L046;1;12;15
2026;1;L046;1;13;10
2026;1;L046;1;14;8
2026;1;L046;1;15;17
2026;1;L046;1;16;16
2026;1;L046;1;17;14
2026;1;L046;1;18;16
2026;1;L046;1;19;8
2026;1;L046;1;20;4
2026;1;L046;1;21;3
2026;1;L046;2;8;6
2026;1;L046;2;9;10
2026;1;L046;2;10;16
2026;1;L046;2;11;12
2026;1;L046;2;12;12
2026;1;L046;2;13;9
2026;1;L046;2;14;5
2026;1;L046;2;15;11
2026;1;L046;2;16;17
2026;1;L046;2;17;16
2026;1;L046;2;18;13
2026;1;L046;2;19;9
2026;1;L046;2;20;4
2026;1;L046;2;21;2
2026;1;L046;3;8;5
2026;1;L046;3;9;7
2026;1;L046;3;10;16
2026;1;L046;3;11;24
2026;1;L046;3;12;10
2026;1;L046;3;13;11
2026;1;L046;3;14;7
2026;1;L046;3;15;8
2026;1;L046;3;16;15
2026;1;L046;3;17;17
2026;1;L046;3;18;17
2026;1;L046;3;19;9
2026;1;L046;3;20;3
2026;1;L046;3;21;2
2026;1;L046;4;8;8
2026;1;L046;4;9;9
2026;1;L046;4;10;22
2026;1;L046;4;11;15
2026;1;L046;4;12;14
2026;1;L046;4;13;17
2026;1;L046;4;14;6
2026;1;L046;4;15;10
2026;1;L046;4;16;9
2026;1;L046;4;17;18
2026;1;L046;4;18;14
2026;1;L046;4;19;9
2026;1;L046;4;20;8
2026;1;L046;4;21;2
2026;1;L046;5;8;7
2026;1;L046;5;9;10
2026;1;L046;5;10;18
2026;1;L046;5;11;13
2026;1;L046;5;12;13
2026;1;L046;5;13;15
2026;1;L046;5;14;6
2026;1;L046;5;15;7
2026;1;L046;5;16;15
2026;1;L046;5;17;22
2026;1;L046;5;18;14
2026;1;L046;5;19;11
2026;1;L046;5;20;6
2026;1;L046;5;21;2
2026;1;L046;6;8;3
2026;1;L046;6;9;4
2026;1;L046;6;10;4
2026;1;L046;6;11;5
2026;1;L046;6;12;6
2026;1;L046;6;13;4
2026;1;L046;6;14;2
2026;1;L046;6;15;3
2026;1;L046;6;16;4
2026;1;L046;6;17;7
2026;1;L046;6;18;8
2026;1;L046;6;19;4
2026;1;L046;6;20;2
2026;1;L046;6;21;1
2026;1;L046;7;9;1
2026;1;L046;7;10;1
2026;1;L046;7;11;1
2026;1;L046;7;12;1
2026;1;L046;7;16;1
2026;1;L046;7;17;1
2026;1;L046;7;18;1
2026;2;L046;1;8;4
2026;2;L046;1;9;11
2026;2;L046;1;10;13
2026;2;L046;1;11;18
2026;2;L046;1;12;14
2026;2;L046;1;13;14
2026;2;L046;1;14;6
2026;2;L046;1;15;9
2026;2;L046;1;16;13
2026;2;L046;1;17;24
2026;2;L046;1;18;13
2026;2;L046;1;19;11
2026;2;L046;1;20;5
2026;2;L046;1;21;3
2026;2;L046;2;8;7
2026;2;L046;2;9;8
2026;2;L046;2;10;13
2026;2;L046;2;11;16
2026;2;L046;2;12;14
2026;2;L046;2;13;11
2026;2;L046;2;14;5
2026;2;L046;2;15;6
2026;2;L046;2;16;12
2026;2;L046;2;17;13
2026;2;L046;2;18;18
2026;2;L046;2;19;8
2026;2;L046;2;20;4
2026;2;L046;2;21;2
2026;2;L046;3;8;5
2026;2;L046;3;9;8
2026;2;L046;3;10;12
2026;2;L046;3;11;11
2026;2;L046;3;12;9
2026;2;L046;3;13;16
2026;2;L046;3;14;6
2026;2;L046;3;15;6
2026;2;L046;3;16;17
2026;2;L046;3;17;12
2026;2;L046;3;18;13
2026;2;L046;3;19;7
2026;2;L046;3;20;5
2026;2;L046;3;21;1
2026;2;L046;4;8;6
2026;2;L046;4;9;8
2026;2;L046;4;10;16
2026;2;L046;4;11;8
2026;2;L046;4;12;20
2026;2;L046;4;13;6
2026;2;L046;4;14;6
2026;2;L046;4;15;8
2026;2;L046;4;16;13
2026;2;L046;4;17;25
2026;2;L046;4;18;11
2026;2;L046;4;19;10
2026;2;L046;4;20;5
2026;2;L046;4;21;2
2026;2;L046;5;8;6
2026;2;L046;5;9;8
2026;2;L046;5;10;15
2026;2;L046;5;11;16
2026;2;L046;5;12;15
2026;2;L046;5;13;14
2026;2;L046;5;14;8
2026;2;L046;5;15;9
2026;2;L046;5;16;14
2026;2;L046;5;17;12
2026;2;L046;5;18;10
2026;2;L046;5;19;13
2026;2;L046;5;20;4
2026;2;L046;5;21;2
2026;2;L046;6;8;2
2026;2;L046;6;9;3
2026;2;L046;6;10;6
2026;2;L046;6;11;6
2026;2;L046;6;12;4
2026;2;L046;6;13;3
2026;2;L046;6;14;2
2026;2;L046;6;15;3
2026;2;L046;6;16;5
2026;2;L046;6;17;5
2026;2;L046;6;18;4
2026;2;L046;6;19;4
2026;2;L046;6;20;3
2026;2;L046;6;21;1
2026;2;L046;7;10;1
2026;2;L046;7;11;1
2026;2;L046;7;12;1
2026;2;L046;7;15;1
2026;2;L046;7;16;1
2026;2;L046;7;17;1
2026;2;L046;7;18;1
2026;3;L046;1;8;4
2026;3;L046;1;9;8
2026;3;L046;1;10;24
2026;3;L046;1;11;25
2026;3;L046;1;12;17
2026;3;L046;1;13;16
2026;3;L046;1;14;12
2026;3;L046;1;15;11
2026;3;L046;1;16;19
2026;3;L046;1;17;15
2026;3;L046;1;18;12
2026;3;L046;1;19;15
2026;3;L046;1;20;6
2026;3;L046;1;21;1
2026;3;L046;2;8;6
2026;3;L046;2;9;10
2026;3;L046;2;10;16
2026;3;L046;2;11;12
2026;3;L046;2;12;11
2026;3;L046;2;13;9
2026;3;L046;2;14;6
2026;3;L046;2;15;6
2026;3;L046;2;16;15
2026;3;L046;2;17;14
2026;3;L046;2;18;17
2026;3;L046;2;19;12
2026;3;L046;2;20;6
2026;3;L046;2;21;2
2026;3;L046;3;8;6
2026;3;L046;3;9;10
2026;3;L046;3;10;10
2026;3;L046;3;11;11
2026;3;L046;3;12;11
2026;3;L046;3;13;17
2026;3;L046;3;14;9
2026;3;L046;3;15;10
2026;3;L046;3;16;13
2026;3;L046;3;17;11
2026;3;L046;3;18;22
2026;3;L046;3;19;12
2026;3;L046;3;20;5
2026;3;L046;3;21;1
2026;3;L046;4;8;7
2026;3;L046;4;9;13
2026;3;L046;4;10;13
2026;3;L046;4;11;13
2026;3;L046;4;12;14
2026;3;L046;4;13;14
2026;3;L046;4;14;9
2026;3;L046;4;15;11
2026;3;L046;4;16;11
2026;3;L046;4;17;14
2026;3;L046;4;18;20
2026;3;L046;4;19;9
2026;3;L046;4;20;4
2026;3;L046;4;21;2
2026;3;L046;5;8;6
2026;3;L046;5;9;11
2026;3;L046;5;10;15
2026;3;L046;5;11;20
2026;3;L046;5;12;17
2026;3;L046;5;13;15
2026;3;L046;5;14;6
2026;3;L046;5;15;8
2026;3;L046;5;16;26
2026;3;L046;5;17;28
2026;3;L046;5;18;14
2026;3;L046;5;19;9
2026;3;L046;5;20;6
2026;3;L046;5;21;2
2026;3;L046;6;8;2
2026;3;L046;6;9;6
2026;3;L046;6;10;6
2026;3;L046;6;11;6
2026;3;L046;6;12;5
2026;3;L046;6;13;6
2026;3;L046;6;14;2
2026;3;L046;6;15;4
2026;3;L046;6;16;4
2026;3;L046;6;17;8
2026;3;L046;6;18;6
2026;3;L046;6;19;5
2026;3;L046;6;20;3
2026;3;L046;6;21;1
2026;3;L046;7;9;1
2026;3;L046;7;10;1
2026;3;L046;7;11;1
2026;3;L046;7;12;1
2026;3;L046;7;13;1
2026;3;L046;7;16;1
2026;3;L046;7;17;1
2026;3;L046;7;18;1
2026;3;L046;7;19;1
2026;4;L046;1;8;4
2026;4;L046;1;9;10
2026;4;L046;1;10;14
2026;4;L046;1;11;13
2026;4;L046;1;12;20
2026;4;L046;1;13;23
2026;4;L046;1;14;5
2026;4;L046;1;15;11
2026;4;L046;1;16;10
2026;4;L046;1;17;14
2026;4;L046;1;18;22
2026;4;L046;1;19;10
2026;4;L046;1;20;6
2026;4;L046;1;21;2
2026;4;L046;2;8;8
2026;4;L046;2;9;11
2026;4;L046;2;10;13
2026;4;L046;2;11;16
2026;4;L046;2;12;10
2026;4;L046;2;13;14
2026;4;L046;2;14;6
2026;4;L046;2;15;9
2026;4;L046;2;16;14
2026;4;L046;2;17;17
2026;4;L046;2;18;11
2026;4;L046;2;19;9
2026;4;L046;2;20;6
2026;4;L046;2;21;2
2026;4;L046;3;8;6
2026;4;L046;3;9;18
2026;4;L046;3;10;15
2026;4;L046;3;11;18
2026;4;L046;3;12;19
2026;4;L046;3;13;19
2026;4;L046;3;14;7
2026;4;L046;3;15;9
2026;4;L046;3;16;11
2026;4;L046;3;17;12
2026;4;L046;3;18;17
2026;4;L046;3;19;17
2026;4;L046;3;20;5
2026;4;L046;3;21;2
2026;4;L046;4;8;7
2026;4;L046;4;9;10
2026;4;L046;4;10;19
2026;4;L046;4;11;20
2026;4;L046;4;12;13
2026;4;L046;4;13;8
2026;4;L046;4;14;7
2026;4;L046;4;15;12
2026;4;L046;4;16;12
2026;4;L046;4;17;12
2026;4;L046;4;18;17
2026;4;L046;4;19;18
2026;4;L046;4;20;9
2026;4;L046;4;21;2
2026;4;L046;5;8;5
2026;4;L046;5;9;13
2026;4;L046;5;10;17
2026;4;L046;5;11;13
2026;4;L046;5;12;13
2026;4;L046;5;13;13
2026;4;L046;5;14;11
2026;4;L046;5;15;7
2026;4;L046;5;16;16
2026;4;L046;5;17;9
2026;4;L046;5;18;14
2026;4;L046;5;19;11
2026;4;L046;5;20;4
2026;4;L046;5;21;2
2026;4;L046;6;8;3
2026;4;L046;6;9;6
2026;4;L046;6;10;11
2026;4;L046;6;11;5
2026;4;L046;6;12;6
2026;4;L046;6;13;3
2026;4;L046;6;14;3
2026;4;L046;6;15;4
2026;4;L046;6;16;5
2026;4;L046;6;17;9
2026;4;L046;6;18;7
2026;4;L046;6;19;6
2026;4;L046;6;20;2
2026;4;L046;6;21;1
2026;4;L046;7;9;1
2026;4;L046;7;10;1
2026;4;L046;7;11;1
2026;4;L046;7;12;1
2026;4;L046;7;16;1
2026;4;L046;7;17;1
2026;4;L046;7;18;1
2026;5;L046;1;8;6
2026;5;L046;1;9;14
2026;5;L046;1;10;12
2026;5;L046;1;11;11
2026;5;L046;1;12;21
2026;5;L046;1;13;15
2026;5;L046;1;14;12
2026;5;L046;1;15;12
2026;5;L046;1;16;17
2026;5;L046;1;17;16
2026;5;L046;1;18;12
2026;5;L046;1;19;18
2026;5;L046;1;20;8
2026;5;L046;1;21;1
2026;5;L046;2;8;5
2026;5;L046;2;9;11
2026;5;L046;2;10;17
2026;5;L046;2;11;19
2026;5;L046;2;12;20
2026;5;L046;2;13;15
2026;5;L046;2;14;6
2026;5;L046;2;15;13
2026;5;L046;2;16;23
2026;5;L046;2;17;19
2026;5;L046;2;18;15
2026;5;L046;2;19;14
2026;5;L046;2;20;7
2026;5;L046;2;21;2
2026;5;L046;3;8;6
2026;5;L046;3;9;15
2026;5;L046;3;10;22
2026;5;L046;3;11;11
2026;5;L046;3;12;13
2026;5;L046;3;13;16
2026;5;L046;3;14;4
2026;5;L046;3;15;9
2026;5;L046;3;16;18
2026;5;L046;3;17;24
2026;5;L046;3;18;12
2026;5;L046;3;19;9
2026;5;L046;3;20;4
2026;5;L046;3;21;2
2026;5;L046;4;8;8
2026;5;L046;4;9;14
2026;5;L046;4;10;16
2026;5;L046;4;11;13
2026;5;L046;4;12;19
2026;5;L046;4;13;14
2026;5;L046;4;14;8
2026;5;L046;4;15;8
2026;5;L046;4;16;8
2026;5;L046;4;17;12
2026;5;L046;4;18;12
2026;5;L046;4;19;9
2026;5;L046;4;20;8
2026;5;L046;4;21;2
2026;5;L046;5;8;5
2026;5;L046;5;9;19
2026;5;L046;5;10;18
2026;5;L046;5;11;13
2026;5;L046;5;12;15
2026;5;L046;5;13;14
2026;5;L046;5;14;9
2026;5;L046;5;15;16
2026;5;L046;5;16;21
2026;5;L046;5;17;17
2026;5;L046;5;18;11
2026;5;L046;5;19;8
2026;5;L046;5;20;6
2026;5;L046;5;21;1
2026;5;L046;6;8;2
2026;5;L046;6;9;6
2026;5;L046;6;10;6
2026;5;L046;6;11;6
2026;5;L046;6;12;4
2026;5;L046;6;13;4
2026;5;L046;6;14;2
2026;5;L046;6;15;4
2026;5;L046;6;16;6
2026;5;L046;6;17;7
2026;5;L046;6;18;7
2026;5;L046;6;19;5
2026;5;L046;6;20;3
2026;5;L046;6;21;1
2026;5;L046;7;10;1
2026;5;L046;7;11;1
2026;5;L046;7;12;1
2026;5;L046;7;13;1
2026;5;L046;7;16;1
2026;5;L046;7;17;1
2026;5;L046;7;18;1
2026;5;L046;7;19;1
2026;6;L046;1;8;6
2026;6;L046;1;9;10
2026;6;L046;1;10;19
2026;6;L046;1;11;21
2026;6;L046;1;12;18
2026;6;L046;1;13;14
2026;6;L046;1;14;6
2026;6;L046;1;15;10
2026;6;L046;1;16;12
2026;6;L046;1;17;27
2026;6;L046;1;18;17
2026;6;L046;1;19;12
2026;6;L046;1;20;6
2026;6;L046;1;21;3
2026;6;L046;2;8;5
2026;6;L046;2;9;10
2026;6;L046;2;10;15
2026;6;L046;2;11;24
2026;6;L046;2;12;25
2026;6;L046;2;13;8
2026;6;L046;2;14;8
2026;6;L046;2;15;13
2026;6;L046;2;16;10
2026;6;L046;2;17;17
2026;6;L046;2;18;17
2026;6;L046;2;19;12
2026;6;L046;2;20;7
2026;6;L046;2;21;2
2026;6;L046;3;8;5
2026;6;L046;3;9;15
2026;6;L046;3;10;16
2026;6;L046;3;11;16
2026;6;L046;3;12;25
2026;6;L046;3;13;14
2026;6;L046;3;14;6
2026;6;L046;3;15;10
2026;6;L046;3;16;17
2026;6;L046;3;17;19
2026;6;L046;3;18;15
2026;6;L046;3;19;12
2026;6;L046;3;20;4
2026;6;L046;3;21;2
2026;6;L046;4;8;8
2026;6;L046;4;9;10
2026;6;L046;4;10;28
2026;6;L046;4;11;17
2026;6;L046;4;12;23
2026;6;L046;4;13;11
2026;6;L046;4;14;10
2026;6;L046;4;15;16
2026;6;L046;4;16;19
2026;6;L046;4;17;15
2026;6;L046;4;18;19
2026;6;L046;4;19;10
2026;6;L046;4;20;4
2026;6;L046;4;21;2
2026;6;L046;5;8;7
2026;6;L046;5;9;6
2026;6;L046;5;10;17
2026;6;L046;5;11;33
2026;6;L046;5;12;29
2026;6;L046;5;13;13
2026;6;L046;5;14;11
2026;6;L046;5;15;15
2026;6;L046;5;16;19
2026;6;L046;5;17;20
2026;6;L046;5;18;18
2026;6;L046;5;19;13
2026;6;L046;5;20;6
2026;6;L046;5;21;2
2026;6;L046;6;8;2
2026;6;L046;6;9;5
2026;6;L046;6;10;7
2026;6;L046;6;11;10
2026;6;L046;6;12;8
2026;6;L046;6;13;7
2026;6;L046;6;14;3
2026;6;L046;6;15;3
2026;6;L046;6;16;8
2026;6;L046;6;17;8
2026;6;L046;6;18;6
2026;6;L046;6;19;4
2026;6;L046;6;20;3
2026;6;L046;6;21;1
2026;6;L046;7;9;1
2026;6;L046;7;10;1
2026;6;L046;7;11;1
2026;6;L046;7;12;1
2026;6;L046;7;13;1
2026;6;L046;7;16;1
2026;6;L046;7;17;1
2026;6;L046;7;18;1
2026;6;L046;7;19;1
2026;7;L046;1;8;7
2026;7;L046;1;9;18
2026;7;L046;1;10;14
2026;7;L046;1;11;23
2026;7;L046;1;12;16
2026;7;L046;1;13;26
2026;7;L046;1;14;5
2026;7;L046;1;15;9
2026;7;L046;1;16;21
2026;7;L046;1;17;21
2026;7;L046;1;18;10
2026;7;L046;1;19;14
2026;7;L046;1;20;8
2026;7;L046;1;21;2
2026;7;L046;2;8;5
2026;7;L046;2;9;17
2026;7;L046;2;10;18
2026;7;L046;2;11;11
2026;7;L046;2;12;21
2026;7;L046;2;13;19
2026;7;L046;2;14;9
2026;7;L046;2;15;11
2026;7;L046;2;16;19
2026;7;L046;2;17;25
2026;7;L046;2;18;16
2026;7;L046;2;19;16
2026;7;L046;2;20;7
2026;7;L046;2;21;2
2026;7;L046;3;8;5
2026;7;L046;3;9;13
2026;7;L046;3;10;18
2026;7;L046;3;11;22
2026;7;L046;3;12;26
2026;7;L046;3;13;16
2026;7;L046;3;14;10
2026;7;L046;3;15;7
2026;7;L046;3;16;17
2026;7;L046;3;17;21
2026;7;L046;3;18;17
2026;7;L046;3;19;13
2026;7;L046;3;20;5
2026;7;L046;3;21;2
2026;7;L046;4;8;7
2026;7;L046;4;9;16
2026;7;L046;4;10;22
2026;7;L046;4;11;24
2026;7;L046;4;12;13
2026;7;L046;4;13;13
2026;7;L046;4;14;8
2026;7;L046;4;15;11
2026;7;L046;4;16;12
2026;7;L046;4;17;21
2026;7;L046;4;18;19
2026;7;L046;4;19;13
2026;7;L046;4;20;6
2026;7;L046;4;21;2
2026;7;L046;5;8;6
2026;7;L046;5;9;10
2026;7;L046;5;10;18
2026;7;L046;5;11;23
2026;7;L046;5;12;17
2026;7;L046;5;13;13
2026;7;L046;5;14;7
2026;7;L046;5;15;11
2026;7;L046;5;16;14
2026;7;L046;5;17;29
2026;7;L046;5;18;18
2026;7;L046;5;19;17
2026;7;L046;5;20;5
2026;7;L046;5;21;2
2026;7;L046;6;8;2
2026;7;L046;6;9;5
2026;7;L046;6;10;7
2026;7;L046;6;11;6
2026;7;L046;6;12;5
2026;7;L046;6;13;5
2026;7;L046;6;14;2
2026;7;L046;6;15;9
2026;7;L046;6;16;6
2026;7;L046;6;17;5
2026;7;L046;6;18;7
2026;7;L046;6;19;6
2026;7;L046;6;20;4
2026;7;L046;6;21;1
2026;7;L046;7;9;1
2026;7;L046;7;10;1
2026;7;L046;7;11;1
2026;7;L046;7;12;1
2026;7;L046;7;15;1
2026;7;L046;7;16;1
2026;7;L046;7;17;1
2026;7;L046;7;18;1
2026;7;L046;7;19;1
2026;8;L046;1;8;4
2026;8;L046;1;9;9
2026;8;L046;1;10;16
2026;8;L046;1;11;15
2026;8;L046;1;12;16
2026;8;L046;1;13;10
2026;8;L046;1;14;7
2026;8;L046;1;15;9
2026;8;L046;1;16;17
2026;8;L046;1;17;23
2026;8;L046;1;18;16
2026;8;L046;1;19;11
2026;8;L046;1;20;7
2026;8;L046;1;21;2
2026;8;L046;2;8;6
2026;8;L046;2;9;12
2026;8;L046;2;10;18
2026;8;L046;2;11;23
2026;8;L046;2;12;25
2026;8;L046;2;13;16
2026;8;L046;2;14;8
2026;8;L046;2;15;13
2026;8;L046;2;16;19
2026;8;L046;2;17;17
2026;8;L046;2;18;9
2026;8;L046;2;19;9
2026;8;L046;2;20;7
2026;8;L046;2;21;2
2026;8;L046;3;8;6
2026;8;L046;3;9;19
2026;8;L046;3;10;13
2026;8;L046;3;11;24
2026;8;L046;3;12;18
2026;8;L046;3;13;11
2026;8;L046;3;14;7
2026;8;L046;3;15;10
2026;8;L046;3;16;13
2026;8;L046;3;17;19
2026;8;L046;3;18;19
2026;8;L046;3;19;12
2026;8;L046;3;20;6
2026;8;L046;3;21;3
2026;8;L046;4;8;7
2026;8;L046;4;9;10
2026;8;L046;4;10;20
2026;8;L046;4;11;16
2026;8;L046;4;12;20
2026;8;L046;4;13;9
2026;8;L046;4;14;9
2026;8;L046;4;15;11
2026;8;L046;4;16;16
2026;8;L046;4;17;14
2026;8;L046;4;18;19
2026;8;L046;4;19;10
2026;8;L046;4;20;6
2026;8;L046;4;21;2
2026;8;L046;5;8;6
2026;8;L046;5;9;8
2026;8;L046;5;10;14
2026;8;L046;5;11;16
2026;8;L046;5;12;9
2026;8;L046;5;13;16
2026;8;L046;5;14;12
2026;8;L046;5;15;8
2026;8;L046;5;16;11
2026;8;L046;5;17;26
2026;8;L046;5;18;14
2026;8;L046;5;19;19
2026;8;L046;5;20;8
2026;8;L046;5;21;3
2026;8;L046;6;8;3
2026;8;L046;6;9;5
2026;8;L046;6;10;3
2026;8;L046;6;11;8
2026;8;L046;6;12;9
2026;8;L046;6;13;5
2026;8;L046;6;14;4
2026;8;L046;6;15;4
2026;8;L046;6;16;6
2026;8;L046;6;17;7
2026;8;L046;6;18;5
2026;8;L046;6;19;5
2026;8;L046;6;20;2
2026;8;L046;6;21;1
2026;8;L046;7;9;1
2026;8;L046;7;10;1
2026;8;L046;7;11;1
2026;8;L046;7;12;1
2026;8;L046;7;13;1
2026;8;L046;7;15;1
2026;8;L046;7;16;1
2026;8;L046;7;17;2
2026;8;L046;7;18;1
2026;8;L046;7;19;1
2026;1;L048;1;8;3
2026;1;L048;1;9;9
2026;1;L048;1;10;17
2026;1;L048;1;11;8
2026;1;L048;1;12;11
2026;1;L048;1;13;9
2026;1;L048;1;14;6
2026;1;L048;1;15;5
2026;1;L048;1;16;9
2026;1;L048;1;17;11
2026;1;L048;1;18;19
2026;1;L048;1;19;8
2026;1;L048;1;20;3
2026;1;L048;1;21;2
2026;1;L048;2;8;2
2026;1;L048;2;9;9
2026;1;L048;2;10;17
2026;1;L048;2;11;12
2026;1;L048;2;12;16
2026;1;L048;2;13;10
2026;1;L048;2;14;4
2026;1;L048;2;15;5
2026;1;L048;2;16;13
2026;1;L048;2;17;12
2026;1;L048;2;18;13
2026;1;L048;2;19;9
2026;1;L048;2;20;4
2026;1;L048;2;21;1
2026;1;L048;3;8;7
2026;1;L048;3;9;7
2026;1;L048;3;10;12
2026;1;L048;3;11;14
2026;1;L048;3;12;11
2026;1;L048;3;13;7
2026;1;L048;3;14;4
2026;1;L048;3;15;8
2026;1;L048;3;16;14
2026;1;L048;3;17;10
2026;1;L048;3;18;14
2026;1;L048;3;19;7
2026;1;L048;3;20;4
2026;1;L048;3;21;2
2026;1;L048;4;8;3
2026;1;L048;4;9;7
2026;1;L048;4;10;10
2026;1;L048;4;11;17
2026;1;L048;4;12;15
2026;1;L048;4;13;6
2026;1;L048;4;14;4
2026;1;L048;4;15;7
2026;1;L048;4;16;7
2026;1;L048;4;17;9
2026;1;L048;4;18;7
2026;1;L048;4;19;12
2026;1;L048;4;20;4
2026;1;L048;4;21;1
2026;1;L048;5;8;7
2026;1;L048;5;9;8
2026;1;L048;5;10;15
2026;1;L048;5;11;10
2026;1;L048;5;12;15
2026;1;L048;5;13;12
2026;1;L048;5;14;4
2026;1;L048;5;15;7
2026;1;L048;5;16;9
2026;1;L048;5;17;12
2026;1;L048;5;18;12
2026;1;L048;5;19;7
2026;1;L048;5;20;6
2026;1;L048;5;21;1
2026;1;L048;6;8;2
2026;1;L048;6;9;3
2026;1;L048;6;10;4
2026;1;L048;6;11;5
2026;1;L048;6;12;6
2026;1;L048;6;13;4
2026;1;L048;6;14;2
2026;1;L048;6;15;3
2026;1;L048;6;16;4
2026;1;L048;6;17;3
2026;1;L048;6;18;4
2026;1;L048;6;19;4
2026;1;L048;6;20;1
2026;1;L048;7;10;1
2026;1;L048;7;11;1
2026;1;L048;7;13;1
2026;1;L048;7;16;1
2026;1;L048;7;17;1
2026;2;L048;1;8;3
2026;2;L048;1;9;7
2026;2;L048;1;10;11
2026;2;L048;1;11;12
2026;2;L048;1;12;11
2026;2;L048;1;13;10
2026;2;L048;1;14;4
2026;2;L048;1;15;7
2026;2;L048;1;16;8
2026;2;L048;1;17;8
2026;2;L048;1;18;10
2026;2;L048;1;19;8
2026;2;L048;1;20;3
2026;2;L048;1;21;2
2026;2;L048;2;8;4
2026;2;L048;2;9;9
2026;2;L048;2;10;12
2026;2;L048;2;11;11
2026;2;L048;2;12;6
2026;2;L048;2;13;9
2026;2;L048;2;14;5
2026;2;L048;2;15;9
2026;2;L048;2;16;10
2026;2;L048;2;17;9
2026;2;L048;2;18;12
2026;2;L048;2;19;8
2026;2;L048;2;20;4
2026;2;L048;2;21;1
2026;2;L048;3;8;5
2026;2;L048;3;9;10
2026;2;L048;3;10;9
2026;2;L048;3;11;11
2026;2;L048;3;12;7
2026;2;L048;3;13;5
2026;2;L048;3;14;4
2026;2;L048;3;15;10
2026;2;L048;3;16;12
2026;2;L048;3;17;9
2026;2;L048;3;18;10
2026;2;L048;3;19;12
2026;2;L048;3;20;3
2026;2;L048;3;21;2
2026;2;L048;4;8;3
2026;2;L048;4;9;7
2026;2;L048;4;10;12
2026;2;L048;4;11;12
2026;2;L048;4;12;9
2026;2;L048;4;13;6
2026;2;L048;4;14;5
2026;2;L048;4;15;6
2026;2;L048;4;16;8
2026;2;L048;4;17;10
2026;2;L048;4;18;16
2026;2;L048;4;19;7
2026;2;L048;4;20;3
2026;2;L048;4;21;2
2026;2;L048;5;8;4
2026;2;L048;5;9;7
2026;2;L048;5;10;16
2026;2;L048;5;11;10
2026;2;L048;5;12;11
2026;2;L048;5;13;10
2026;2;L048;5;14;5
2026;2;L048;5;15;9
2026;2;L048;5;16;16
2026;2;L048;5;17;8
2026;2;L048;5;18;11
2026;2;L048;5;19;8
2026;2;L048;5;20;4
2026;2;L048;5;21;1
2026;2;L048;6;8;2
2026;2;L048;6;9;4
2026;2;L048;6;10;3
2026;2;L048;6;11;4
2026;2;L048;6;12;5
2026;2;L048;6;13;5
2026;2;L048;6;14;2
2026;2;L048;6;15;3
2026;2;L048;6;16;6
2026;2;L048;6;17;7
2026;2;L048;6;18;3
2026;2;L048;6;19;3
2026;2;L048;6;20;1
2026;2;L048;6;21;1
2026;2;L048;7;10;1
2026;2;L048;7;11;1
2026;2;L048;7;12;1
2026;2;L048;7;13;1
2026;2;L048;7;16;1
2026;2;L048;7;17;1
2026;2;L048;7;18;1
2026;3;L048;1;8;3
2026;3;L048;1;9;13
2026;3;L048;1;10;11
2026;3;L048;1;11;14
2026;3;L048;1;12;12
2026;3;L048;1;13;10
2026;3;L048;1;14;5
2026;3;L048;1;15;6
2026;3;L048;1;16;15
2026;3;L048;1;17;13
2026;3;L048;1;18;15
2026;3;L048;1;19;10
2026;3;L048;1;20;5
2026;3;L048;1;21;2
2026;3;L048;2;8;5
2026;3;L048;2;9;7
2026;3;L048;2;10;10
2026;3;L048;2;11;10
2026;3;L048;2;12;8
2026;3;L048;2;13;14
2026;3;L048;2;14;6
2026;3;L048;2;15;4
2026;3;L048;2;16;21
2026;3;L048;2;17;9
2026;3;L048;2;18;14
2026;3;L048;2;19;9
2026;3;L048;2;20;5
2026;3;L048;2;21;1
2026;3;L048;3;8;6
2026;3;L048;3;9;7
2026;3;L048;3;10;10
2026;3;L048;3;11;14
2026;3;L048;3;12;9
2026;3;L048;3;13;10
2026;3;L048;3;14;8
2026;3;L048;3;15;7
2026;3;L048;3;16;12
2026;3;L048;3;17;14
2026;3;L048;3;18;15
2026;3;L048;3;19;8
2026;3;L048;3;20;6
2026;3;L048;3;21;1
2026;3;L048;4;8;3
2026;3;L048;4;9;11
2026;3;L048;4;10;13
2026;3;L048;4;11;12
2026;3;L048;4;12;9
2026;3;L048;4;13;9
2026;3;L048;4;14;5
2026;3;L048;4;15;10
2026;3;L048;4;16;10
2026;3;L048;4;17;11
2026;3;L048;4;18;10
2026;3;L048;4;19;9
2026;3;L048;4;20;4
2026;3;L048;4;21;2
2026;3;L048;5;8;5
2026;3;L048;5;9;9
2026;3;L048;5;10;13
2026;3;L048;5;11;12
2026;3;L048;5;12;16
2026;3;L048;5;13;13
2026;3;L048;5;14;6
2026;3;L048;5;15;7
2026;3;L048;5;16;14
2026;3;L048;5;17;13
2026;3;L048;5;18;15
2026;3;L048;5;19;13
2026;3;L048;5;20;4
2026;3;L048;5;21;1
2026;3;L048;6;8;2
2026;3;L048;6;9;5
2026;3;L048;6;10;7
2026;3;L048;6;11;6
2026;3;L048;6;12;5
2026;3;L048;6;13;4
2026;3;L048;6;14;2
2026;3;L048;6;15;4
2026;3;L048;6;16;5
2026;3;L048;6;17;4
2026;3;L048;6;18;8
2026;3;L048;6;19;4
2026;3;L048;6;20;2
2026;3;L048;6;21;1
2026;3;L048;7;10;1
2026;3;L048;7;11;1
2026;3;L048;7;16;1
2026;3;L048;7;17;1
2026;3;L048;7;19;1
2026;4;L048;1;8;4
2026;4;L048;1;9;12
2026;4;L048;1;10;12
2026;4;L048;1;11;9
2026;4;L048;1;12;12
2026;4;L048;1;13;10
2026;4;L048;1;14;5
2026;4;L048;1;15;11
2026;4;L048;1;16;13
2026;4;L048;1;17;11
2026;4;L048;1;18;12
2026;4;L048;1;19;7
2026;4;L048;1;20;5
2026;4;L048;1;21;2
2026;4;L048;2;8;3
2026;4;L048;2;9;7
2026;4;L048;2;10;10
2026;4;L048;2;11;15
2026;4;L048;2;12;16
2026;4;L048;2;13;16
2026;4;L048;2;14;4
2026;4;L048;2;15;9
2026;4;L048;2;16;11
2026;4;L048;2;17;8
2026;4;L048;2;18;12
2026;4;L048;2;19;8
2026;4;L048;2;20;5
2026;4;L048;2;21;1
2026;4;L048;3;8;4
2026;4;L048;3;9;5
2026;4;L048;3;10;10
2026;4;L048;3;11;14
2026;4;L048;3;12;11
2026;4;L048;3;13;9
2026;4;L048;3;14;6
2026;4;L048;3;15;11
2026;4;L048;3;16;8
2026;4;L048;3;17;16
2026;4;L048;3;18;12
2026;4;L048;3;19;13
2026;4;L048;3;20;6
2026;4;L048;3;21;1
2026;4;L048;4;8;5
2026;4;L048;4;9;8
2026;4;L048;4;10;12
2026;4;L048;4;11;9
2026;4;L048;4;12;8
2026;4;L048;4;13;11
2026;4;L048;4;14;6
2026;4;L048;4;15;7
2026;4;L048;4;16;15
2026;4;L048;4;17;13
2026;4;L048;4;18;18
2026;4;L048;4;19;9
2026;4;L048;4;20;3
2026;4;L048;4;21;1
2026;4;L048;5;8;3
2026;4;L048;5;9;7
2026;4;L048;5;10;10
2026;4;L048;5;11;14
2026;4;L048;5;12;11
2026;4;L048;5;13;13
2026;4;L048;5;14;7
2026;4;L048;5;15;7
2026;4;L048;5;16;15
2026;4;L048;5;17;16
2026;4;L048;5;18;14
2026;4;L048;5;19;11
2026;4;L048;5;20;5
2026;4;L048;5;21;1
2026;4;L048;6;8;2
2026;4;L048;6;9;4
2026;4;L048;6;10;6
2026;4;L048;6;11;5
2026;4;L048;6;12;5
2026;4;L048;6;13;2
2026;4;L048;6;14;2
2026;4;L048;6;15;3
2026;4;L048;6;16;4
2026;4;L048;6;17;5
2026;4;L048;6;18;4
2026;4;L048;6;19;4
2026;4;L048;6;20;1
2026;4;L048;6;21;1
2026;4;L048;7;9;1
2026;4;L048;7;11;1
2026;4;L048;7;12;1
2026;4;L048;7;19;1
2026;5;L048;1;8;6
2026;5;L048;1;9;14
2026;5;L048;1;10;16
2026;5;L048;1;11;10
2026;5;L048;1;12;9
2026;5;L048;1;13;10
2026;5;L048;1;14;3
2026;5;L048;1;15;12
2026;5;L048;1;16;11
2026;5;L048;1;17;14
2026;5;L048;1;18;12
2026;5;L048;1;19;10
2026;5;L048;1;20;3
2026;5;L048;1;21;2
2026;5;L048;2;8;2
2026;5;L048;2;9;8
2026;5;L048;2;10;11
2026;5;L048;2;11;14
2026;5;L048;2;12;15
2026;5;L048;2;13;9
2026;5;L048;2;14;4
2026;5;L048;2;15;10
2026;5;L048;2;16;17
2026;5;L048;2;17;14
2026;5;L048;2;18;9
2026;5;L048;2;19;10
2026;5;L048;2;20;4
2026;5;L048;2;21;2
2026;5;L048;3;8;4
2026;5;L048;3;9;11
2026;5;L048;3;10;9
2026;5;L048;3;11;14
2026;5;L048;3;12;12
2026;5;L048;3;13;9
2026;5;L048;3;14;4
2026;5;L048;3;15;7
2026;5;L048;3;16;15
2026;5;L048;3;17;12
2026;5;L048;3;18;12
2026;5;L048;3;19;13
2026;5;L048;3;20;3
2026;5;L048;3;21;1
2026;5;L048;4;8;4
2026;5;L048;4;9;9
2026;5;L048;4;10;10
2026;5;L048;4;11;15
2026;5;L048;4;12;12
2026;5;L048;4;13;9
2026;5;L048;4;14;3
2026;5;L048;4;15;4
2026;5;L048;4;16;11
2026;5;L048;4;17;13
2026;5;L048;4;18;12
2026;5;L048;4;19;10
2026;5;L048;4;20;4
2026;5;L048;4;21;2
2026;5;L048;5;8;5
2026;5;L048;5;9;12
2026;5;L048;5;10;14
2026;5;L048;5;11;12
2026;5;L048;5;12;8
2026;5;L048;5;13;8
2026;5;L048;5;14;4
2026;5;L048;5;15;7
2026;5;L048;5;16;12
2026;5;L048;5;17;17
2026;5;L048;5;18;7
2026;5;L048;5;19;9
2026;5;L048;5;20;4
2026;5;L048;5;21;1
2026;5;L048;6;8;2
2026;5;L048;6;9;3
2026;5;L048;6;10;8
2026;5;L048;6;11;6
2026;5;L048;6;12;5
2026;5;L048;6;13;7
2026;5;L048;6;14;2
2026;5;L048;6;15;3
2026;5;L048;6;16;5
2026;5;L048;6;17;7
2026;5;L048;6;18;4
2026;5;L048;6;19;3
2026;5;L048;6;20;2
2026;5;L048;6;21;1
2026;5;L048;7;10;1
2026;5;L048;7;11;1
2026;5;L048;7;16;1
2026;5;L048;7;17;1
2026;5;L048;7;18;1
2026;6;L048;1;8;6
2026;6;L048;1;9;6
2026;6;L048;1;10;12
2026;6;L048;1;11;15
2026;6;L048;1;12;13
2026;6;L048;1;13;8
2026;6;L048;1;14;5
2026;6;L048;1;15;9
2026;6;L048;1;16;10
2026;6;L048;1;17;10
2026;6;L048;1;18;13
2026;6;L048;1;19;10
2026;6;L048;1;20;7
2026;6;L048;1;21;1
2026;6;L048;2;8;3
2026;6;L048;2;9;6
2026;6;L048;2;10;10
2026;6;L048;2;11;9
2026;6;L048;2;12;11
2026;6;L048;2;13;8
2026;6;L048;2;14;8
2026;6;L048;2;15;10
2026;6;L048;2;16;16
2026;6;L048;2;17;17
2026;6;L048;2;18;7
2026;6;L048;2;19;10
2026;6;L048;2;20;4
2026;6;L048;2;21;1
2026;6;L048;3;8;5
2026;6;L048;3;9;12
2026;6;L048;3;10;14
2026;6;L048;3;11;18
2026;6;L048;3;12;10
2026;6;L048;3;13;11
2026;6;L048;3;14;8
2026;6;L048;3;15;8
2026;6;L048;3;16;7
2026;6;L048;3;17;17
2026;6;L048;3;18;10
2026;6;L048;3;19;14
2026;6;L048;3;20;5
2026;6;L048;3;21;1
2026;6;L048;4;8;5
2026;6;L048;4;9;8
2026;6;L048;4;10;29
2026;6;L048;4;11;10
2026;6;L048;4;12;13
2026;6;L048;4;13;13
2026;6;L048;4;14;7
2026;6;L048;4;15;9
2026;6;L048;4;16;10
2026;6;L048;4;17;18
2026;6;L048;4;18;7
2026;6;L048;4;19;9
2026;6;L048;4;20;5
2026;6;L048;4;21;1
2026;6;L048;5;8;7
2026;6;L048;5;9;9
2026;6;L048;5;10;14
2026;6;L048;5;11;12
2026;6;L048;5;12;15
2026;6;L048;5;13;9
2026;6;L048;5;14;10
2026;6;L048;5;15;9
2026;6;L048;5;16;14
2026;6;L048;5;17;14
2026;6;L048;5;18;13
2026;6;L048;5;19;10
2026;6;L048;5;20;4
2026;6;L048;5;21;1
2026;6;L048;6;8;2
2026;6;L048;6;9;4
2026;6;L048;6;10;8
2026;6;L048;6;11;8
2026;6;L048;6;12;4
2026;6;L048;6;13;4
2026;6;L048;6;14;2
2026;6;L048;6;15;3
2026;6;L048;6;16;6
2026;6;L048;6;17;6
2026;6;L048;6;18;2
2026;6;L048;6;19;5
2026;6;L048;6;20;1
2026;6;L048;6;21;1
2026;6;L048;7;10;1
2026;6;L048;7;11;1
2026;6;L048;7;16;1
2026;6;L048;7;17;1
2026;7;L048;1;8;4
2026;7;L048;1;9;8
2026;7;L048;1;10;17
2026;7;L048;1;11;19
2026;7;L048;1;12;13
2026;7;L048;1;13;11
2026;7;L048;1;14;9
2026;7;L048;1;15;11
2026;7;L048;1;16;11
2026;7;L048;1;17;18
2026;7;L048;1;18;10
2026;7;L048;1;19;8
2026;7;L048;1;20;5
2026;7;L048;1;21;2
2026;7;L048;2;8;4
2026;7;L048;2;9;12
2026;7;L048;2;10;17
2026;7;L048;2;11;12
2026;7;L048;2;12;20
2026;7;L048;2;13;9
2026;7;L048;2;14;5
2026;7;L048;2;15;8
2026;7;L048;2;16;16
2026;7;L048;2;17;11
2026;7;L048;2;18;15
2026;7;L048;2;19;8
2026;7;L048;2;20;3
2026;7;L048;2;21;1
2026;7;L048;3;8;5
2026;7;L048;3;9;9
2026;7;L048;3;10;12
2026;7;L048;3;11;14
2026;7;L048;3;12;16
2026;7;L048;3;13;15
2026;7;L048;3;14;7
2026;7;L048;3;15;7
2026;7;L048;3;16;14
2026;7;L048;3;17;16
2026;7;L048;3;18;9
2026;7;L048;3;19;11
2026;7;L048;3;20;5
2026;7;L048;3;21;2
2026;7;L048;4;8;2
2026;7;L048;4;9;8
2026;7;L048;4;10;13
2026;7;L048;4;11;11
2026;7;L048;4;12;14
2026;7;L048;4;13;13
2026;7;L048;4;14;5
2026;7;L048;4;15;12
2026;7;L048;4;16;9
2026;7;L048;4;17;14
2026;7;L048;4;18;15
2026;7;L048;4;19;12
2026;7;L048;4;20;4
2026;7;L048;4;21;1
2026;7;L048;5;8;3
2026;7;L048;5;9;13
2026;7;L048;5;10;10
2026;7;L048;5;11;18
2026;7;L048;5;12;13
2026;7;L048;5;13;9
2026;7;L048;5;14;8
2026;7;L048;5;15;9
2026;7;L048;5;16;11
2026;7;L048;5;17;17
2026;7;L048;5;18;12
2026;7;L048;5;19;14
2026;7;L048;5;20;6
2026;7;L048;5;21;2
2026;7;L048;6;8;2
2026;7;L048;6;9;4
2026;7;L048;6;10;5
2026;7;L048;6;11;5
2026;7;L048;6;12;3
2026;7;L048;6;13;3
2026;7;L048;6;14;2
2026;7;L048;6;15;4
2026;7;L048;6;16;4
2026;7;L048;6;17;4
2026;7;L048;6;18;5
2026;7;L048;6;19;4
2026;7;L048;6;20;2
2026;7;L048;6;21;1
2026;7;L048;7;9;1
2026;7;L048;7;10;1
2026;7;L048;7;11;1
2026;7;L048;7;13;1
2026;7;L048;7;16;1
2026;7;L048;7;17;1
2026;7;L048;7;18;1
2026;8;L048;1;8;3
2026;8;L048;1;9;11
2026;8;L048;1;10;13
2026;8;L048;1;11;23
2026;8;L048;1;12;14
2026;8;L048;1;13;8
2026;8;L048;1;14;5
2026;8;L048;1;15;6
2026;8;L048;1;16;11
2026;8;L048;1;17;14
2026;8;L048;1;18;14
2026;8;L048;1;19;9
2026;8;L048;1;20;7
2026;8;L048;1;21;1
2026;8;L048;2;8;6
2026;8;L048;2;9;7
2026;8;L048;2;10;16
2026;8;L048;2;11;17
2026;8;L048;2;12;8
2026;8;L048;2;13;7
2026;8;L048;2;14;6
2026;8;L048;2;15;9
2026;8;L048;2;16;14
2026;8;L048;2;17;11
2026;8;L048;2;18;10
2026;8;L048;2;19;11
2026;8;L048;2;20;5
2026;8;L048;2;21;2
2026;8;L048;3;8;3
2026;8;L048;3;9;8
2026;8;L048;3;10;19
2026;8;L048;3;11;16
2026;8;L048;3;12;11
2026;8;L048;3;13;15
2026;8;L048;3;14;4
2026;8;L048;3;15;7
2026;8;L048;3;16;11
2026;8;L048;3;17;13
2026;8;L048;3;18;10
2026;8;L048;3;19;9
2026;8;L048;3;20;4
2026;8;L048;3;21;1
2026;8;L048;4;8;4
2026;8;L048;4;9;8
2026;8;L048;4;10;17
2026;8;L048;4;11;11
2026;8;L048;4;12;11
2026;8;L048;4;13;11
2026;8;L048;4;14;6
2026;8;L048;4;15;8
2026;8;L048;4;16;15
2026;8;L048;4;17;11
2026;8;L048;4;18;10
2026;8;L048;4;19;7
2026;8;L048;4;20;4
2026;8;L048;4;21;1
2026;8;L048;5;8;6
2026;8;L048;5;9;10
2026;8;L048;5;10;15
2026;8;L048;5;11;8
2026;8;L048;5;12;18
2026;8;L048;5;13;12
2026;8;L048;5;14;8
2026;8;L048;5;15;7
2026;8;L048;5;16;16
2026;8;L048;5;17;16
2026;8;L048;5;18;14
2026;8;L048;5;19;8
2026;8;L048;5;20;4
2026;8;L048;5;21;1
2026;8;L048;6;8;1
2026;8;L048;6;9;2
2026;8;L048;6;10;7
2026;8;L048;6;11;5
2026;8;L048;6;12;5
2026;8;L048;6;13;5
2026;8;L048;6;14;2
2026;8;L048;6;15;3
2026;8;L048;6;16;5
2026;8;L048;6;17;5
2026;8;L048;6;18;5
2026;8;L048;6;19;5
2026;8;L048;6;20;2
2026;8;L048;6;21;1
2026;8;L048;7;10;1
2026;8;L048;7;11;1
2026;8;L048;7;12;1
2026;8;L048;7;13;1
2026;8;L048;7;16;1
2026;8;L048;7;17;1
2026;8;L048;7;18;1
2026;8;L048;7;19;1
2026;1;L050;1;8;18
2026;1;L050;1;9;46
2026;1;L050;1;10;59
2026;1;L050;1;11;54
2026;1;L050;1;12;32
2026;1;L050;1;13;53
2026;1;L050;1;14;18
2026;1;L050;1;15;30
2026;1;L050;1;16;89
2026;1;L050;1;17;43
2026;1;L050;1;18;70
2026;1;L050;1;19;59
2026;1;L050;1;20;22
2026;1;L050;1;21;7
2026;1;L050;2;8;15
2026;1;L050;2;9;45
2026;1;L050;2;10;58
2026;1;L050;2;11;60
2026;1;L050;2;12;64
2026;1;L050;2;13;76
2026;1;L050;2;14;39
2026;1;L050;2;15;39
2026;1;L050;2;16;49
2026;1;L050;2;17;58
2026;1;L050;2;18;46
2026;1;L050;2;19;23
2026;1;L050;2;20;15
2026;1;L050;2;21;6
2026;1;L050;3;8;16
2026;1;L050;3;9;34
2026;1;L050;3;10;53
2026;1;L050;3;11;46
2026;1;L050;3;12;36
2026;1;L050;3;13;36
2026;1;L050;3;14;14
2026;1;L050;3;15;26
2026;1;L050;3;16;58
2026;1;L050;3;17;32
2026;1;L050;3;18;44
2026;1;L050;3;19;38
2026;1;L050;3;20;22
2026;1;L050;3;21;7
2026;1;L050;4;8;23
2026;1;L050;4;9;51
2026;1;L050;4;10;59
2026;1;L050;4;11;65
2026;1;L050;4;12;63
2026;1;L050;4;13;48
2026;1;L050;4;14;29
2026;1;L050;4;15;32
2026;1;L050;4;16;55
2026;1;L050;4;17;61
2026;1;L050;4;18;41
2026;1;L050;4;19;34
2026;1;L050;4;20;23
2026;1;L050;4;21;7
2026;1;L050;5;8;30
2026;1;L050;5;9;39
2026;1;L050;5;10;49
2026;1;L050;5;11;97
2026;1;L050;5;12;49
2026;1;L050;5;13;46
2026;1;L050;5;14;22
2026;1;L050;5;15;31
2026;1;L050;5;16;78
2026;1;L050;5;17;65
2026;1;L050;5;18;71
2026;1;L050;5;19;32
2026;1;L050;5;20;32
2026;1;L050;5;21;9
2026;1;L050;6;8;8
2026;1;L050;6;9;13
2026;1;L050;6;10;34
2026;1;L050;6;11;17
2026;1;L050;6;12;16
2026;1;L050;6;13;16
2026;1;L050;6;14;15
2026;1;L050;6;15;14
2026;1;L050;6;16;12
2026;1;L050;6;17;25
2026;1;L050;6;18;18
2026;1;L050;6;19;25
2026;1;L050;6;20;9
2026;1;L050;6;21;3
2026;1;L050;7;8;1
2026;1;L050;7;9;3
2026;1;L050;7;10;2
2026;1;L050;7;11;3
2026;1;L050;7;12;3
2026;1;L050;7;13;2
2026;1;L050;7;14;1
2026;1;L050;7;15;1
2026;1;L050;7;16;2
2026;1;L050;7;17;2
2026;1;L050;7;18;2
2026;1;L050;7;19;2
2026;1;L050;7;20;1
2026;2;L050;1;8;12
2026;2;L050;1;9;53
2026;2;L050;1;10;39
2026;2;L050;1;11;75
2026;2;L050;1;12;85
2026;2;L050;1;13;28
2026;2;L050;1;14;17
2026;2;L050;1;15;27
2026;2;L050;1;16;74
2026;2;L050;1;17;38
2026;2;L050;1;18;47
2026;2;L050;1;19;43
2026;2;L050;1;20;14
2026;2;L050;1;21;6
2026;2;L050;2;8;16
2026;2;L050;2;9;44
2026;2;L050;2;10;55
2026;2;L050;2;11;61
2026;2;L050;2;12;45
2026;2;L050;2;13;42
2026;2;L050;2;14;25
2026;2;L050;2;15;29
2026;2;L050;2;16;55
2026;2;L050;2;17;44
2026;2;L050;2;18;46
2026;2;L050;2;19;45
2026;2;L050;2;20;13
2026;2;L050;2;21;6
2026;2;L050;3;8;26
2026;2;L050;3;9;53
2026;2;L050;3;10;65
2026;2;L050;3;11;42
2026;2;L050;3;12;69
2026;2;L050;3;13;54
2026;2;L050;3;14;22
2026;2;L050;3;15;27
2026;2;L050;3;16;63
2026;2;L050;3;17;36
2026;2;L050;3;18;44
2026;2;L050;3;19;35
2026;2;L050;3;20;19
2026;2;L050;3;21;5
2026;2;L050;4;8;16
2026;2;L050;4;9;31
2026;2;L050;4;10;69
2026;2;L050;4;11;48
2026;2;L050;4;12;53
2026;2;L050;4;13;52
2026;2;L050;4;14;26
2026;2;L050;4;15;31
2026;2;L050;4;16;54
2026;2;L050;4;17;39
2026;2;L050;4;18;52
2026;2;L050;4;19;49
2026;2;L050;4;20;19
2026;2;L050;4;21;8
2026;2;L050;5;8;19
2026;2;L050;5;9;41
2026;2;L050;5;10;47
2026;2;L050;5;11;82
2026;2;L050;5;12;38
2026;2;L050;5;13;43
2026;2;L050;5;14;28
2026;2;L050;5;15;30
2026;2;L050;5;16;58
2026;2;L050;5;17;63
2026;2;L050;5;18;44
2026;2;L050;5;19;34
2026;2;L050;5;20;23
2026;2;L050;5;21;10
2026;2;L050;6;8;13
2026;2;L050;6;9;10
2026;2;L050;6;10;18
2026;2;L050;6;11;29
2026;2;L050;6;12;15
2026;2;L050;6;13;17
2026;2;L050;6;14;9
2026;2;L050;6;15;18
2026;2;L050;6;16;28
2026;2;L050;6;17;20
2026;2;L050;6;18;19
2026;2;L050;6;19;11
2026;2;L050;6;20;16
2026;2;L050;6;21;3
2026;2;L050;7;8;1
2026;2;L050;7;9;1
2026;2;L050;7;10;2
2026;2;L050;7;11;4
2026;2;L050;7;12;3
2026;2;L050;7;13;2
2026;2;L050;7;14;1
2026;2;L050;7;15;2
2026;2;L050;7;16;2
2026;2;L050;7;17;3
2026;2;L050;7;18;4
2026;2;L050;7;19;2
2026;2;L050;7;20;1
2026;3;L050;1;8;27
2026;3;L050;1;9;33
2026;3;L050;1;10;60
2026;3;L050;1;11;30
2026;3;L050;1;12;38
2026;3;L050;1;13;38
2026;3;L050;1;14;31
2026;3;L050;1;15;28
2026;3;L050;1;16;59
2026;3;L050;1;17;83
2026;3;L050;1;18;77
2026;3;L050;1;19;35
2026;3;L050;1;20;34
2026;3;L050;1;21;9
2026;3;L050;2;8;22
2026;3;L050;2;9;37
2026;3;L050;2;10;35
2026;3;L050;2;11;58
2026;3;L050;2;12;47
2026;3;L050;2;13;43
2026;3;L050;2;14;25
2026;3;L050;2;15;41
2026;3;L050;2;16;43
2026;3;L050;2;17;26
2026;3;L050;2;18;60
2026;3;L050;2;19;30
2026;3;L050;2;20;20
2026;3;L050;2;21;6
2026;3;L050;3;8;15
2026;3;L050;3;9;53
2026;3;L050;3;10;94
2026;3;L050;3;11;61
2026;3;L050;3;12;82
2026;3;L050;3;13;49
2026;3;L050;3;14;39
2026;3;L050;3;15;49
2026;3;L050;3;16;96
2026;3;L050;3;17;49
2026;3;L050;3;18;58
2026;3;L050;3;19;28
2026;3;L050;3;20;26
2026;3;L050;3;21;10
2026;3;L050;4;8;16
2026;3;L050;4;9;41
2026;3;L050;4;10;67
2026;3;L050;4;11;42
2026;3;L050;4;12;41
2026;3;L050;4;13;39
2026;3;L050;4;14;24
2026;3;L050;4;15;41
2026;3;L050;4;16;108
2026;3;L050;4;17;78
2026;3;L050;4;18;61
2026;3;L050;4;19;35
2026;3;L050;4;20;24
2026;3;L050;4;21;7
2026;3;L050;5;8;22
2026;3;L050;5;9;36
2026;3;L050;5;10;70
2026;3;L050;5;11;60
2026;3;L050;5;12;62
2026;3;L050;5;13;44
2026;3;L050;5;14;35
2026;3;L050;5;15;55
2026;3;L050;5;16;60
2026;3;L050;5;17;67
2026;3;L050;5;18;60
2026;3;L050;5;19;46
2026;3;L050;5;20;24
2026;3;L050;5;21;8
2026;3;L050;6;8;10
2026;3;L050;6;9;11
2026;3;L050;6;10;36
2026;3;L050;6;11;19
2026;3;L050;6;12;22
2026;3;L050;6;13;26
2026;3;L050;6;14;18
2026;3;L050;6;15;11
2026;3;L050;6;16;21
2026;3;L050;6;17;18
2026;3;L050;6;18;24
2026;3;L050;6;19;20
2026;3;L050;6;20;7
2026;3;L050;6;21;3
2026;3;L050;7;8;1
2026;3;L050;7;9;2
2026;3;L050;7;10;4
2026;3;L050;7;11;3
2026;3;L050;7;12;2
2026;3;L050;7;13;2
2026;3;L050;7;14;2
2026;3;L050;7;15;3
2026;3;L050;7;16;4
2026;3;L050;7;17;2
2026;3;L050;7;18;4
2026;3;L050;7;19;3
2026;3;L050;7;20;2
2026;4;L050;1;8;26
2026;4;L050;1;9;45
2026;4;L050;1;10;76
2026;4;L050;1;11;53
2026;4;L050;1;12;51
2026;4;L050;1;13;71
2026;4;L050;1;14;47
2026;4;L050;1;15;66
2026;4;L050;1;16;54
2026;4;L050;1;17;51
2026;4;L050;1;18;46
2026;4;L050;1;19;44
2026;4;L050;1;20;22
2026;4;L050;1;21;5
2026;4;L050;2;8;26
2026;4;L050;2;9;39
2026;4;L050;2;10;64
2026;4;L050;2;11;58
2026;4;L050;2;12;65
2026;4;L050;2;13;27
2026;4;L050;2;14;18
2026;4;L050;2;15;38
2026;4;L050;2;16;42
2026;4;L050;2;17;72
2026;4;L050;2;18;53
2026;4;L050;2;19;55
2026;4;L050;2;20;20
2026;4;L050;2;21;15
2026;4;L050;3;8;14
2026;4;L050;3;9;31
2026;4;L050;3;10;81
2026;4;L050;3;11;72
2026;4;L050;3;12;32
2026;4;L050;3;13;55
2026;4;L050;3;14;20
2026;4;L050;3;15;29
2026;4;L050;3;16;55
2026;4;L050;3;17;63
2026;4;L050;3;18;71
2026;4;L050;3;19;50
2026;4;L050;3;20;17
2026;4;L050;3;21;9
2026;4;L050;4;8;29
2026;4;L050;4;9;30
2026;4;L050;4;10;54
2026;4;L050;4;11;78
2026;4;L050;4;12;52
2026;4;L050;4;13;32
2026;4;L050;4;14;19
2026;4;L050;4;15;35
2026;4;L050;4;16;60
2026;4;L050;4;17;65
2026;4;L050;4;18;85
2026;4;L050;4;19;40
2026;4;L050;4;20;21
2026;4;L050;4;21;11
2026;4;L050;5;8;21
2026;4;L050;5;9;42
2026;4;L050;5;10;62
2026;4;L050;5;11;63
2026;4;L050;5;12;43
2026;4;L050;5;13;49
2026;4;L050;5;14;23
2026;4;L050;5;15;42
2026;4;L050;5;16;64
2026;4;L050;5;17;60
2026;4;L050;5;18;71
2026;4;L050;5;19;35
2026;4;L050;5;20;15
2026;4;L050;5;21;5
2026;4;L050;6;8;9
2026;4;L050;6;9;13
2026;4;L050;6;10;17
2026;4;L050;6;11;27
2026;4;L050;6;12;30
2026;4;L050;6;13;14
2026;4;L050;6;14;9
2026;4;L050;6;15;14
2026;4;L050;6;16;15
2026;4;L050;6;17;36
2026;4;L050;6;18;33
2026;4;L050;6;19;29
2026;4;L050;6;20;6
2026;4;L050;6;21;2
2026;4;L050;7;8;1
2026;4;L050;7;9;2
2026;4;L050;7;10;3
2026;4;L050;7;11;4
2026;4;L050;7;12;2
2026;4;L050;7;13;4
2026;4;L050;7;14;1
2026;4;L050;7;15;1
2026;4;L050;7;16;3
2026;4;L050;7;17;2
2026;4;L050;7;18;3
2026;4;L050;7;19;2
2026;4;L050;7;20;1
2026;5;L050;1;8;32
2026;5;L050;1;9;30
2026;5;L050;1;10;92
2026;5;L050;1;11;69
2026;5;L050;1;12;80
2026;5;L050;1;13;53
2026;5;L050;1;14;26
2026;5;L050;1;15;35
2026;5;L050;1;16;60
2026;5;L050;1;17;61
2026;5;L050;1;18;62
2026;5;L050;1;19;40
2026;5;L050;1;20;13
2026;5;L050;1;21;10
2026;5;L050;2;8;17
2026;5;L050;2;9;72
2026;5;L050;2;10;94
2026;5;L050;2;11;87
2026;5;L050;2;12;64
2026;5;L050;2;13;61
2026;5;L050;2;14;19
2026;5;L050;2;15;47
2026;5;L050;2;16;72
2026;5;L050;2;17;62
2026;5;L050;2;18;84
2026;5;L050;2;19;34
2026;5;L050;2;20;23
2026;5;L050;2;21;6
2026;5;L050;3;8;20
2026;5;L050;3;9;46
2026;5;L050;3;10;47
2026;5;L050;3;11;76
2026;5;L050;3;12;56
2026;5;L050;3;13;33
2026;5;L050;3;14;27
2026;5;L050;3;15;36
2026;5;L050;3;16;65
2026;5;L050;3;17;59
2026;5;L050;3;18;61
2026;5;L050;3;19;37
2026;5;L050;3;20;18
2026;5;L050;3;21;9
2026;5;L050;4;8;42
2026;5;L050;4;9;43
2026;5;L050;4;10;45
2026;5;L050;4;11;65
2026;5;L050;4;12;45
2026;5;L050;4;13;52
2026;5;L050;4;14;32
2026;5;L050;4;15;32
2026;5;L050;4;16;41
2026;5;L050;4;17;87
2026;5;L050;4;18;68
2026;5;L050;4;19;65
2026;5;L050;4;20;31
2026;5;L050;4;21;9
2026;5;L050;5;8;17
2026;5;L050;5;9;28
2026;5;L050;5;10;101
2026;5;L050;5;11;60
2026;5;L050;5;12;56
2026;5;L050;5;13;41
2026;5;L050;5;14;21
2026;5;L050;5;15;36
2026;5;L050;5;16;39
2026;5;L050;5;17;82
2026;5;L050;5;18;79
2026;5;L050;5;19;63
2026;5;L050;5;20;20
2026;5;L050;5;21;8
2026;5;L050;6;8;12
2026;5;L050;6;9;13
2026;5;L050;6;10;27
2026;5;L050;6;11;27
2026;5;L050;6;12;24
2026;5;L050;6;13;30
2026;5;L050;6;14;13
2026;5;L050;6;15;20
2026;5;L050;6;16;34
2026;5;L050;6;17;26
2026;5;L050;6;18;28
2026;5;L050;6;19;24
2026;5;L050;6;20;10
2026;5;L050;6;21;2
2026;5;L050;7;8;1
2026;5;L050;7;9;2
2026;5;L050;7;10;2
2026;5;L050;7;11;5
2026;5;L050;7;12;3
2026;5;L050;7;13;3
2026;5;L050;7;14;1
2026;5;L050;7;15;2
2026;5;L050;7;16;2
2026;5;L050;7;17;6
2026;5;L050;7;18;3
2026;5;L050;7;19;2
2026;5;L050;7;20;1
2026;6;L050;1;8;24
2026;6;L050;1;9;50
2026;6;L050;1;10;56
2026;6;L050;1;11;73
2026;6;L050;1;12;79
2026;6;L050;1;13;52
2026;6;L050;1;14;26
2026;6;L050;1;15;34
2026;6;L050;1;16;75
2026;6;L050;1;17;66
2026;6;L050;1;18;40
2026;6;L050;1;19;53
2026;6;L050;1;20;19
2026;6;L050;1;21;7
2026;6;L050;2;8;15
2026;6;L050;2;9;32
2026;6;L050;2;10;51
2026;6;L050;2;11;51
2026;6;L050;2;12;52
2026;6;L050;2;13;29
2026;6;L050;2;14;30
2026;6;L050;2;15;49
2026;6;L050;2;16;54
2026;6;L050;2;17;62
2026;6;L050;2;18;67
2026;6;L050;2;19;34
2026;6;L050;2;20;18
2026;6;L050;2;21;9
2026;6;L050;3;8;20
2026;6;L050;3;9;30
2026;6;L050;3;10;70
2026;6;L050;3;11;84
2026;6;L050;3;12;70
2026;6;L050;3;13;51
2026;6;L050;3;14;21
2026;6;L050;3;15;39
2026;6;L050;3;16;65
2026;6;L050;3;17;59
2026;6;L050;3;18;76
2026;6;L050;3;19;57
2026;6;L050;3;20;21
2026;6;L050;3;21;9
2026;6;L050;4;8;30
2026;6;L050;4;9;71
2026;6;L050;4;10;53
2026;6;L050;4;11;50
2026;6;L050;4;12;59
2026;6;L050;4;13;61
2026;6;L050;4;14;30
2026;6;L050;4;15;40
2026;6;L050;4;16;67
2026;6;L050;4;17;52
2026;6;L050;4;18;102
2026;6;L050;4;19;72
2026;6;L050;4;20;34
2026;6;L050;4;21;6
2026;6;L050;5;8;25
2026;6;L050;5;9;58
2026;6;L050;5;10;55
2026;6;L050;5;11;64
2026;6;L050;5;12;41
2026;6;L050;5;13;54
2026;6;L050;5;14;32
2026;6;L050;5;15;37
2026;6;L050;5;16;70
2026;6;L050;5;17;67
2026;6;L050;5;18;79
2026;6;L050;5;19;48
2026;6;L050;5;20;29
2026;6;L050;5;21;9
2026;6;L050;6;8;17
2026;6;L050;6;9;15
2026;6;L050;6;10;24
2026;6;L050;6;11;33
2026;6;L050;6;12;24
2026;6;L050;6;13;28
2026;6;L050;6;14;12
2026;6;L050;6;15;18
2026;6;L050;6;16;32
2026;6;L050;6;17;20
2026;6;L050;6;18;18
2026;6;L050;6;19;21
2026;6;L050;6;20;10
2026;6;L050;6;21;4
2026;6;L050;7;8;1
2026;6;L050;7;9;2
2026;6;L050;7;10;3
2026;6;L050;7;11;4
2026;6;L050;7;12;2
2026;6;L050;7;13;3
2026;6;L050;7;14;2
2026;6;L050;7;15;2
2026;6;L050;7;16;4
2026;6;L050;7;17;3
2026;6;L050;7;18;3
2026;6;L050;7;19;2
2026;6;L050;7;20;2
2026;7;L050;1;8;26
2026;7;L050;1;9;39
2026;7;L050;1;10;74
2026;7;L050;1;11;71
2026;7;L050;1;12;91
2026;7;L050;1;13;67
2026;7;L050;1;14;41
2026;7;L050;1;15;40
2026;7;L050;1;16;91
2026;7;L050;1;17;89
2026;7;L050;1;18;37
2026;7;L050;1;19;61
2026;7;L050;1;20;16
2026;7;L050;1;21;7
2026;7;L050;2;8;24
2026;7;L050;2;9;48
2026;7;L050;2;10;80
2026;7;L050;2;11;73
2026;7;L050;2;12;97
2026;7;L050;2;13;48
2026;7;L050;2;14;35
2026;7;L050;2;15;27
2026;7;L050;2;16;50
2026;7;L050;2;17;64
2026;7;L050;2;18;69
2026;7;L050;2;19;72
2026;7;L050;2;20;25
2026;7;L050;2;21;9
2026;7;L050;3;8;32
2026;7;L050;3;9;56
2026;7;L050;3;10;74
2026;7;L050;3;11;76
2026;7;L050;3;12;64
2026;7;L050;3;13;56
2026;7;L050;3;14;30
2026;7;L050;3;15;34
2026;7;L050;3;16;53
2026;7;L050;3;17;66
2026;7;L050;3;18;98
2026;7;L050;3;19;38
2026;7;L050;3;20;22
2026;7;L050;3;21;7
2026;7;L050;4;8;25
2026;7;L050;4;9;52
2026;7;L050;4;10;62
2026;7;L050;4;11;91
2026;7;L050;4;12;65
2026;7;L050;4;13;54
2026;7;L050;4;14;46
2026;7;L050;4;15;31
2026;7;L050;4;16;58
2026;7;L050;4;17;70
2026;7;L050;4;18;50
2026;7;L050;4;19;38
2026;7;L050;4;20;19
2026;7;L050;4;21;12
2026;7;L050;5;8;33
2026;7;L050;5;9;59
2026;7;L050;5;10;56
2026;7;L050;5;11;68
2026;7;L050;5;12;114
2026;7;L050;5;13;42
2026;7;L050;5;14;17
2026;7;L050;5;15;48
2026;7;L050;5;16;58
2026;7;L050;5;17;56
2026;7;L050;5;18;60
2026;7;L050;5;19;56
2026;7;L050;5;20;40
2026;7;L050;5;21;7
2026;7;L050;6;8;10
2026;7;L050;6;9;20
2026;7;L050;6;10;17
2026;7;L050;6;11;18
2026;7;L050;6;12;22
2026;7;L050;6;13;23
2026;7;L050;6;14;13
2026;7;L050;6;15;17
2026;7;L050;6;16;23
2026;7;L050;6;17;26
2026;7;L050;6;18;17
2026;7;L050;6;19;21
2026;7;L050;6;20;8
2026;7;L050;6;21;3
2026;7;L050;7;8;1
2026;7;L050;7;9;2
2026;7;L050;7;10;5
2026;7;L050;7;11;4
2026;7;L050;7;12;2
2026;7;L050;7;13;3
2026;7;L050;7;14;1
2026;7;L050;7;15;2
2026;7;L050;7;16;5
2026;7;L050;7;17;3
2026;7;L050;7;18;2
2026;7;L050;7;19;3
2026;7;L050;7;20;1
2026;8;L050;1;8;26
2026;8;L050;1;9;53
2026;8;L050;1;10;62
2026;8;L050;1;11;68
2026;8;L050;1;12;77
2026;8;L050;1;13;48
2026;8;L050;1;14;23
2026;8;L050;1;15;43
2026;8;L050;1;16;73
2026;8;L050;1;17;72
2026;8;L050;1;18;55
2026;8;L050;1;19;78
2026;8;L050;1;20;21
2026;8;L050;1;21;5
2026;8;L050;2;8;16
2026;8;L050;2;9;33
2026;8;L050;2;10;43
2026;8;L050;2;11;60
2026;8;L050;2;12;42
2026;8;L050;2;13;33
2026;8;L050;2;14;16
2026;8;L050;2;15;34
2026;8;L050;2;16;59
2026;8;L050;2;17;92
2026;8;L050;2;18;50
2026;8;L050;2;19;72
2026;8;L050;2;20;17
2026;8;L050;2;21;9
2026;8;L050;3;8;17
2026;8;L050;3;9;48
2026;8;L050;3;10;45
2026;8;L050;3;11;60
2026;8;L050;3;12;74
2026;8;L050;3;13;39
2026;8;L050;3;14;20
2026;8;L050;3;15;28
2026;8;L050;3;16;74
2026;8;L050;3;17;61
2026;8;L050;3;18;63
2026;8;L050;3;19;63
2026;8;L050;3;20;21
2026;8;L050;3;21;5
2026;8;L050;4;8;20
2026;8;L050;4;9;37
2026;8;L050;4;10;67
2026;8;L050;4;11;74
2026;8;L050;4;12;39
2026;8;L050;4;13;55
2026;8;L050;4;14;35
2026;8;L050;4;15;40
2026;8;L050;4;16;98
2026;8;L050;4;17;41
2026;8;L050;4;18;63
2026;8;L050;4;19;40
2026;8;L050;4;20;26
2026;8;L050;4;21;6
2026;8;L050;5;8;18
2026;8;L050;5;9;74
2026;8;L050;5;10;48
2026;8;L050;5;11;75
2026;8;L050;5;12;94
2026;8;L050;5;13;58
2026;8;L050;5;14;25
2026;8;L050;5;15;48
2026;8;L050;5;16;96
2026;8;L050;5;17;75
2026;8;L050;5;18;45
2026;8;L050;5;19;46
2026;8;L050;5;20;27
2026;8;L050;5;21;10
2026;8;L050;6;8;8
2026;8;L050;6;9;16
2026;8;L050;6;10;24
2026;8;L050;6;11;29
2026;8;L050;6;12;30
2026;8;L050;6;13;24
2026;8;L050;6;14;13
2026;8;L050;6;15;15
2026;8;L050;6;16;19
2026;8;L050;6;17;29
2026;8;L050;6;18;40
2026;8;L050;6;19;13
2026;8;L050;6;20;11
2026;8;L050;6;21;3
2026;8;L050;7;8;1
2026;8;L050;7;9;2
2026;8;L050;7;10;3
2026;8;L050;7;11;3
2026;8;L050;7;12;3
2026;8;L050;7;13;3
2026;8;L050;7;14;2
2026;8;L050;7;15;2
2026;8;L050;7;16;3
2026;8;L050;7;17;4
2026;8;L050;7;18;1
2026;8;L050;7;19;2
2026;8;L050;7;20;1
2026;1;L051;1;8;43
2026;1;L051;1;9;103
2026;1;L051;1;10;127
2026;1;L051;1;11;178
2026;1;L051;1;12;103
2026;1;L051;1;13;119
2026;1;L051;1;14;46
2026;1;L051;1;15;80
2026;1;L051;1;16;114
2026;1;L051;1;17;105
2026;1;L051;1;18;99
2026;1;L051;1;19;107
2026;1;L051;1;20;52
2026;1;L051;1;21;14
2026;1;L051;2;8;37
2026;1;L051;2;9;119
2026;1;L051;2;10;107
2026;1;L051;2;11;197
2026;1;L051;2;12;133
2026;1;L051;2;13;110
2026;1;L051;2;14;69
2026;1;L051;2;15;124
2026;1;L051;2;16;130
2026;1;L051;2;17;159
2026;1;L051;2;18;146
2026;1;L051;2;19;144
2026;1;L051;2;20;55
2026;1;L051;2;21;17
2026;1;L051;3;8;45
2026;1;L051;3;9;115
2026;1;L051;3;10;121
2026;1;L051;3;11;129
2026;1;L051;3;12;100
2026;1;L051;3;13;117
2026;1;L051;3;14;72
2026;1;L051;3;15;93
2026;1;L051;3;16;173
2026;1;L051;3;17;124
2026;1;L051;3;18;137
2026;1;L051;3;19;98
2026;1;L051;3;20;58
2026;1;L051;3;21;20
2026;1;L051;4;8;79
2026;1;L051;4;9;72
2026;1;L051;4;10;116
2026;1;L051;4;11;108
2026;1;L051;4;12;82
2026;1;L051;4;13;96
2026;1;L051;4;14;100
2026;1;L051;4;15;59
2026;1;L051;4;16;124
2026;1;L051;4;17;137
2026;1;L051;4;18;109
2026;1;L051;4;19;108
2026;1;L051;4;20;36
2026;1;L051;4;21;17
2026;1;L051;5;8;52
2026;1;L051;5;9;68
2026;1;L051;5;10;169
2026;1;L051;5;11;134
2026;1;L051;5;12;164
2026;1;L051;5;13;118
2026;1;L051;5;14;78
2026;1;L051;5;15;102
2026;1;L051;5;16;174
2026;1;L051;5;17;146
2026;1;L051;5;18;109
2026;1;L051;5;19;114
2026;1;L051;5;20;79
2026;1;L051;5;21;21
2026;1;L051;6;8;12
2026;1;L051;6;9;34
2026;1;L051;6;10;45
2026;1;L051;6;11;49
2026;1;L051;6;12;59
2026;1;L051;6;13;41
2026;1;L051;6;14;42
2026;1;L051;6;15;31
2026;1;L051;6;16;60
2026;1;L051;6;17;54
2026;1;L051;6;18;75
2026;1;L051;6;19;36
2026;1;L051;6;20;14
2026;1;L051;6;21;6
2026;1;L051;7;8;2
2026;1;L051;7;9;4
2026;1;L051;7;10;5
2026;1;L051;7;11;10
2026;1;L051;7;12;7
2026;1;L051;7;13;5
2026;1;L051;7;14;3
2026;1;L051;7;15;4
2026;1;L051;7;16;7
2026;1;L051;7;17;8
2026;1;L051;7;18;9
2026;1;L051;7;19;4
2026;1;L051;7;20;2
2026;1;L051;7;21;1
2026;2;L051;1;8;41
2026;2;L051;1;9;88
2026;2;L051;1;10;151
2026;2;L051;1;11;123
2026;2;L051;1;12;90
2026;2;L051;1;13;96
2026;2;L051;1;14;66
2026;2;L051;1;15;83
2026;2;L051;1;16;114
2026;2;L051;1;17;122
2026;2;L051;1;18;250
2026;2;L051;1;19;96
2026;2;L051;1;20;57
2026;2;L051;1;21;15
2026;2;L051;2;8;33
2026;2;L051;2;9;91
2026;2;L051;2;10;121
2026;2;L051;2;11;85
2026;2;L051;2;12;130
2026;2;L051;2;13;110
2026;2;L051;2;14;59
2026;2;L051;2;15;95
2026;2;L051;2;16;198
2026;2;L051;2;17;180
2026;2;L051;2;18;90
2026;2;L051;2;19;96
2026;2;L051;2;20;51
2026;2;L051;2;21;10
2026;2;L051;3;8;48
2026;2;L051;3;9;90
2026;2;L051;3;10;153
2026;2;L051;3;11;170
2026;2;L051;3;12;130
2026;2;L051;3;13;85
2026;2;L051;3;14;69
2026;2;L051;3;15;87
2026;2;L051;3;16;133
2026;2;L051;3;17;160
2026;2;L051;3;18;132
2026;2;L051;3;19;121
2026;2;L051;3;20;62
2026;2;L051;3;21;16
2026;2;L051;4;8;31
2026;2;L051;4;9;82
2026;2;L051;4;10;170
2026;2;L051;4;11;119
2026;2;L051;4;12;157
2026;2;L051;4;13;161
2026;2;L051;4;14;81
2026;2;L051;4;15;46
2026;2;L051;4;16;85
2026;2;L051;4;17;167
2026;2;L051;4;18;85
2026;2;L051;4;19;114
2026;2;L051;4;20;44
2026;2;L051;4;21;11
2026;2;L051;5;8;47
2026;2;L051;5;9;47
2026;2;L051;5;10;145
2026;2;L051;5;11;134
2026;2;L051;5;12;163
2026;2;L051;5;13;95
2026;2;L051;5;14;72
2026;2;L051;5;15;68
2026;2;L051;5;16;88
2026;2;L051;5;17;87
2026;2;L051;5;18;161
2026;2;L051;5;19;103
2026;2;L051;5;20;49
2026;2;L051;5;21;14
2026;2;L051;6;8;12
2026;2;L051;6;9;39
2026;2;L051;6;10;68
2026;2;L051;6;11;61
2026;2;L051;6;12;43
2026;2;L051;6;13;37
2026;2;L051;6;14;22
2026;2;L051;6;15;29
2026;2;L051;6;16;70
2026;2;L051;6;17;65
2026;2;L051;6;18;66
2026;2;L051;6;19;39
2026;2;L051;6;20;19
2026;2;L051;6;21;6
2026;2;L051;7;8;2
2026;2;L051;7;9;4
2026;2;L051;7;10;7
2026;2;L051;7;11;6
2026;2;L051;7;12;5
2026;2;L051;7;13;4
2026;2;L051;7;14;2
2026;2;L051;7;15;3
2026;2;L051;7;16;7
2026;2;L051;7;17;7
2026;2;L051;7;18;6
2026;2;L051;7;19;5
2026;2;L051;7;20;5
2026;2;L051;7;21;1
2026;3;L051;1;8;51
2026;3;L051;1;9;142
2026;3;L051;1;10;164
2026;3;L051;1;11;121
2026;3;L051;1;12;178
2026;3;L051;1;13;135
2026;3;L051;1;14;87
2026;3;L051;1;15;92
2026;3;L051;1;16;174
2026;3;L051;1;17;154
2026;3;L051;1;18;146
2026;3;L051;1;19;113
2026;3;L051;1;20;43
2026;3;L051;1;21;16
2026;3;L051;2;8;31
2026;3;L051;2;9;157
2026;3;L051;2;10;194
2026;3;L051;2;11;86
2026;3;L051;2;12;186
2026;3;L051;2;13;143
2026;3;L051;2;14;67
2026;3;L051;2;15;59
2026;3;L051;2;16;133
2026;3;L051;2;17;165
2026;3;L051;2;18;142
2026;3;L051;2;19;78
2026;3;L051;2;20;39
2026;3;L051;2;21;18
2026;3;L051;3;8;62
2026;3;L051;3;9;124
2026;3;L051;3;10;109
2026;3;L051;3;11;130
2026;3;L051;3;12;121
2026;3;L051;3;13;147
2026;3;L051;3;14;87
2026;3;L051;3;15;89
2026;3;L051;3;16;85
2026;3;L051;3;17;104
2026;3;L051;3;18;179
2026;3;L051;3;19;97
2026;3;L051;3;20;44
2026;3;L051;3;21;19
2026;3;L051;4;8;44
2026;3;L051;4;9;91
2026;3;L051;4;10;125
2026;3;L051;4;11;248
2026;3;L051;4;12;89
2026;3;L051;4;13;175
2026;3;L051;4;14;43
2026;3;L051;4;15;115
2026;3;L051;4;16;160
2026;3;L051;4;17;93
2026;3;L051;4;18;182
2026;3;L051;4;19;106
2026;3;L051;4;20;36
2026;3;L051;4;21;22
2026;3;L051;5;8;83
2026;3;L051;5;9;146
2026;3;L051;5;10;230
2026;3;L051;5;11;167
2026;3;L051;5;12;166
2026;3;L051;5;13;109
2026;3;L051;5;14;57
2026;3;L051;5;15;101
2026;3;L051;5;16;102
2026;3;L051;5;17;111
2026;3;L051;5;18;167
2026;3;L051;5;19;129
2026;3;L051;5;20;48
2026;3;L051;5;21;20
2026;3;L051;6;8;18
2026;3;L051;6;9;36
2026;3;L051;6;10;77
2026;3;L051;6;11;52
2026;3;L051;6;12;52
2026;3;L051;6;13;51
2026;3;L051;6;14;36
2026;3;L051;6;15;34
2026;3;L051;6;16;56
2026;3;L051;6;17;67
2026;3;L051;6;18;40
2026;3;L051;6;19;52
2026;3;L051;6;20;23
2026;3;L051;6;21;9
2026;3;L051;7;8;2
2026;3;L051;7;9;5
2026;3;L051;7;10;11
2026;3;L051;7;11;14
2026;3;L051;7;12;7
2026;3;L051;7;13;7
2026;3;L051;7;14;3
2026;3;L051;7;15;5
2026;3;L051;7;16;9
2026;3;L051;7;17;8
2026;3;L051;7;18;5
2026;3;L051;7;19;6
2026;3;L051;7;20;3
2026;3;L051;7;21;1
2026;4;L051;1;8;45
2026;4;L051;1;9;107
2026;4;L051;1;10;120
2026;4;L051;1;11;103
2026;4;L051;1;12;148
2026;4;L051;1;13;108
2026;4;L051;1;14;94
2026;4;L051;1;15;117
2026;4;L051;1;16;147
2026;4;L051;1;17;138
2026;4;L051;1;18;113
2026;4;L051;1;19;146
2026;4;L051;1;20;53
2026;4;L051;1;21;18
2026;4;L051;2;8;52
2026;4;L051;2;9;79
2026;4;L051;2;10;140
2026;4;L051;2;11;141
2026;4;L051;2;12;116
2026;4;L051;2;13;141
2026;4;L051;2;14;62
2026;4;L051;2;15;74
2026;4;L051;2;16;168
2026;4;L051;2;17;147
2026;4;L051;2;18;97
2026;4;L051;2;19;103
2026;4;L051;2;20;45
2026;4;L051;2;21;37
2026;4;L051;3;8;38
2026;4;L051;3;9;131
2026;4;L051;3;10;146
2026;4;L051;3;11;181
2026;4;L051;3;12;182
2026;4;L051;3;13;63
2026;4;L051;3;14;81
2026;4;L051;3;15;115
2026;4;L051;3;16;105
2026;4;L051;3;17;151
2026;4;L051;3;18;81
2026;4;L051;3;19;140
2026;4;L051;3;20;73
2026;4;L051;3;21;25
2026;4;L051;4;8;57
2026;4;L051;4;9;167
2026;4;L051;4;10;208
2026;4;L051;4;11;134
2026;4;L051;4;12;257
2026;4;L051;4;13;109
2026;4;L051;4;14;72
2026;4;L051;4;15;60
2026;4;L051;4;16;113
2026;4;L051;4;17;175
2026;4;L051;4;18;209
2026;4;L051;4;19;119
2026;4;L051;4;20;38
2026;4;L051;4;21;23
2026;4;L051;5;8;38
2026;4;L051;5;9;99
2026;4;L051;5;10;171
2026;4;L051;5;11;207
2026;4;L051;5;12;168
2026;4;L051;5;13;106
2026;4;L051;5;14;65
2026;4;L051;5;15;98
2026;4;L051;5;16;218
2026;4;L051;5;17;232
2026;4;L051;5;18;136
2026;4;L051;5;19;165
2026;4;L051;5;20;54
2026;4;L051;5;21;19
2026;4;L051;6;8;19
2026;4;L051;6;9;39
2026;4;L051;6;10;45
2026;4;L051;6;11;63
2026;4;L051;6;12;53
2026;4;L051;6;13;72
2026;4;L051;6;14;31
2026;4;L051;6;15;25
2026;4;L051;6;16;67
2026;4;L051;6;17;64
2026;4;L051;6;18;73
2026;4;L051;6;19;63
2026;4;L051;6;20;13
2026;4;L051;6;21;8
2026;4;L051;7;8;2
2026;4;L051;7;9;4
2026;4;L051;7;10;8
2026;4;L051;7;11;6
2026;4;L051;7;12;8
2026;4;L051;7;13;4
2026;4;L051;7;14;4
2026;4;L051;7;15;5
2026;4;L051;7;16;7
2026;4;L051;7;17;8
2026;4;L051;7;18;8
2026;4;L051;7;19;4
2026;4;L051;7;20;3
2026;4;L051;7;21;1
2026;5;L051;1;8;57
2026;5;L051;1;9;91
2026;5;L051;1;10;147
2026;5;L051;1;11;165
2026;5;L051;1;12;143
2026;5;L051;1;13;113
2026;5;L051;1;14;79
2026;5;L051;1;15;81
2026;5;L051;1;16;183
2026;5;L051;1;17;147
2026;5;L051;1;18;111
2026;5;L051;1;19;74
2026;5;L051;1;20;43
2026;5;L051;1;21;18
2026;5;L051;2;8;74
2026;5;L051;2;9;142
2026;5;L051;2;10;119
2026;5;L051;2;11;158
2026;5;L051;2;12;125
2026;5;L051;2;13;130
2026;5;L051;2;14;82
2026;5;L051;2;15;107
2026;5;L051;2;16;174
2026;5;L051;2;17;125
2026;5;L051;2;18;164
2026;5;L051;2;19;97
2026;5;L051;2;20;57
2026;5;L051;2;21;15
2026;5;L051;3;8;60
2026;5;L051;3;9;119
2026;5;L051;3;10;143
2026;5;L051;3;11;145
2026;5;L051;3;12;97
2026;5;L051;3;13;97
2026;5;L051;3;14;56
2026;5;L051;3;15;76
2026;5;L051;3;16;110
2026;5;L051;3;17;126
2026;5;L051;3;18;114
2026;5;L051;3;19;148
2026;5;L051;3;20;58
2026;5;L051;3;21;14
2026;5;L051;4;8;64
2026;5;L051;4;9;143
2026;5;L051;4;10;98
2026;5;L051;4;11;174
2026;5;L051;4;12;125
2026;5;L051;4;13;90
2026;5;L051;4;14;71
2026;5;L051;4;15;93
2026;5;L051;4;16;126
2026;5;L051;4;17;161
2026;5;L051;4;18;127
2026;5;L051;4;19;111
2026;5;L051;4;20;63
2026;5;L051;4;21;21
2026;5;L051;5;8;74
2026;5;L051;5;9;117
2026;5;L051;5;10;172
2026;5;L051;5;11;227
2026;5;L051;5;12;175
2026;5;L051;5;13;82
2026;5;L051;5;14;83
2026;5;L051;5;15;104
2026;5;L051;5;16;217
2026;5;L051;5;17;183
2026;5;L051;5;18;179
2026;5;L051;5;19;101
2026;5;L051;5;20;40
2026;5;L051;5;21;27
2026;5;L051;6;8;20
2026;5;L051;6;9;60
2026;5;L051;6;10;54
2026;5;L051;6;11;82
2026;5;L051;6;12;73
2026;5;L051;6;13;33
2026;5;L051;6;14;26
2026;5;L051;6;15;41
2026;5;L051;6;16;67
2026;5;L051;6;17;58
2026;5;L051;6;18;65
2026;5;L051;6;19;31
2026;5;L051;6;20;28
2026;5;L051;6;21;7
2026;5;L051;7;8;3
2026;5;L051;7;9;7
2026;5;L051;7;10;9
2026;5;L051;7;11;9
2026;5;L051;7;12;5
2026;5;L051;7;13;4
2026;5;L051;7;14;3
2026;5;L051;7;15;4
2026;5;L051;7;16;7
2026;5;L051;7;17;10
2026;5;L051;7;18;4
2026;5;L051;7;19;6
2026;5;L051;7;20;3
2026;5;L051;7;21;1
2026;6;L051;1;8;58
2026;6;L051;1;9;123
2026;6;L051;1;10;144
2026;6;L051;1;11;151
2026;6;L051;1;12;146
2026;6;L051;1;13;161
2026;6;L051;1;14;64
2026;6;L051;1;15;152
2026;6;L051;1;16;117
2026;6;L051;1;17;205
2026;6;L051;1;18;188
2026;6;L051;1;19;130
2026;6;L051;1;20;33
2026;6;L051;1;21;18
2026;6;L051;2;8;47
2026;6;L051;2;9;112
2026;6;L051;2;10;124
2026;6;L051;2;11;159
2026;6;L051;2;12;130
2026;6;L051;2;13;129
2026;6;L051;2;14;56
2026;6;L051;2;15;84
2026;6;L051;2;16;168
2026;6;L051;2;17;229
2026;6;L051;2;18;168
2026;6;L051;2;19;221
2026;6;L051;2;20;57
2026;6;L051;2;21;18
2026;6;L051;3;8;33
2026;6;L051;3;9;101
2026;6;L051;3;10;71
2026;6;L051;3;11;193
2026;6;L051;3;12;186
2026;6;L051;3;13;135
2026;6;L051;3;14;62
2026;6;L051;3;15;156
2026;6;L051;3;16;140
2026;6;L051;3;17;147
2026;6;L051;3;18;164
2026;6;L051;3;19;180
2026;6;L051;3;20;69
2026;6;L051;3;21;14
2026;6;L051;4;8;53
2026;6;L051;4;9;133
2026;6;L051;4;10;229
2026;6;L051;4;11;145
2026;6;L051;4;12;138
2026;6;L051;4;13;161
2026;6;L051;4;14;59
2026;6;L051;4;15;90
2026;6;L051;4;16;162
2026;6;L051;4;17;85
2026;6;L051;4;18;97
2026;6;L051;4;19;105
2026;6;L051;4;20;38
2026;6;L051;4;21;21
2026;6;L051;5;8;42
2026;6;L051;5;9;83
2026;6;L051;5;10;181
2026;6;L051;5;11;174
2026;6;L051;5;12;103
2026;6;L051;5;13;137
2026;6;L051;5;14;65
2026;6;L051;5;15;66
2026;6;L051;5;16;222
2026;6;L051;5;17;196
2026;6;L051;5;18;164
2026;6;L051;5;19;104
2026;6;L051;5;20;45
2026;6;L051;5;21;16
2026;6;L051;6;8;19
2026;6;L051;6;9;55
2026;6;L051;6;10;54
2026;6;L051;6;11;73
2026;6;L051;6;12;69
2026;6;L051;6;13;61
2026;6;L051;6;14;35
2026;6;L051;6;15;43
2026;6;L051;6;16;41
2026;6;L051;6;17;54
2026;6;L051;6;18;59
2026;6;L051;6;19;34
2026;6;L051;6;20;28
2026;6;L051;6;21;11
2026;6;L051;7;8;5
2026;6;L051;7;9;5
2026;6;L051;7;10;8
2026;6;L051;7;11;11
2026;6;L051;7;12;5
2026;6;L051;7;13;5
2026;6;L051;7;14;3
2026;6;L051;7;15;4
2026;6;L051;7;16;9
2026;6;L051;7;17;6
2026;6;L051;7;18;9
2026;6;L051;7;19;4
2026;6;L051;7;20;2
2026;6;L051;7;21;1
2026;7;L051;1;8;52
2026;7;L051;1;9;145
2026;7;L051;1;10;133
2026;7;L051;1;11;159
2026;7;L051;1;12;278
2026;7;L051;1;13;96
2026;7;L051;1;14;112
2026;7;L051;1;15;65
2026;7;L051;1;16;127
2026;7;L051;1;17;172
2026;7;L051;1;18;121
2026;7;L051;1;19;116
2026;7;L051;1;20;47
2026;7;L051;1;21;18
2026;7;L051;2;8;48
2026;7;L051;2;9;84
2026;7;L051;2;10;138
2026;7;L051;2;11;134
2026;7;L051;2;12;153
2026;7;L051;2;13;117
2026;7;L051;2;14;78
2026;7;L051;2;15;127
2026;7;L051;2;16;158
2026;7;L051;2;17;146
2026;7;L051;2;18;113
2026;7;L051;2;19;104
2026;7;L051;2;20;66
2026;7;L051;2;21;17
2026;7;L051;3;8;46
2026;7;L051;3;9;109
2026;7;L051;3;10;145
2026;7;L051;3;11;180
2026;7;L051;3;12;87
2026;7;L051;3;13;93
2026;7;L051;3;14;99
2026;7;L051;3;15;179
2026;7;L051;3;16;120
2026;7;L051;3;17;170
2026;7;L051;3;18;123
2026;7;L051;3;19;137
2026;7;L051;3;20;75
2026;7;L051;3;21;21
2026;7;L051;4;8;48
2026;7;L051;4;9;126
2026;7;L051;4;10;115
2026;7;L051;4;11;183
2026;7;L051;4;12;94
2026;7;L051;4;13;142
2026;7;L051;4;14;67
2026;7;L051;4;15;119
2026;7;L051;4;16;117
2026;7;L051;4;17;180
2026;7;L051;4;18;210
2026;7;L051;4;19;95
2026;7;L051;4;20;66
2026;7;L051;4;21;21
2026;7;L051;5;8;42
2026;7;L051;5;9;141
2026;7;L051;5;10;237
2026;7;L051;5;11;181
2026;7;L051;5;12;146
2026;7;L051;5;13;196
2026;7;L051;5;14;87
2026;7;L051;5;15;75
2026;7;L051;5;16;145
2026;7;L051;5;17;156
2026;7;L051;5;18;123
2026;7;L051;5;19;123
2026;7;L051;5;20;42
2026;7;L051;5;21;18
2026;7;L051;6;8;29
2026;7;L051;6;9;50
2026;7;L051;6;10;54
2026;7;L051;6;11;59
2026;7;L051;6;12;61
2026;7;L051;6;13;59
2026;7;L051;6;14;31
2026;7;L051;6;15;31
2026;7;L051;6;16;72
2026;7;L051;6;17;80
2026;7;L051;6;18;79
2026;7;L051;6;19;43
2026;7;L051;6;20;22
2026;7;L051;6;21;9
2026;7;L051;7;8;3
2026;7;L051;7;9;4
2026;7;L051;7;10;4
2026;7;L051;7;11;7
2026;7;L051;7;12;9
2026;7;L051;7;13;4
2026;7;L051;7;14;3
2026;7;L051;7;15;6
2026;7;L051;7;16;7
2026;7;L051;7;17;6
2026;7;L051;7;18;6
2026;7;L051;7;19;4
2026;7;L051;7;20;3
2026;7;L051;7;21;1
2026;8;L051;1;8;47
2026;8;L051;1;9;89
2026;8;L051;1;10;132
2026;8;L051;1;11;250
2026;8;L051;1;12;131
2026;8;L051;1;13;118
2026;8;L051;1;14;74
2026;8;L051;1;15;96
2026;8;L051;1;16;181
2026;8;L051;1;17;125
2026;8;L051;1;18;170
2026;8;L051;1;19;183
2026;8;L051;1;20;39
2026;8;L051;1;21;14
2026;8;L051;2;8;49
2026;8;L051;2;9;76
2026;8;L051;2;10;114
2026;8;L051;2;11;140
2026;8;L051;2;12;195
2026;8;L051;2;13;127
2026;8;L051;2;14;60
2026;8;L051;2;15;100
2026;8;L051;2;16;174
2026;8;L051;2;17;156
2026;8;L051;2;18;184
2026;8;L051;2;19;151
2026;8;L051;2;20;59
2026;8;L051;2;21;20
2026;8;L051;3;8;41
2026;8;L051;3;9;118
2026;8;L051;3;10;144
2026;8;L051;3;11;142
2026;8;L051;3;12;137
2026;8;L051;3;13;96
2026;8;L051;3;14;60
2026;8;L051;3;15;127
2026;8;L051;3;16;124
2026;8;L051;3;17;198
2026;8;L051;3;18;164
2026;8;L051;3;19;118
2026;8;L051;3;20;58
2026;8;L051;3;21;20
2026;8;L051;4;8;49
2026;8;L051;4;9;93
2026;8;L051;4;10;140
2026;8;L051;4;11;267
2026;8;L051;4;12;181
2026;8;L051;4;13;185
2026;8;L051;4;14;49
2026;8;L051;4;15;97
2026;8;L051;4;16;192
2026;8;L051;4;17;174
2026;8;L051;4;18;94
2026;8;L051;4;19;127
2026;8;L051;4;20;44
2026;8;L051;4;21;22
2026;8;L051;5;8;48
2026;8;L051;5;9;118
2026;8;L051;5;10;224
2026;8;L051;5;11;258
2026;8;L051;5;12;148
2026;8;L051;5;13;116
2026;8;L051;5;14;60
2026;8;L051;5;15;94
2026;8;L051;5;16;108
2026;8;L051;5;17;173
2026;8;L051;5;18;136
2026;8;L051;5;19;113
2026;8;L051;5;20;35
2026;8;L051;5;21;28
2026;8;L051;6;8;25
2026;8;L051;6;9;42
2026;8;L051;6;10;63
2026;8;L051;6;11;45
2026;8;L051;6;12;75
2026;8;L051;6;13;42
2026;8;L051;6;14;26
2026;8;L051;6;15;34
2026;8;L051;6;16;41
2026;8;L051;6;17;92
2026;8;L051;6;18;68
2026;8;L051;6;19;69
2026;8;L051;6;20;21
2026;8;L051;6;21;6
2026;8;L051;7;8;3
2026;8;L051;7;9;5
2026;8;L051;7;10;8
2026;8;L051;7;11;6
2026;8;L051;7;12;6
2026;8;L051;7;13;8
2026;8;L051;7;14;2
2026;8;L051;7;15;5
2026;8;L051;7;16;9
2026;8;L051;7;17;7
2026;8;L051;7;18;5
2026;8;L051;7;19;5
2026;8;L051;7;20;3
2026;8;L051;7;21;1
2026;1;L054;1;8;10
2026;1;L054;1;9;20
2026;1;L054;1;10;31
2026;1;L054;1;11;34
2026;1;L054;1;12;23
2026;1;L054;1;13;18
2026;1;L054;1;14;14
2026;1;L054;1;15;15
2026;1;L054;1;16;21
2026;1;L054;1;17;30
2026;1;L054;1;18;30
2026;1;L054;1;19;31
2026;1;L054;1;20;8
2026;1;L054;1;21;2
2026;1;L054;2;8;11
2026;1;L054;2;9;17
2026;1;L054;2;10;30
2026;1;L054;2;11;42
2026;1;L054;2;12;30
2026;1;L054;2;13;23
2026;1;L054;2;14;11
2026;1;L054;2;15;16
2026;1;L054;2;16;20
2026;1;L054;2;17;37
2026;1;L054;2;18;27
2026;1;L054;2;19;17
2026;1;L054;2;20;9
2026;1;L054;2;21;4
2026;1;L054;3;8;10
2026;1;L054;3;9;17
2026;1;L054;3;10;22
2026;1;L054;3;11;27
2026;1;L054;3;12;22
2026;1;L054;3;13;25
2026;1;L054;3;14;14
2026;1;L054;3;15;23
2026;1;L054;3;16;15
2026;1;L054;3;17;25
2026;1;L054;3;18;28
2026;1;L054;3;19;15
2026;1;L054;3;20;8
2026;1;L054;3;21;4
2026;1;L054;4;8;8
2026;1;L054;4;9;22
2026;1;L054;4;10;36
2026;1;L054;4;11;50
2026;1;L054;4;12;21
2026;1;L054;4;13;22
2026;1;L054;4;14;12
2026;1;L054;4;15;15
2026;1;L054;4;16;26
2026;1;L054;4;17;18
2026;1;L054;4;18;34
2026;1;L054;4;19;15
2026;1;L054;4;20;8
2026;1;L054;4;21;3
2026;1;L054;5;8;13
2026;1;L054;5;9;31
2026;1;L054;5;10;25
2026;1;L054;5;11;35
2026;1;L054;5;12;39
2026;1;L054;5;13;20
2026;1;L054;5;14;10
2026;1;L054;5;15;21
2026;1;L054;5;16;28
2026;1;L054;5;17;34
2026;1;L054;5;18;23
2026;1;L054;5;19;26
2026;1;L054;5;20;7
2026;1;L054;5;21;5
2026;1;L054;6;8;6
2026;1;L054;6;9;11
2026;1;L054;6;10;6
2026;1;L054;6;11;10
2026;1;L054;6;12;11
2026;1;L054;6;13;9
2026;1;L054;6;14;6
2026;1;L054;6;15;6
2026;1;L054;6;16;8
2026;1;L054;6;17;10
2026;1;L054;6;18;13
2026;1;L054;6;19;7
2026;1;L054;6;20;6
2026;1;L054;6;21;2
2026;1;L054;7;8;1
2026;1;L054;7;9;1
2026;1;L054;7;10;2
2026;1;L054;7;11;1
2026;1;L054;7;12;1
2026;1;L054;7;13;1
2026;1;L054;7;14;1
2026;1;L054;7;15;1
2026;1;L054;7;16;1
2026;1;L054;7;17;2
2026;1;L054;7;18;1
2026;1;L054;7;19;2
2026;2;L054;1;8;12
2026;2;L054;1;9;16
2026;2;L054;1;10;36
2026;2;L054;1;11;26
2026;2;L054;1;12;24
2026;2;L054;1;13;19
2026;2;L054;1;14;10
2026;2;L054;1;15;13
2026;2;L054;1;16;23
2026;2;L054;1;17;25
2026;2;L054;1;18;26
2026;2;L054;1;19;23
2026;2;L054;1;20;5
2026;2;L054;1;21;3
2026;2;L054;2;8;10
2026;2;L054;2;9;21
2026;2;L054;2;10;16
2026;2;L054;2;11;24
2026;2;L054;2;12;28
2026;2;L054;2;13;19
2026;2;L054;2;14;11
2026;2;L054;2;15;16
2026;2;L054;2;16;22
2026;2;L054;2;17;35
2026;2;L054;2;18;29
2026;2;L054;2;19;18
2026;2;L054;2;20;15
2026;2;L054;2;21;3
2026;2;L054;3;8;15
2026;2;L054;3;9;11
2026;2;L054;3;10;17
2026;2;L054;3;11;28
2026;2;L054;3;12;25
2026;2;L054;3;13;13
2026;2;L054;3;14;9
2026;2;L054;3;15;20
2026;2;L054;3;16;34
2026;2;L054;3;17;16
2026;2;L054;3;18;22
2026;2;L054;3;19;12
2026;2;L054;3;20;9
2026;2;L054;3;21;2
2026;2;L054;4;8;9
2026;2;L054;4;9;16
2026;2;L054;4;10;30
2026;2;L054;4;11;23
2026;2;L054;4;12;26
2026;2;L054;4;13;16
2026;2;L054;4;14;11
2026;2;L054;4;15;10
2026;2;L054;4;16;30
2026;2;L054;4;17;16
2026;2;L054;4;18;17
2026;2;L054;4;19;14
2026;2;L054;4;20;11
2026;2;L054;4;21;3
2026;2;L054;5;8;6
2026;2;L054;5;9;22
2026;2;L054;5;10;49
2026;2;L054;5;11;37
2026;2;L054;5;12;19
2026;2;L054;5;13;25
2026;2;L054;5;14;10
2026;2;L054;5;15;18
2026;2;L054;5;16;21
2026;2;L054;5;17;29
2026;2;L054;5;18;22
2026;2;L054;5;19;28
2026;2;L054;5;20;11
2026;2;L054;5;21;3
2026;2;L054;6;8;6
2026;2;L054;6;9;10
2026;2;L054;6;10;8
2026;2;L054;6;11;15
2026;2;L054;6;12;11
2026;2;L054;6;13;9
2026;2;L054;6;14;5
2026;2;L054;6;15;8
2026;2;L054;6;16;13
2026;2;L054;6;17;10
2026;2;L054;6;18;7
2026;2;L054;6;19;7
2026;2;L054;6;20;4
2026;2;L054;6;21;1
2026;2;L054;7;9;1
2026;2;L054;7;10;2
2026;2;L054;7;11;1
2026;2;L054;7;12;1
2026;2;L054;7;13;1
2026;2;L054;7;14;1
2026;2;L054;7;15;1
2026;2;L054;7;16;1
2026;2;L054;7;17;1
2026;2;L054;7;18;2
2026;2;L054;7;19;1
2026;3;L054;1;8;12
2026;3;L054;1;9;17
2026;3;L054;1;10;38
2026;3;L054;1;11;19
2026;3;L054;1;12;29
2026;3;L054;1;13;30
2026;3;L054;1;14;13
2026;3;L054;1;15;30
2026;3;L054;1;16;30
2026;3;L054;1;17;45
2026;3;L054;1;18;28
2026;3;L054;1;19;18
2026;3;L054;1;20;7
2026;3;L054;1;21;5
2026;3;L054;2;8;14
2026;3;L054;2;9;14
2026;3;L054;2;10;35
2026;3;L054;2;11;48
2026;3;L054;2;12;22
2026;3;L054;2;13;12
2026;3;L054;2;14;10
2026;3;L054;2;15;10
2026;3;L054;2;16;30
2026;3;L054;2;17;27
2026;3;L054;2;18;25
2026;3;L054;2;19;25
2026;3;L054;2;20;13
2026;3;L054;2;21;3
2026;3;L054;3;8;13
2026;3;L054;3;9;16
2026;3;L054;3;10;40
2026;3;L054;3;11;33
2026;3;L054;3;12;29
2026;3;L054;3;13;21
2026;3;L054;3;14;12
2026;3;L054;3;15;20
2026;3;L054;3;16;40
2026;3;L054;3;17;26
2026;3;L054;3;18;20
2026;3;L054;3;19;16
2026;3;L054;3;20;10
2026;3;L054;3;21;5
2026;3;L054;4;8;7
2026;3;L054;4;9;18
2026;3;L054;4;10;34
2026;3;L054;4;11;28
2026;3;L054;4;12;23
2026;3;L054;4;13;33
2026;3;L054;4;14;11
2026;3;L054;4;15;18
2026;3;L054;4;16;29
2026;3;L054;4;17;48
2026;3;L054;4;18;18
2026;3;L054;4;19;34
2026;3;L054;4;20;10
2026;3;L054;4;21;6
2026;3;L054;5;8;10
2026;3;L054;5;9;28
2026;3;L054;5;10;38
2026;3;L054;5;11;43
2026;3;L054;5;12;35
2026;3;L054;5;13;41
2026;3;L054;5;14;11
2026;3;L054;5;15;34
2026;3;L054;5;16;28
2026;3;L054;5;17;30
2026;3;L054;5;18;19
2026;3;L054;5;19;24
2026;3;L054;5;20;11
2026;3;L054;5;21;5
2026;3;L054;6;8;4
2026;3;L054;6;9;7
2026;3;L054;6;10;12
2026;3;L054;6;11;12
2026;3;L054;6;12;13
2026;3;L054;6;13;10
2026;3;L054;6;14;8
2026;3;L054;6;15;11
2026;3;L054;6;16;11
2026;3;L054;6;17;13
2026;3;L054;6;18;11
2026;3;L054;6;19;9
2026;3;L054;6;20;6
2026;3;L054;6;21;2
2026;3;L054;7;8;1
2026;3;L054;7;9;1
2026;3;L054;7;10;3
2026;3;L054;7;11;3
2026;3;L054;7;12;2
2026;3;L054;7;13;1
2026;3;L054;7;14;1
2026;3;L054;7;15;1
2026;3;L054;7;16;2
2026;3;L054;7;17;2
2026;3;L054;7;18;2
2026;3;L054;7;19;2
2026;3;L054;7;20;1
2026;4;L054;1;8;13
2026;4;L054;1;9;22
2026;4;L054;1;10;36
2026;4;L054;1;11;31
2026;4;L054;1;12;25
2026;4;L054;1;13;32
2026;4;L054;1;14;8
2026;4;L054;1;15;16
2026;4;L054;1;16;23
2026;4;L054;1;17;39
2026;4;L054;1;18;33
2026;4;L054;1;19;17
2026;4;L054;1;20;9
2026;4;L054;1;21;3
2026;4;L054;2;8;9
2026;4;L054;2;9;18
2026;4;L054;2;10;18
2026;4;L054;2;11;32
2026;4;L054;2;12;18
2026;4;L054;2;13;35
2026;4;L054;2;14;11
2026;4;L054;2;15;22
2026;4;L054;2;16;17
2026;4;L054;2;17;28
2026;4;L054;2;18;28
2026;4;L054;2;19;19
2026;4;L054;2;20;5
2026;4;L054;2;21;4
2026;4;L054;3;8;14
2026;4;L054;3;9;30
2026;4;L054;3;10;33
2026;4;L054;3;11;38
2026;4;L054;3;12;33
2026;4;L054;3;13;25
2026;4;L054;3;14;12
2026;4;L054;3;15;23
2026;4;L054;3;16;29
2026;4;L054;3;17;27
2026;4;L054;3;18;25
2026;4;L054;3;19;24
2026;4;L054;3;20;13
2026;4;L054;3;21;3
2026;4;L054;4;8;12
2026;4;L054;4;9;16
2026;4;L054;4;10;24
2026;4;L054;4;11;35
2026;4;L054;4;12;30
2026;4;L054;4;13;19
2026;4;L054;4;14;15
2026;4;L054;4;15;14
2026;4;L054;4;16;18
2026;4;L054;4;17;38
2026;4;L054;4;18;26
2026;4;L054;4;19;25
2026;4;L054;4;20;10
2026;4;L054;4;21;3
2026;4;L054;5;8;8
2026;4;L054;5;9;17
2026;4;L054;5;10;27
2026;4;L054;5;11;36
2026;4;L054;5;12;20
2026;4;L054;5;13;33
2026;4;L054;5;14;13
2026;4;L054;5;15;16
2026;4;L054;5;16;40
2026;4;L054;5;17;17
2026;4;L054;5;18;41
2026;4;L054;5;19;21
2026;4;L054;5;20;12
2026;4;L054;5;21;4
2026;4;L054;6;8;5
2026;4;L054;6;9;10
2026;4;L054;6;10;8
2026;4;L054;6;11;14
2026;4;L054;6;12;10
2026;4;L054;6;13;10
2026;4;L054;6;14;5
2026;4;L054;6;15;6
2026;4;L054;6;16;14
2026;4;L054;6;17;11
2026;4;L054;6;18;10
2026;4;L054;6;19;12
2026;4;L054;6;20;3
2026;4;L054;6;21;2
2026;4;L054;7;8;1
2026;4;L054;7;9;1
2026;4;L054;7;10;1
2026;4;L054;7;11;2
2026;4;L054;7;12;2
2026;4;L054;7;13;1
2026;4;L054;7;14;1
2026;4;L054;7;15;1
2026;4;L054;7;16;2
2026;4;L054;7;17;1
2026;4;L054;7;18;1
2026;4;L054;7;19;1
2026;5;L054;1;8;13
2026;5;L054;1;9;28
2026;5;L054;1;10;48
2026;5;L054;1;11;36
2026;5;L054;1;12;50
2026;5;L054;1;13;28
2026;5;L054;1;14;18
2026;5;L054;1;15;19
2026;5;L054;1;16;25
2026;5;L054;1;17;42
2026;5;L054;1;18;49
2026;5;L054;1;19;21
2026;5;L054;1;20;8
2026;5;L054;1;21;4
2026;5;L054;2;8;9
2026;5;L054;2;9;18
2026;5;L054;2;10;28
2026;5;L054;2;11;41
2026;5;L054;2;12;21
2026;5;L054;2;13;19
2026;5;L054;2;14;14
2026;5;L054;2;15;17
2026;5;L054;2;16;24
2026;5;L054;2;17;28
2026;5;L054;2;18;39
2026;5;L054;2;19;27
2026;5;L054;2;20;19
2026;5;L054;2;21;4
2026;5;L054;3;8;7
2026;5;L054;3;9;20
2026;5;L054;3;10;40
2026;5;L054;3;11;32
2026;5;L054;3;12;34
2026;5;L054;3;13;24
2026;5;L054;3;14;14
2026;5;L054;3;15;20
2026;5;L054;3;16;33
2026;5;L054;3;17;43
2026;5;L054;3;18;24
2026;5;L054;3;19;24
2026;5;L054;3;20;15
2026;5;L054;3;21;4
2026;5;L054;4;8;7
2026;5;L054;4;9;23
2026;5;L054;4;10;29
2026;5;L054;4;11;31
2026;5;L054;4;12;31
2026;5;L054;4;13;31
2026;5;L054;4;14;10
2026;5;L054;4;15;18
2026;5;L054;4;16;16
2026;5;L054;4;17;31
2026;5;L054;4;18;32
2026;5;L054;4;19;18
2026;5;L054;4;20;8
2026;5;L054;4;21;6
2026;5;L054;5;8;11
2026;5;L054;5;9;24
2026;5;L054;5;10;23
2026;5;L054;5;11;43
2026;5;L054;5;12;41
2026;5;L054;5;13;25
2026;5;L054;5;14;9
2026;5;L054;5;15;24
2026;5;L054;5;16;41
2026;5;L054;5;17;40
2026;5;L054;5;18;53
2026;5;L054;5;19;21
2026;5;L054;5;20;8
2026;5;L054;5;21;3
2026;5;L054;6;8;5
2026;5;L054;6;9;8
2026;5;L054;6;10;11
2026;5;L054;6;11;12
2026;5;L054;6;12;18
2026;5;L054;6;13;14
2026;5;L054;6;14;7
2026;5;L054;6;15;8
2026;5;L054;6;16;12
2026;5;L054;6;17;15
2026;5;L054;6;18;15
2026;5;L054;6;19;9
2026;5;L054;6;20;3
2026;5;L054;6;21;1
2026;5;L054;7;8;1
2026;5;L054;7;9;1
2026;5;L054;7;10;2
2026;5;L054;7;11;1
2026;5;L054;7;12;2
2026;5;L054;7;13;2
2026;5;L054;7;14;1
2026;5;L054;7;15;1
2026;5;L054;7;16;2
2026;5;L054;7;17;1
2026;5;L054;7;18;1
2026;5;L054;7;19;1
2026;5;L054;7;20;1
2026;6;L054;1;8;16
2026;6;L054;1;9;30
2026;6;L054;1;10;45
2026;6;L054;1;11;27
2026;6;L054;1;12;29
2026;6;L054;1;13;45
2026;6;L054;1;14;18
2026;6;L054;1;15;20
2026;6;L054;1;16;23
2026;6;L054;1;17;23
2026;6;L054;1;18;22
2026;6;L054;1;19;19
2026;6;L054;1;20;8
2026;6;L054;1;21;3
2026;6;L054;2;8;11
2026;6;L054;2;9;17
2026;6;L054;2;10;64
2026;6;L054;2;11;35
2026;6;L054;2;12;53
2026;6;L054;2;13;26
2026;6;L054;2;14;16
2026;6;L054;2;15;17
2026;6;L054;2;16;38
2026;6;L054;2;17;36
2026;6;L054;2;18;28
2026;6;L054;2;19;20
2026;6;L054;2;20;10
2026;6;L054;2;21;3
2026;6;L054;3;8;12
2026;6;L054;3;9;19
2026;6;L054;3;10;32
2026;6;L054;3;11;27
2026;6;L054;3;12;29
2026;6;L054;3;13;39
2026;6;L054;3;14;16
2026;6;L054;3;15;14
2026;6;L054;3;16;57
2026;6;L054;3;17;25
2026;6;L054;3;18;36
2026;6;L054;3;19;23
2026;6;L054;3;20;8
2026;6;L054;3;21;3
2026;6;L054;4;8;12
2026;6;L054;4;9;29
2026;6;L054;4;10;40
2026;6;L054;4;11;29
2026;6;L054;4;12;34
2026;6;L054;4;13;24
2026;6;L054;4;14;18
2026;6;L054;4;15;23
2026;6;L054;4;16;28
2026;6;L054;4;17;20
2026;6;L054;4;18;33
2026;6;L054;4;19;22
2026;6;L054;4;20;8
2026;6;L054;4;21;4
2026;6;L054;5;8;15
2026;6;L054;5;9;26
2026;6;L054;5;10;35
2026;6;L054;5;11;22
2026;6;L054;5;12;40
2026;6;L054;5;13;63
2026;6;L054;5;14;18
2026;6;L054;5;15;24
2026;6;L054;5;16;32
2026;6;L054;5;17;35
2026;6;L054;5;18;30
2026;6;L054;5;19;32
2026;6;L054;5;20;16
2026;6;L054;5;21;4
2026;6;L054;6;8;4
2026;6;L054;6;9;10
2026;6;L054;6;10;18
2026;6;L054;6;11;12
2026;6;L054;6;12;11
2026;6;L054;6;13;13
2026;6;L054;6;14;5
2026;6;L054;6;15;5
2026;6;L054;6;16;19
2026;6;L054;6;17;16
2026;6;L054;6;18;19
2026;6;L054;6;19;11
2026;6;L054;6;20;4
2026;6;L054;6;21;1
2026;6;L054;7;9;1
2026;6;L054;7;10;1
2026;6;L054;7;11;1
2026;6;L054;7;12;1
2026;6;L054;7;13;1
2026;6;L054;7;14;1
2026;6;L054;7;15;1
2026;6;L054;7;16;1
2026;6;L054;7;17;1
2026;6;L054;7;18;2
2026;6;L054;7;19;2
2026;6;L054;7;20;1
2026;7;L054;1;8;12
2026;7;L054;1;9;22
2026;7;L054;1;10;34
2026;7;L054;1;11;23
2026;7;L054;1;12;45
2026;7;L054;1;13;31
2026;7;L054;1;14;16
2026;7;L054;1;15;26
2026;7;L054;1;16;34
2026;7;L054;1;17;39
2026;7;L054;1;18;42
2026;7;L054;1;19;25
2026;7;L054;1;20;21
2026;7;L054;1;21;3
2026;7;L054;2;8;16
2026;7;L054;2;9;24
2026;7;L054;2;10;43
2026;7;L054;2;11;37
2026;7;L054;2;12;39
2026;7;L054;2;13;28
2026;7;L054;2;14;14
2026;7;L054;2;15;27
2026;7;L054;2;16;26
2026;7;L054;2;17;38
2026;7;L054;2;18;26
2026;7;L054;2;19;20
2026;7;L054;2;20;12
2026;7;L054;2;21;8
2026;7;L054;3;8;12
2026;7;L054;3;9;26
2026;7;L054;3;10;27
2026;7;L054;3;11;22
2026;7;L054;3;12;31
2026;7;L054;3;13;32
2026;7;L054;3;14;13
2026;7;L054;3;15;15
2026;7;L054;3;16;31
2026;7;L054;3;17;27
2026;7;L054;3;18;26
2026;7;L054;3;19;16
2026;7;L054;3;20;11
2026;7;L054;3;21;4
2026;7;L054;4;8;13
2026;7;L054;4;9;19
2026;7;L054;4;10;35
2026;7;L054;4;11;35
2026;7;L054;4;12;30
2026;7;L054;4;13;28
2026;7;L054;4;14;25
2026;7;L054;4;15;27
2026;7;L054;4;16;35
2026;7;L054;4;17;46
2026;7;L054;4;18;21
2026;7;L054;4;19;25
2026;7;L054;4;20;16
2026;7;L054;4;21;5
2026;7;L054;5;8;13
2026;7;L054;5;9;32
2026;7;L054;5;10;33
2026;7;L054;5;11;28
2026;7;L054;5;12;23
2026;7;L054;5;13;15
2026;7;L054;5;14;15
2026;7;L054;5;15;21
2026;7;L054;5;16;33
2026;7;L054;5;17;26
2026;7;L054;5;18;40
2026;7;L054;5;19;27
2026;7;L054;5;20;10
2026;7;L054;5;21;4
2026;7;L054;6;8;7
2026;7;L054;6;9;10
2026;7;L054;6;10;13
2026;7;L054;6;11;15
2026;7;L054;6;12;9
2026;7;L054;6;13;8
2026;7;L054;6;14;6
2026;7;L054;6;15;12
2026;7;L054;6;16;11
2026;7;L054;6;17;12
2026;7;L054;6;18;19
2026;7;L054;6;19;9
2026;7;L054;6;20;7
2026;7;L054;6;21;1
2026;7;L054;7;9;2
2026;7;L054;7;10;2
2026;7;L054;7;11;2
2026;7;L054;7;12;2
2026;7;L054;7;13;2
2026;7;L054;7;15;1
2026;7;L054;7;16;2
2026;7;L054;7;17;2
2026;7;L054;7;18;1
2026;7;L054;7;19;1
2026;7;L054;7;20;1
2026;8;L054;1;8;12
2026;8;L054;1;9;21
2026;8;L054;1;10;29
2026;8;L054;1;11;27
2026;8;L054;1;12;36
2026;8;L054;1;13;34
2026;8;L054;1;14;17
2026;8;L054;1;15;20
2026;8;L054;1;16;33
2026;8;L054;1;17;37
2026;8;L054;1;18;27
2026;8;L054;1;19;41
2026;8;L054;1;20;8
2026;8;L054;1;21;3
2026;8;L054;2;8;8
2026;8;L054;2;9;16
2026;8;L054;2;10;30
2026;8;L054;2;11;25
2026;8;L054;2;12;27
2026;8;L054;2;13;20
2026;8;L054;2;14;13
2026;8;L054;2;15;17
2026;8;L054;2;16;20
2026;8;L054;2;17;25
2026;8;L054;2;18;41
2026;8;L054;2;19;29
2026;8;L054;2;20;11
2026;8;L054;2;21;5
2026;8;L054;3;8;12
2026;8;L054;3;9;19
2026;8;L054;3;10;38
2026;8;L054;3;11;33
2026;8;L054;3;12;28
2026;8;L054;3;13;31
2026;8;L054;3;14;13
2026;8;L054;3;15;16
2026;8;L054;3;16;30
2026;8;L054;3;17;37
2026;8;L054;3;18;27
2026;8;L054;3;19;22
2026;8;L054;3;20;9
2026;8;L054;3;21;4
2026;8;L054;4;8;10
2026;8;L054;4;9;17
2026;8;L054;4;10;26
2026;8;L054;4;11;28
2026;8;L054;4;12;30
2026;8;L054;4;13;18
2026;8;L054;4;14;12
2026;8;L054;4;15;23
2026;8;L054;4;16;25
2026;8;L054;4;17;19
2026;8;L054;4;18;20
2026;8;L054;4;19;31
2026;8;L054;4;20;16
2026;8;L054;4;21;3
2026;8;L054;5;8;15
2026;8;L054;5;9;20
2026;8;L054;5;10;28
2026;8;L054;5;11;49
2026;8;L054;5;12;28
2026;8;L054;5;13;39
2026;8;L054;5;14;11
2026;8;L054;5;15;21
2026;8;L054;5;16;26
2026;8;L054;5;17;34
2026;8;L054;5;18;48
2026;8;L054;5;19;29
2026;8;L054;5;20;12
2026;8;L054;5;21;6
2026;8;L054;6;8;3
2026;8;L054;6;9;9
2026;8;L054;6;10;13
2026;8;L054;6;11;28
2026;8;L054;6;12;12
2026;8;L054;6;13;13
2026;8;L054;6;14;5
2026;8;L054;6;15;8
2026;8;L054;6;16;15
2026;8;L054;6;17;9
2026;8;L054;6;18;11
2026;8;L054;6;19;10
2026;8;L054;6;20;4
2026;8;L054;6;21;2
2026;8;L054;7;9;1
2026;8;L054;7;10;2
2026;8;L054;7;11;2
2026;8;L054;7;12;2
2026;8;L054;7;13;2
2026;8;L054;7;14;1
2026;8;L054;7;15;1
2026;8;L054;7;16;1
2026;8;L054;7;17;2
2026;8;L054;7;18;1
2026;8;L054;7;19;1
2026;1;L058;1;8;5
2026;1;L058;1;9;9
2026;1;L058;1;10;16
2026;1;L058;1;11;24
2026;1;L058;1;12;16
2026;1;L058;1;13;9
2026;1;L058;1;14;5
2026;1;L058;1;15;8
2026;1;L058;1;16;13
2026;1;L058;1;17;13
2026;1;L058;1;18;16
2026;1;L058;1;19;13
2026;1;L058;1;20;4
2026;1;L058;1;21;2
2026;1;L058;2;8;6
2026;1;L058;2;9;13
2026;1;L058;2;10;14
2026;1;L058;2;11;14
2026;1;L058;2;12;10
2026;1;L058;2;13;11
2026;1;L058;2;14;9
2026;1;L058;2;15;6
2026;1;L058;2;16;15
2026;1;L058;2;17;18
2026;1;L058;2;18;22
2026;1;L058;2;19;10
2026;1;L058;2;20;7
2026;1;L058;2;21;1
2026;1;L058;3;8;4
2026;1;L058;3;9;13
2026;1;L058;3;10;20
2026;1;L058;3;11;13
2026;1;L058;3;12;16
2026;1;L058;3;13;7
2026;1;L058;3;14;10
2026;1;L058;3;15;10
2026;1;L058;3;16;18
2026;1;L058;3;17;24
2026;1;L058;3;18;15
2026;1;L058;3;19;9
2026;1;L058;3;20;5
2026;1;L058;3;21;2
2026;1;L058;4;8;6
2026;1;L058;4;9;12
2026;1;L058;4;10;12
2026;1;L058;4;11;13
2026;1;L058;4;12;17
2026;1;L058;4;13;10
2026;1;L058;4;14;5
2026;1;L058;4;15;10
2026;1;L058;4;16;27
2026;1;L058;4;17;16
2026;1;L058;4;18;23
2026;1;L058;4;19;9
2026;1;L058;4;20;6
2026;1;L058;4;21;3
2026;1;L058;5;8;5
2026;1;L058;5;9;11
2026;1;L058;5;10;15
2026;1;L058;5;11;16
2026;1;L058;5;12;16
2026;1;L058;5;13;13
2026;1;L058;5;14;6
2026;1;L058;5;15;11
2026;1;L058;5;16;24
2026;1;L058;5;17;21
2026;1;L058;5;18;20
2026;1;L058;5;19;19
2026;1;L058;5;20;12
2026;1;L058;5;21;1
2026;1;L058;6;8;2
2026;1;L058;6;9;5
2026;1;L058;6;10;6
2026;1;L058;6;11;5
2026;1;L058;6;12;5
2026;1;L058;6;13;5
2026;1;L058;6;14;3
2026;1;L058;6;15;4
2026;1;L058;6;16;5
2026;1;L058;6;17;4
2026;1;L058;6;18;7
2026;1;L058;6;19;5
2026;1;L058;6;20;2
2026;1;L058;6;21;1
2026;1;L058;7;9;1
2026;1;L058;7;10;1
2026;1;L058;7;11;1
2026;1;L058;7;12;1
2026;1;L058;7;13;1
2026;1;L058;7;14;1
2026;1;L058;7;16;1
2026;1;L058;7;17;1
2026;1;L058;7;18;1
2026;2;L058;1;8;4
2026;2;L058;1;9;20
2026;2;L058;1;10;21
2026;2;L058;1;11;18
2026;2;L058;1;12;20
2026;2;L058;1;13;21
2026;2;L058;1;14;7
2026;2;L058;1;15;10
2026;2;L058;1;16;13
2026;2;L058;1;17;12
2026;2;L058;1;18;13
2026;2;L058;1;19;12
2026;2;L058;1;20;7
2026;2;L058;1;21;2
2026;2;L058;2;8;6
2026;2;L058;2;9;10
2026;2;L058;2;10;12
2026;2;L058;2;11;11
2026;2;L058;2;12;13
2026;2;L058;2;13;10
2026;2;L058;2;14;7
2026;2;L058;2;15;7
2026;2;L058;2;16;16
2026;2;L058;2;17;16
2026;2;L058;2;18;15
2026;2;L058;2;19;10
2026;2;L058;2;20;6
2026;2;L058;2;21;1
2026;2;L058;3;8;4
2026;2;L058;3;9;9
2026;2;L058;3;10;11
2026;2;L058;3;11;14
2026;2;L058;3;12;15
2026;2;L058;3;13;12
2026;2;L058;3;14;6
2026;2;L058;3;15;8
2026;2;L058;3;16;11
2026;2;L058;3;17;9
2026;2;L058;3;18;8
2026;2;L058;3;19;10
2026;2;L058;3;20;4
2026;2;L058;3;21;1
2026;2;L058;4;8;6
2026;2;L058;4;9;10
2026;2;L058;4;10;16
2026;2;L058;4;11;17
2026;2;L058;4;12;14
2026;2;L058;4;13;14
2026;2;L058;4;14;8
2026;2;L058;4;15;9
2026;2;L058;4;16;15
2026;2;L058;4;17;10
2026;2;L058;4;18;15
2026;2;L058;4;19;15
2026;2;L058;4;20;7
2026;2;L058;4;21;3
2026;2;L058;5;8;7
2026;2;L058;5;9;9
2026;2;L058;5;10;17
2026;2;L058;5;11;21
2026;2;L058;5;12;26
2026;2;L058;5;13;10
2026;2;L058;5;14;6
2026;2;L058;5;15;14
2026;2;L058;5;16;12
2026;2;L058;5;17;21
2026;2;L058;5;18;21
2026;2;L058;5;19;16
2026;2;L058;5;20;5
2026;2;L058;5;21;2
2026;2;L058;6;8;3
2026;2;L058;6;9;3
2026;2;L058;6;10;5
2026;2;L058;6;11;5
2026;2;L058;6;12;7
2026;2;L058;6;13;7
2026;2;L058;6;14;3
2026;2;L058;6;15;5
2026;2;L058;6;16;6
2026;2;L058;6;17;8
2026;2;L058;6;18;4
2026;2;L058;6;19;5
2026;2;L058;6;20;2
2026;2;L058;6;21;1
2026;2;L058;7;9;1
2026;2;L058;7;10;1
2026;2;L058;7;11;1
2026;2;L058;7;12;1
2026;2;L058;7;13;1
2026;2;L058;7;16;1
2026;2;L058;7;17;1
2026;2;L058;7;18;1
2026;2;L058;7;19;1
2026;3;L058;1;8;6
2026;3;L058;1;9;9
2026;3;L058;1;10;28
2026;3;L058;1;11;20
2026;3;L058;1;12;18
2026;3;L058;1;13;12
2026;3;L058;1;14;10
2026;3;L058;1;15;9
2026;3;L058;1;16;33
2026;3;L058;1;17;30
2026;3;L058;1;18;11
2026;3;L058;1;19;14
2026;3;L058;1;20;6
2026;3;L058;1;21;2
2026;3;L058;2;8;6
2026;3;L058;2;9;9
2026;3;L058;2;10;8
2026;3;L058;2;11;15
2026;3;L058;2;12;12
2026;3;L058;2;13;14
2026;3;L058;2;14;5
2026;3;L058;2;15;8
2026;3;L058;2;16;16
2026;3;L058;2;17;11
2026;3;L058;2;18;14
2026;3;L058;2;19;5
2026;3;L058;2;20;4
2026;3;L058;2;21;2
2026;3;L058;3;8;5
2026;3;L058;3;9;12
2026;3;L058;3;10;19
2026;3;L058;3;11;25
2026;3;L058;3;12;11
2026;3;L058;3;13;20
2026;3;L058;3;14;11
2026;3;L058;3;15;8
2026;3;L058;3;16;14
2026;3;L058;3;17;20
2026;3;L058;3;18;22
2026;3;L058;3;19;14
2026;3;L058;3;20;8
2026;3;L058;3;21;2
2026;3;L058;4;8;4
2026;3;L058;4;9;14
2026;3;L058;4;10;11
2026;3;L058;4;11;20
2026;3;L058;4;12;16
2026;3;L058;4;13;11
2026;3;L058;4;14;7
2026;3;L058;4;15;21
2026;3;L058;4;16;17
2026;3;L058;4;17;10
2026;3;L058;4;18;16
2026;3;L058;4;19;15
2026;3;L058;4;20;5
2026;3;L058;4;21;2
2026;3;L058;5;8;6
2026;3;L058;5;9;18
2026;3;L058;5;10;12
2026;3;L058;5;11;23
2026;3;L058;5;12;24
2026;3;L058;5;13;21
2026;3;L058;5;14;7
2026;3;L058;5;15;10
2026;3;L058;5;16;17
2026;3;L058;5;17;22
2026;3;L058;5;18;26
2026;3;L058;5;19;17
2026;3;L058;5;20;5
2026;3;L058;5;21;2
2026;3;L058;6;8;3
2026;3;L058;6;9;7
2026;3;L058;6;10;7
2026;3;L058;6;11;10
2026;3;L058;6;12;5
2026;3;L058;6;13;5
2026;3;L058;6;14;5
2026;3;L058;6;15;5
2026;3;L058;6;16;5
2026;3;L058;6;17;8
2026;3;L058;6;18;6
2026;3;L058;6;19;4
2026;3;L058;6;20;2
2026;3;L058;6;21;1
2026;3;L058;7;10;1
2026;3;L058;7;11;2
2026;3;L058;7;12;1
2026;3;L058;7;13;1
2026;3;L058;7;16;1
2026;3;L058;7;17;1
2026;3;L058;7;18;1
2026;3;L058;7;19;1
2026;4;L058;1;8;6
2026;4;L058;1;9;9
2026;4;L058;1;10;16
2026;4;L058;1;11;14
2026;4;L058;1;12;21
2026;4;L058;1;13;12
2026;4;L058;1;14;6
2026;4;L058;1;15;12
2026;4;L058;1;16;11
2026;4;L058;1;17;19
2026;4;L058;1;18;17
2026;4;L058;1;19;18
2026;4;L058;1;20;11
2026;4;L058;1;21;2
2026;4;L058;2;8;6
2026;4;L058;2;9;14
2026;4;L058;2;10;19
2026;4;L058;2;11;16
2026;4;L058;2;12;13
2026;4;L058;2;13;13
2026;4;L058;2;14;9
2026;4;L058;2;15;11
2026;4;L058;2;16;15
2026;4;L058;2;17;20
2026;4;L058;2;18;12
2026;4;L058;2;19;11
2026;4;L058;2;20;5
2026;4;L058;2;21;2
2026;4;L058;3;8;7
2026;4;L058;3;9;10
2026;4;L058;3;10;15
2026;4;L058;3;11;15
2026;4;L058;3;12;11
2026;4;L058;3;13;13
2026;4;L058;3;14;6
2026;4;L058;3;15;11
2026;4;L058;3;16;14
2026;4;L058;3;17;21
2026;4;L058;3;18;18
2026;4;L058;3;19;13
2026;4;L058;3;20;7
2026;4;L058;3;21;1
2026;4;L058;4;8;4
2026;4;L058;4;9;7
2026;4;L058;4;10;21
2026;4;L058;4;11;17
2026;4;L058;4;12;20
2026;4;L058;4;13;16
2026;4;L058;4;14;6
2026;4;L058;4;15;8
2026;4;L058;4;16;13
2026;4;L058;4;17;17
2026;4;L058;4;18;11
2026;4;L058;4;19;10
2026;4;L058;4;20;7
2026;4;L058;4;21;2
2026;4;L058;5;8;6
2026;4;L058;5;9;10
2026;4;L058;5;10;18
2026;4;L058;5;11;18
2026;4;L058;5;12;15
2026;4;L058;5;13;8
2026;4;L058;5;14;8
2026;4;L058;5;15;10
2026;4;L058;5;16;13
2026;4;L058;5;17;14
2026;4;L058;5;18;13
2026;4;L058;5;19;20
2026;4;L058;5;20;5
2026;4;L058;5;21;2
2026;4;L058;6;8;3
2026;4;L058;6;9;5
2026;4;L058;6;10;7
2026;4;L058;6;11;7
2026;4;L058;6;12;7
2026;4;L058;6;13;3
2026;4;L058;6;14;3
2026;4;L058;6;15;3
2026;4;L058;6;16;8
2026;4;L058;6;17;5
2026;4;L058;6;18;9
2026;4;L058;6;19;3
2026;4;L058;6;20;3
2026;4;L058;6;21;1
2026;4;L058;7;10;1
2026;4;L058;7;11;1
2026;4;L058;7;12;1
2026;4;L058;7;13;1
2026;4;L058;7;16;1
2026;4;L058;7;17;1
2026;4;L058;7;18;1
2026;5;L058;1;8;6
2026;5;L058;1;9;17
2026;5;L058;1;10;20
2026;5;L058;1;11;19
2026;5;L058;1;12;19
2026;5;L058;1;13;21
2026;5;L058;1;14;12
2026;5;L058;1;15;12
2026;5;L058;1;16;16
2026;5;L058;1;17;18
2026;5;L058;1;18;20
2026;5;L058;1;19;12
2026;5;L058;1;20;6
2026;5;L058;1;21;3
2026;5;L058;2;8;6
2026;5;L058;2;9;13
2026;5;L058;2;10;11
2026;5;L058;2;11;10
2026;5;L058;2;12;10
2026;5;L058;2;13;16
2026;5;L058;2;14;16
2026;5;L058;2;15;9
2026;5;L058;2;16;14
2026;5;L058;2;17;16
2026;5;L058;2;18;16
2026;5;L058;2;19;12
2026;5;L058;2;20;6
2026;5;L058;2;21;4
2026;5;L058;3;8;5
2026;5;L058;3;9;9
2026;5;L058;3;10;31
2026;5;L058;3;11;15
2026;5;L058;3;12;16
2026;5;L058;3;13;7
2026;5;L058;3;14;8
2026;5;L058;3;15;10
2026;5;L058;3;16;20
2026;5;L058;3;17;17
2026;5;L058;3;18;20
2026;5;L058;3;19;9
2026;5;L058;3;20;6
2026;5;L058;3;21;1
2026;5;L058;4;8;7
2026;5;L058;4;9;7
2026;5;L058;4;10;12
2026;5;L058;4;11;26
2026;5;L058;4;12;15
2026;5;L058;4;13;9
2026;5;L058;4;14;6
2026;5;L058;4;15;10
2026;5;L058;4;16;16
2026;5;L058;4;17;16
2026;5;L058;4;18;14
2026;5;L058;4;19;11
2026;5;L058;4;20;7
2026;5;L058;4;21;3
2026;5;L058;5;8;11
2026;5;L058;5;9;13
2026;5;L058;5;10;29
2026;5;L058;5;11;20
2026;5;L058;5;12;17
2026;5;L058;5;13;19
2026;5;L058;5;14;4
2026;5;L058;5;15;11
2026;5;L058;5;16;17
2026;5;L058;5;17;20
2026;5;L058;5;18;15
2026;5;L058;5;19;13
2026;5;L058;5;20;5
2026;5;L058;5;21;2
2026;5;L058;6;8;3
2026;5;L058;6;9;5
2026;5;L058;6;10;7
2026;5;L058;6;11;7
2026;5;L058;6;12;8
2026;5;L058;6;13;8
2026;5;L058;6;14;3
2026;5;L058;6;15;4
2026;5;L058;6;16;5
2026;5;L058;6;17;7
2026;5;L058;6;18;7
2026;5;L058;6;19;5
2026;5;L058;6;20;2
2026;5;L058;6;21;1
2026;5;L058;7;9;1
2026;5;L058;7;10;1
2026;5;L058;7;11;1
2026;5;L058;7;12;1
2026;5;L058;7;13;1
2026;5;L058;7;16;1
2026;5;L058;7;17;1
2026;5;L058;7;18;1
2026;5;L058;7;19;1
2026;6;L058;1;8;6
2026;6;L058;1;9;11
2026;6;L058;1;10;14
2026;6;L058;1;11;19
2026;6;L058;1;12;27
2026;6;L058;1;13;12
2026;6;L058;1;14;14
2026;6;L058;1;15;10
2026;6;L058;1;16;13
2026;6;L058;1;17;19
2026;6;L058;1;18;22
2026;6;L058;1;19;7
2026;6;L058;1;20;5
2026;6;L058;1;21;2
2026;6;L058;2;8;5
2026;6;L058;2;9;18
2026;6;L058;2;10;19
2026;6;L058;2;11;15
2026;6;L058;2;12;14
2026;6;L058;2;13;15
2026;6;L058;2;14;6
2026;6;L058;2;15;15
2026;6;L058;2;16;12
2026;6;L058;2;17;18
2026;6;L058;2;18;14
2026;6;L058;2;19;11
2026;6;L058;2;20;6
2026;6;L058;2;21;3
2026;6;L058;3;8;5
2026;6;L058;3;9;11
2026;6;L058;3;10;16
2026;6;L058;3;11;22
2026;6;L058;3;12;15
2026;6;L058;3;13;17
2026;6;L058;3;14;7
2026;6;L058;3;15;10
2026;6;L058;3;16;15
2026;6;L058;3;17;20
2026;6;L058;3;18;18
2026;6;L058;3;19;13
2026;6;L058;3;20;6
2026;6;L058;3;21;2
2026;6;L058;4;8;10
2026;6;L058;4;9;12
2026;6;L058;4;10;16
2026;6;L058;4;11;20
2026;6;L058;4;12;27
2026;6;L058;4;13;21
2026;6;L058;4;14;5
2026;6;L058;4;15;13
2026;6;L058;4;16;24
2026;6;L058;4;17;18
2026;6;L058;4;18;21
2026;6;L058;4;19;17
2026;6;L058;4;20;5
2026;6;L058;4;21;2
2026;6;L058;5;8;5
2026;6;L058;5;9;18
2026;6;L058;5;10;12
2026;6;L058;5;11;19
2026;6;L058;5;12;20
2026;6;L058;5;13;10
2026;6;L058;5;14;13
2026;6;L058;5;15;15
2026;6;L058;5;16;18
2026;6;L058;5;17;26
2026;6;L058;5;18;16
2026;6;L058;5;19;15
2026;6;L058;5;20;9
2026;6;L058;5;21;2
2026;6;L058;6;8;3
2026;6;L058;6;9;4
2026;6;L058;6;10;7
2026;6;L058;6;11;6
2026;6;L058;6;12;8
2026;6;L058;6;13;8
2026;6;L058;6;14;4
2026;6;L058;6;15;3
2026;6;L058;6;16;5
2026;6;L058;6;17;7
2026;6;L058;6;18;5
2026;6;L058;6;19;5
2026;6;L058;6;20;2
2026;6;L058;6;21;1
2026;6;L058;7;10;1
2026;6;L058;7;11;1
2026;6;L058;7;12;1
2026;6;L058;7;13;1
2026;6;L058;7;16;1
2026;6;L058;7;17;1
2026;6;L058;7;18;1
2026;6;L058;7;19;1
2026;7;L058;1;8;10
2026;7;L058;1;9;16
2026;7;L058;1;10;16
2026;7;L058;1;11;21
2026;7;L058;1;12;26
2026;7;L058;1;13;14
2026;7;L058;1;14;9
2026;7;L058;1;15;16
2026;7;L058;1;16;10
2026;7;L058;1;17;14
2026;7;L058;1;18;18
2026;7;L058;1;19;13
2026;7;L058;1;20;6
2026;7;L058;1;21;2
2026;7;L058;2;8;6
2026;7;L058;2;9;13
2026;7;L058;2;10;14
2026;7;L058;2;11;18
2026;7;L058;2;12;26
2026;7;L058;2;13;10
2026;7;L058;2;14;8
2026;7;L058;2;15;9
2026;7;L058;2;16;12
2026;7;L058;2;17;13
2026;7;L058;2;18;16
2026;7;L058;2;19;19
2026;7;L058;2;20;6
2026;7;L058;2;21;2
2026;7;L058;3;8;6
2026;7;L058;3;9;8
2026;7;L058;3;10;24
2026;7;L058;3;11;27
2026;7;L058;3;12;16
2026;7;L058;3;13;11
2026;7;L058;3;14;9
2026;7;L058;3;15;15
2026;7;L058;3;16;26
2026;7;L058;3;17;10
2026;7;L058;3;18;13
2026;7;L058;3;19;7
2026;7;L058;3;20;7
2026;7;L058;3;21;3
2026;7;L058;4;8;6
2026;7;L058;4;9;7
2026;7;L058;4;10;16
2026;7;L058;4;11;17
2026;7;L058;4;12;18
2026;7;L058;4;13;24
2026;7;L058;4;14;6
2026;7;L058;4;15;10
2026;7;L058;4;16;16
2026;7;L058;4;17;21
2026;7;L058;4;18;29
2026;7;L058;4;19;16
2026;7;L058;4;20;5
2026;7;L058;4;21;3
2026;7;L058;5;8;12
2026;7;L058;5;9;16
2026;7;L058;5;10;24
2026;7;L058;5;11;21
2026;7;L058;5;12;18
2026;7;L058;5;13;14
2026;7;L058;5;14;9
2026;7;L058;5;15;13
2026;7;L058;5;16;15
2026;7;L058;5;17;16
2026;7;L058;5;18;17
2026;7;L058;5;19;14
2026;7;L058;5;20;6
2026;7;L058;5;21;3
2026;7;L058;6;8;3
2026;7;L058;6;9;4
2026;7;L058;6;10;7
2026;7;L058;6;11;9
2026;7;L058;6;12;7
2026;7;L058;6;13;5
2026;7;L058;6;14;4
2026;7;L058;6;15;5
2026;7;L058;6;16;7
2026;7;L058;6;17;10
2026;7;L058;6;18;9
2026;7;L058;6;19;6
2026;7;L058;6;20;2
2026;7;L058;6;21;1
2026;7;L058;7;9;1
2026;7;L058;7;10;1
2026;7;L058;7;11;1
2026;7;L058;7;12;1
2026;7;L058;7;13;1
2026;7;L058;7;14;1
2026;7;L058;7;16;1
2026;7;L058;7;17;1
2026;7;L058;7;18;1
2026;7;L058;7;19;1
2026;8;L058;1;8;5
2026;8;L058;1;9;13
2026;8;L058;1;10;13
2026;8;L058;1;11;21
2026;8;L058;1;12;14
2026;8;L058;1;13;13
2026;8;L058;1;14;6
2026;8;L058;1;15;16
2026;8;L058;1;16;14
2026;8;L058;1;17;16
2026;8;L058;1;18;27
2026;8;L058;1;19;15
2026;8;L058;1;20;8
2026;8;L058;1;21;2
2026;8;L058;2;8;4
2026;8;L058;2;9;15
2026;8;L058;2;10;25
2026;8;L058;2;11;30
2026;8;L058;2;12;27
2026;8;L058;2;13;11
2026;8;L058;2;14;8
2026;8;L058;2;15;10
2026;8;L058;2;16;13
2026;8;L058;2;17;16
2026;8;L058;2;18;19
2026;8;L058;2;19;12
2026;8;L058;2;20;5
2026;8;L058;2;21;2
2026;8;L058;3;8;6
2026;8;L058;3;9;7
2026;8;L058;3;10;15
2026;8;L058;3;11;24
2026;8;L058;3;12;12
2026;8;L058;3;13;12
2026;8;L058;3;14;12
2026;8;L058;3;15;13
2026;8;L058;3;16;14
2026;8;L058;3;17;18
2026;8;L058;3;18;15
2026;8;L058;3;19;15
2026;8;L058;3;20;5
2026;8;L058;3;21;2
2026;8;L058;4;8;8
2026;8;L058;4;9;16
2026;8;L058;4;10;15
2026;8;L058;4;11;11
2026;8;L058;4;12;14
2026;8;L058;4;13;18
2026;8;L058;4;14;10
2026;8;L058;4;15;7
2026;8;L058;4;16;18
2026;8;L058;4;17;17
2026;8;L058;4;18;13
2026;8;L058;4;19;15
2026;8;L058;4;20;6
2026;8;L058;4;21;2
2026;8;L058;5;8;7
2026;8;L058;5;9;14
2026;8;L058;5;10;19
2026;8;L058;5;11;21
2026;8;L058;5;12;17
2026;8;L058;5;13;12
2026;8;L058;5;14;8
2026;8;L058;5;15;7
2026;8;L058;5;16;21
2026;8;L058;5;17;33
2026;8;L058;5;18;23
2026;8;L058;5;19;9
2026;8;L058;5;20;6
2026;8;L058;5;21;2
2026;8;L058;6;8;3
2026;8;L058;6;9;4
2026;8;L058;6;10;9
2026;8;L058;6;11;7
2026;8;L058;6;12;10
2026;8;L058;6;13;5
2026;8;L058;6;14;4
2026;8;L058;6;15;4
2026;8;L058;6;16;7
2026;8;L058;6;17;7
2026;8;L058;6;18;7
2026;8;L058;6;19;7
2026;8;L058;6;20;2
2026;8;L058;6;21;1
2026;8;L058;7;10;1
2026;8;L058;7;11;1
2026;8;L058;7;12;1
2026;8;L058;7;13;1
2026;8;L058;7;15;1
2026;8;L058;7;16;1
2026;8;L058;7;17;1
2026;8;L058;7;18;1
2026;8;L058;7;19;1
2026;1;L060;1;8;4
2026;1;L060;1;9;3
2026;1;L060;1;10;6
2026;1;L060;1;11;9
2026;1;L060;1;12;8
2026;1;L060;1;13;4
2026;1;L060;1;14;3
2026;1;L060;1;15;3
2026;1;L060;1;16;7
2026;1;L060;1;17;4
2026;1;L060;1;18;9
2026;1;L060;1;19;6
2026;1;L060;1;20;3
2026;1;L060;1;21;1
2026;1;L060;2;8;2
2026;1;L060;2;9;6
2026;1;L060;2;10;5
2026;1;L060;2;11;4
2026;1;L060;2;12;5
2026;1;L060;2;13;4
2026;1;L060;2;14;2
2026;1;L060;2;15;3
2026;1;L060;2;16;6
2026;1;L060;2;17;9
2026;1;L060;2;18;5
2026;1;L060;2;19;5
2026;1;L060;2;20;3
2026;1;L060;2;21;1
2026;1;L060;3;8;2
2026;1;L060;3;9;6
2026;1;L060;3;10;6
2026;1;L060;3;11;6
2026;1;L060;3;12;4
2026;1;L060;3;13;3
2026;1;L060;3;14;2
2026;1;L060;3;15;4
2026;1;L060;3;16;4
2026;1;L060;3;17;7
2026;1;L060;3;18;6
2026;1;L060;3;19;4
2026;1;L060;3;20;2
2026;1;L060;3;21;1
2026;1;L060;4;8;3
2026;1;L060;4;9;4
2026;1;L060;4;10;6
2026;1;L060;4;11;10
2026;1;L060;4;12;5
2026;1;L060;4;13;5
2026;1;L060;4;14;4
2026;1;L060;4;15;5
2026;1;L060;4;16;4
2026;1;L060;4;17;3
2026;1;L060;4;18;4
2026;1;L060;4;19;6
2026;1;L060;4;20;2
2026;1;L060;4;21;1
2026;1;L060;5;8;2
2026;1;L060;5;9;8
2026;1;L060;5;10;6
2026;1;L060;5;11;11
2026;1;L060;5;12;8
2026;1;L060;5;13;6
2026;1;L060;5;14;4
2026;1;L060;5;15;3
2026;1;L060;5;16;6
2026;1;L060;5;17;9
2026;1;L060;5;18;7
2026;1;L060;5;19;5
2026;1;L060;5;20;2
2026;1;L060;5;21;1
2026;1;L060;6;8;1
2026;1;L060;6;9;2
2026;1;L060;6;10;3
2026;1;L060;6;11;5
2026;1;L060;6;12;2
2026;1;L060;6;13;2
2026;1;L060;6;14;1
2026;1;L060;6;15;2
2026;1;L060;6;16;3
2026;1;L060;6;17;3
2026;1;L060;6;18;3
2026;1;L060;6;19;2
2026;1;L060;6;20;1
2026;2;L060;1;8;2
2026;2;L060;1;9;3
2026;2;L060;1;10;6
2026;2;L060;1;11;12
2026;2;L060;1;12;5
2026;2;L060;1;13;6
2026;2;L060;1;14;3
2026;2;L060;1;15;5
2026;2;L060;1;16;5
2026;2;L060;1;17;6
2026;2;L060;1;18;9
2026;2;L060;1;19;4
2026;2;L060;1;20;2
2026;2;L060;1;21;1
2026;2;L060;2;8;2
2026;2;L060;2;9;3
2026;2;L060;2;10;6
2026;2;L060;2;11;6
2026;2;L060;2;12;4
2026;2;L060;2;13;4
2026;2;L060;2;14;2
2026;2;L060;2;15;3
2026;2;L060;2;16;5
2026;2;L060;2;17;5
2026;2;L060;2;18;5
2026;2;L060;2;19;5
2026;2;L060;2;20;2
2026;2;L060;2;21;1
2026;2;L060;3;8;3
2026;2;L060;3;9;8
2026;2;L060;3;10;6
2026;2;L060;3;11;10
2026;2;L060;3;12;7
2026;2;L060;3;13;5
2026;2;L060;3;14;3
2026;2;L060;3;15;4
2026;2;L060;3;16;7
2026;2;L060;3;17;7
2026;2;L060;3;18;4
2026;2;L060;3;19;4
2026;2;L060;3;20;2
2026;2;L060;3;21;1
2026;2;L060;4;8;2
2026;2;L060;4;9;4
2026;2;L060;4;10;4
2026;2;L060;4;11;6
2026;2;L060;4;12;6
2026;2;L060;4;13;4
2026;2;L060;4;14;3
2026;2;L060;4;15;3
2026;2;L060;4;16;4
2026;2;L060;4;17;7
2026;2;L060;4;18;12
2026;2;L060;4;19;3
2026;2;L060;4;20;2
2026;2;L060;4;21;1
2026;2;L060;5;8;2
2026;2;L060;5;9;7
2026;2;L060;5;10;10
2026;2;L060;5;11;8
2026;2;L060;5;12;6
2026;2;L060;5;13;4
2026;2;L060;5;14;2
2026;2;L060;5;15;4
2026;2;L060;5;16;7
2026;2;L060;5;17;7
2026;2;L060;5;18;7
2026;2;L060;5;19;4
2026;2;L060;5;20;2
2026;2;L060;5;21;1
2026;2;L060;6;8;1
2026;2;L060;6;9;2
2026;2;L060;6;10;4
2026;2;L060;6;11;3
2026;2;L060;6;12;1
2026;2;L060;6;13;2
2026;2;L060;6;14;1
2026;2;L060;6;15;2
2026;2;L060;6;16;3
2026;2;L060;6;17;2
2026;2;L060;6;18;2
2026;2;L060;6;19;1
2026;2;L060;6;20;1
2026;3;L060;1;8;3
2026;3;L060;1;9;7
2026;3;L060;1;10;7
2026;3;L060;1;11;7
2026;3;L060;1;12;5
2026;3;L060;1;13;5
2026;3;L060;1;14;2
2026;3;L060;1;15;3
2026;3;L060;1;16;7
2026;3;L060;1;17;9
2026;3;L060;1;18;6
2026;3;L060;1;19;5
2026;3;L060;1;20;3
2026;3;L060;1;21;1
2026;3;L060;2;8;2
2026;3;L060;2;9;6
2026;3;L060;2;10;8
2026;3;L060;2;11;8
2026;3;L060;2;12;7
2026;3;L060;2;13;5
2026;3;L060;2;14;4
2026;3;L060;2;15;4
2026;3;L060;2;16;7
2026;3;L060;2;17;8
2026;3;L060;2;18;9
2026;3;L060;2;19;7
2026;3;L060;2;20;3
2026;3;L060;2;21;1
2026;3;L060;3;8;2
2026;3;L060;3;9;7
2026;3;L060;3;10;8
2026;3;L060;3;11;8
2026;3;L060;3;12;11
2026;3;L060;3;13;8
2026;3;L060;3;14;4
2026;3;L060;3;15;5
2026;3;L060;3;16;5
2026;3;L060;3;17;4
2026;3;L060;3;18;14
2026;3;L060;3;19;7
2026;3;L060;3;20;4
2026;3;L060;3;21;1
2026;3;L060;4;8;2
2026;3;L060;4;9;4
2026;3;L060;4;10;6
2026;3;L060;4;11;10
2026;3;L060;4;12;4
2026;3;L060;4;13;6
2026;3;L060;4;14;3
2026;3;L060;4;15;4
2026;3;L060;4;16;7
2026;3;L060;4;17;6
2026;3;L060;4;18;4
2026;3;L060;4;19;5
2026;3;L060;4;20;4
2026;3;L060;4;21;1
2026;3;L060;5;8;4
2026;3;L060;5;9;6
2026;3;L060;5;10;6
2026;3;L060;5;11;8
2026;3;L060;5;12;8
2026;3;L060;5;13;6
2026;3;L060;5;14;2
2026;3;L060;5;15;6
2026;3;L060;5;16;9
2026;3;L060;5;17;4
2026;3;L060;5;18;9
2026;3;L060;5;19;4
2026;3;L060;5;20;3
2026;3;L060;5;21;1
2026;3;L060;6;8;1
2026;3;L060;6;9;1
2026;3;L060;6;10;3
2026;3;L060;6;11;3
2026;3;L060;6;12;4
2026;3;L060;6;13;2
2026;3;L060;6;14;1
2026;3;L060;6;15;2
2026;3;L060;6;16;3
2026;3;L060;6;17;3
2026;3;L060;6;18;3
2026;3;L060;6;19;3
2026;3;L060;6;20;1
2026;4;L060;1;8;2
2026;4;L060;1;9;5
2026;4;L060;1;10;9
2026;4;L060;1;11;10
2026;4;L060;1;12;6
2026;4;L060;1;13;7
2026;4;L060;1;14;4
2026;4;L060;1;15;3
2026;4;L060;1;16;6
2026;4;L060;1;17;7
2026;4;L060;1;18;6
2026;4;L060;1;19;3
2026;4;L060;1;20;2
2026;4;L060;1;21;1
2026;4;L060;2;8;3
2026;4;L060;2;9;5
2026;4;L060;2;10;5
2026;4;L060;2;11;5
2026;4;L060;2;12;7
2026;4;L060;2;13;5
2026;4;L060;2;14;3
2026;4;L060;2;15;4
2026;4;L060;2;16;4
2026;4;L060;2;17;9
2026;4;L060;2;18;6
2026;4;L060;2;19;6
2026;4;L060;2;20;2
2026;4;L060;2;21;1
2026;4;L060;3;8;2
2026;4;L060;3;9;4
2026;4;L060;3;10;7
2026;4;L060;3;11;6
2026;4;L060;3;12;4
2026;4;L060;3;13;4
2026;4;L060;3;14;4
2026;4;L060;3;15;5
2026;4;L060;3;16;6
2026;4;L060;3;17;5
2026;4;L060;3;18;6
2026;4;L060;3;19;4
2026;4;L060;3;20;2
2026;4;L060;3;21;1
2026;4;L060;4;8;4
2026;4;L060;4;9;4
2026;4;L060;4;10;8
2026;4;L060;4;11;9
2026;4;L060;4;12;6
2026;4;L060;4;13;5
2026;4;L060;4;14;4
2026;4;L060;4;15;4
2026;4;L060;4;16;7
2026;4;L060;4;17;5
2026;4;L060;4;18;6
2026;4;L060;4;19;5
2026;4;L060;4;20;3
2026;4;L060;4;21;1
2026;4;L060;5;8;2
2026;4;L060;5;9;5
2026;4;L060;5;10;9
2026;4;L060;5;11;6
2026;4;L060;5;12;8
2026;4;L060;5;13;7
2026;4;L060;5;14;3
2026;4;L060;5;15;5
2026;4;L060;5;16;9
2026;4;L060;5;17;11
2026;4;L060;5;18;7
2026;4;L060;5;19;9
2026;4;L060;5;20;2
2026;4;L060;5;21;1
2026;4;L060;6;8;1
2026;4;L060;6;9;2
2026;4;L060;6;10;2
2026;4;L060;6;11;2
2026;4;L060;6;12;5
2026;4;L060;6;13;2
2026;4;L060;6;14;1
2026;4;L060;6;15;2
2026;4;L060;6;16;3
2026;4;L060;6;17;2
2026;4;L060;6;18;2
2026;4;L060;6;19;2
2026;4;L060;6;20;1
2026;5;L060;1;8;2
2026;5;L060;1;9;4
2026;5;L060;1;10;5
2026;5;L060;1;11;7
2026;5;L060;1;12;8
2026;5;L060;1;13;6
2026;5;L060;1;14;2
2026;5;L060;1;15;7
2026;5;L060;1;16;9
2026;5;L060;1;17;6
2026;5;L060;1;18;8
2026;5;L060;1;19;5
2026;5;L060;1;20;3
2026;5;L060;1;21;1
2026;5;L060;2;8;3
2026;5;L060;2;9;3
2026;5;L060;2;10;5
2026;5;L060;2;11;6
2026;5;L060;2;12;6
2026;5;L060;2;13;4
2026;5;L060;2;14;2
2026;5;L060;2;15;7
2026;5;L060;2;16;6
2026;5;L060;2;17;8
2026;5;L060;2;18;8
2026;5;L060;2;19;5
2026;5;L060;2;20;2
2026;5;L060;2;21;1
2026;5;L060;3;8;2
2026;5;L060;3;9;5
2026;5;L060;3;10;6
2026;5;L060;3;11;5
2026;5;L060;3;12;7
2026;5;L060;3;13;7
2026;5;L060;3;14;3
2026;5;L060;3;15;4
2026;5;L060;3;16;5
2026;5;L060;3;17;9
2026;5;L060;3;18;8
2026;5;L060;3;19;6
2026;5;L060;3;20;1
2026;5;L060;3;21;1
2026;5;L060;4;8;2
2026;5;L060;4;9;8
2026;5;L060;4;10;11
2026;5;L060;4;11;8
2026;5;L060;4;12;7
2026;5;L060;4;13;6
2026;5;L060;4;14;3
2026;5;L060;4;15;4
2026;5;L060;4;16;6
2026;5;L060;4;17;9
2026;5;L060;4;18;6
2026;5;L060;4;19;5
2026;5;L060;4;20;2
2026;5;L060;4;21;1
2026;5;L060;5;8;3
2026;5;L060;5;9;5
2026;5;L060;5;10;7
2026;5;L060;5;11;8
2026;5;L060;5;12;9
2026;5;L060;5;13;5
2026;5;L060;5;14;3
2026;5;L060;5;15;5
2026;5;L060;5;16;13
2026;5;L060;5;17;7
2026;5;L060;5;18;14
2026;5;L060;5;19;9
2026;5;L060;5;20;2
2026;5;L060;5;21;2
2026;5;L060;6;8;1
2026;5;L060;6;9;3
2026;5;L060;6;10;3
2026;5;L060;6;11;4
2026;5;L060;6;12;2
2026;5;L060;6;13;2
2026;5;L060;6;14;1
2026;5;L060;6;15;2
2026;5;L060;6;16;3
2026;5;L060;6;17;3
2026;5;L060;6;18;3
2026;5;L060;6;19;2
2026;5;L060;6;20;1
2026;6;L060;1;8;3
2026;6;L060;1;9;6
2026;6;L060;1;10;9
2026;6;L060;1;11;9
2026;6;L060;1;12;8
2026;6;L060;1;13;6
2026;6;L060;1;14;4
2026;6;L060;1;15;3
2026;6;L060;1;16;6
2026;6;L060;1;17;10
2026;6;L060;1;18;6
2026;6;L060;1;19;8
2026;6;L060;1;20;3
2026;6;L060;1;21;2
2026;6;L060;2;8;3
2026;6;L060;2;9;5
2026;6;L060;2;10;5
2026;6;L060;2;11;7
2026;6;L060;2;12;10
2026;6;L060;2;13;6
2026;6;L060;2;14;2
2026;6;L060;2;15;4
2026;6;L060;2;16;4
2026;6;L060;2;17;8
2026;6;L060;2;18;8
2026;6;L060;2;19;5
2026;6;L060;2;20;3
2026;6;L060;2;21;1
2026;6;L060;3;8;2
2026;6;L060;3;9;6
2026;6;L060;3;10;8
2026;6;L060;3;11;12
2026;6;L060;3;12;11
2026;6;L060;3;13;8
2026;6;L060;3;14;2
2026;6;L060;3;15;4
2026;6;L060;3;16;8
2026;6;L060;3;17;9
2026;6;L060;3;18;7
2026;6;L060;3;19;8
2026;6;L060;3;20;2
2026;6;L060;3;21;1
2026;6;L060;4;8;3
2026;6;L060;4;9;6
2026;6;L060;4;10;7
2026;6;L060;4;11;9
2026;6;L060;4;12;9
2026;6;L060;4;13;9
2026;6;L060;4;14;3
2026;6;L060;4;15;6
2026;6;L060;4;16;9
2026;6;L060;4;17;7
2026;6;L060;4;18;9
2026;6;L060;4;19;6
2026;6;L060;4;20;2
2026;6;L060;4;21;1
2026;6;L060;5;8;2
2026;6;L060;5;9;7
2026;6;L060;5;10;9
2026;6;L060;5;11;7
2026;6;L060;5;12;7
2026;6;L060;5;13;7
2026;6;L060;5;14;5
2026;6;L060;5;15;6
2026;6;L060;5;16;6
2026;6;L060;5;17;10
2026;6;L060;5;18;5
2026;6;L060;5;19;7
2026;6;L060;5;20;2
2026;6;L060;5;21;1
2026;6;L060;6;8;1
2026;6;L060;6;9;3
2026;6;L060;6;10;3
2026;6;L060;6;11;3
2026;6;L060;6;12;3
2026;6;L060;6;13;5
2026;6;L060;6;14;1
2026;6;L060;6;15;2
2026;6;L060;6;16;2
2026;6;L060;6;17;2
2026;6;L060;6;18;2
2026;6;L060;6;19;3
2026;6;L060;6;20;1
2026;6;L060;6;21;1
2026;6;L060;7;16;1
2026;7;L060;1;8;3
2026;7;L060;1;9;4
2026;7;L060;1;10;7
2026;7;L060;1;11;10
2026;7;L060;1;12;6
2026;7;L060;1;13;6
2026;7;L060;1;14;4
2026;7;L060;1;15;7
2026;7;L060;1;16;6
2026;7;L060;1;17;8
2026;7;L060;1;18;10
2026;7;L060;1;19;5
2026;7;L060;1;20;2
2026;7;L060;1;21;1
2026;7;L060;2;8;3
2026;7;L060;2;9;5
2026;7;L060;2;10;12
2026;7;L060;2;11;7
2026;7;L060;2;12;6
2026;7;L060;2;13;7
2026;7;L060;2;14;4
2026;7;L060;2;15;5
2026;7;L060;2;16;4
2026;7;L060;2;17;7
2026;7;L060;2;18;12
2026;7;L060;2;19;6
2026;7;L060;2;20;3
2026;7;L060;2;21;1
2026;7;L060;3;8;2
2026;7;L060;3;9;5
2026;7;L060;3;10;9
2026;7;L060;3;11;10
2026;7;L060;3;12;3
2026;7;L060;3;13;4
2026;7;L060;3;14;4
2026;7;L060;3;15;3
2026;7;L060;3;16;7
2026;7;L060;3;17;7
2026;7;L060;3;18;7
2026;7;L060;3;19;3
2026;7;L060;3;20;2
2026;7;L060;3;21;1
2026;7;L060;4;8;2
2026;7;L060;4;9;4
2026;7;L060;4;10;5
2026;7;L060;4;11;6
2026;7;L060;4;12;6
2026;7;L060;4;13;4
2026;7;L060;4;14;3
2026;7;L060;4;15;5
2026;7;L060;4;16;7
2026;7;L060;4;17;9
2026;7;L060;4;18;11
2026;7;L060;4;19;5
2026;7;L060;4;20;3
2026;7;L060;4;21;1
2026;7;L060;5;8;3
2026;7;L060;5;9;5
2026;7;L060;5;10;8
2026;7;L060;5;11;5
2026;7;L060;5;12;7
2026;7;L060;5;13;13
2026;7;L060;5;14;4
2026;7;L060;5;15;5
2026;7;L060;5;16;13
2026;7;L060;5;17;10
2026;7;L060;5;18;10
2026;7;L060;5;19;5
2026;7;L060;5;20;2
2026;7;L060;5;21;1
2026;7;L060;6;8;1
2026;7;L060;6;9;3
2026;7;L060;6;10;3
2026;7;L060;6;11;3
2026;7;L060;6;12;2
2026;7;L060;6;13;2
2026;7;L060;6;14;2
2026;7;L060;6;15;2
2026;7;L060;6;16;3
2026;7;L060;6;17;3
2026;7;L060;6;18;3
2026;7;L060;6;19;2
2026;7;L060;6;20;1
2026;7;L060;7;16;1
2026;8;L060;1;8;3
2026;8;L060;1;9;5
2026;8;L060;1;10;7
2026;8;L060;1;11;8
2026;8;L060;1;12;9
2026;8;L060;1;13;4
2026;8;L060;1;14;3
2026;8;L060;1;15;4
2026;8;L060;1;16;5
2026;8;L060;1;17;6
2026;8;L060;1;18;7
2026;8;L060;1;19;5
2026;8;L060;1;20;4
2026;8;L060;1;21;1
2026;8;L060;2;8;2
2026;8;L060;2;9;5
2026;8;L060;2;10;6
2026;8;L060;2;11;10
2026;8;L060;2;12;6
2026;8;L060;2;13;8
2026;8;L060;2;14;4
2026;8;L060;2;15;4
2026;8;L060;2;16;15
2026;8;L060;2;17;5
2026;8;L060;2;18;8
2026;8;L060;2;19;8
2026;8;L060;2;20;3
2026;8;L060;2;21;1
2026;8;L060;3;8;4
2026;8;L060;3;9;7
2026;8;L060;3;10;9
2026;8;L060;3;11;6
2026;8;L060;3;12;7
2026;8;L060;3;13;6
2026;8;L060;3;14;3
2026;8;L060;3;15;5
2026;8;L060;3;16;9
2026;8;L060;3;17;7
2026;8;L060;3;18;9
2026;8;L060;3;19;4
2026;8;L060;3;20;3
2026;8;L060;3;21;1
2026;8;L060;4;8;2
2026;8;L060;4;9;4
2026;8;L060;4;10;5
2026;8;L060;4;11;6
2026;8;L060;4;12;8
2026;8;L060;4;13;7
2026;8;L060;4;14;4
2026;8;L060;4;15;3
2026;8;L060;4;16;6
2026;8;L060;4;17;9
2026;8;L060;4;18;7
2026;8;L060;4;19;5
2026;8;L060;4;20;3
2026;8;L060;4;21;1
2026;8;L060;5;8;1
2026;8;L060;5;9;7
2026;8;L060;5;10;8
2026;8;L060;5;11;8
2026;8;L060;5;12;11
2026;8;L060;5;13;8
2026;8;L060;5;14;3
2026;8;L060;5;15;5
2026;8;L060;5;16;6
2026;8;L060;5;17;8
2026;8;L060;5;18;7
2026;8;L060;5;19;7
2026;8;L060;5;20;3
2026;8;L060;5;21;1
2026;8;L060;6;8;1
2026;8;L060;6;9;4
2026;8;L060;6;10;3
2026;8;L060;6;11;3
2026;8;L060;6;12;3
2026;8;L060;6;13;3
2026;8;L060;6;14;1
2026;8;L060;6;15;2
2026;8;L060;6;16;2
2026;8;L060;6;17;4
2026;8;L060;6;18;2
2026;8;L060;6;19;1
2026;8;L060;6;20;1
